original_id,original_data_type,title,L1_cluster_id,L1_cluster_title,L2_cluster_id,L2_cluster_title
0,numeric,Numeric: ID 0,7043,"Older, Fewer Partners, Gender Skewed",7047,"Diverse Demographics, Average Customer Base"
1,numeric,Numeric: ID 1,7043,"Older, Fewer Partners, Gender Skewed",7047,"Diverse Demographics, Average Customer Base"
2,numeric,Numeric: ID 2,7043,"Older, Fewer Partners, Gender Skewed",7047,"Diverse Demographics, Average Customer Base"
3,numeric,Numeric: ID 3,7043,"Older, Fewer Partners, Gender Skewed",7047,"Diverse Demographics, Average Customer Base"
4,numeric,Numeric: ID 4,7043,"Older, Fewer Partners, Gender Skewed",7047,"Diverse Demographics, Average Customer Base"
5,numeric,Numeric: ID 5,7043,"Older, Fewer Partners, Gender Skewed",7047,"Diverse Demographics, Average Customer Base"
6,numeric,Numeric: ID 6,7044,"Balanced Demographics, Average Customer",7047,"Diverse Demographics, Average Customer Base"
7,numeric,Numeric: ID 7,7045,"Younger, Fewer Partners, Gender Balanced",7048,"Younger, Single Customers: Engagement Focus"
8,numeric,Numeric: ID 8,7043,"Older, Fewer Partners, Gender Skewed",7047,"Diverse Demographics, Average Customer Base"
9,numeric,Numeric: ID 9,7044,"Balanced Demographics, Average Customer",7047,"Diverse Demographics, Average Customer Base"
10,numeric,Numeric: ID 10,7043,"Older, Fewer Partners, Gender Skewed",7047,"Diverse Demographics, Average Customer Base"
11,numeric,Numeric: ID 11,7043,"Older, Fewer Partners, Gender Skewed",7047,"Diverse Demographics, Average Customer Base"
12,numeric,Numeric: ID 12,7043,"Older, Fewer Partners, Gender Skewed",7047,"Diverse Demographics, Average Customer Base"
13,numeric,Numeric: ID 13,7043,"Older, Fewer Partners, Gender Skewed",7047,"Diverse Demographics, Average Customer Base"
14,numeric,Numeric: ID 14,7043,"Older, Fewer Partners, Gender Skewed",7047,"Diverse Demographics, Average Customer Base"
15,numeric,Numeric: ID 15,7043,"Older, Fewer Partners, Gender Skewed",7047,"Diverse Demographics, Average Customer Base"
16,numeric,Numeric: ID 16,7043,"Older, Fewer Partners, Gender Skewed",7047,"Diverse Demographics, Average Customer Base"
17,numeric,Numeric: ID 17,7043,"Older, Fewer Partners, Gender Skewed",7047,"Diverse Demographics, Average Customer Base"
18,numeric,Numeric: ID 18,7043,"Older, Fewer Partners, Gender Skewed",7047,"Diverse Demographics, Average Customer Base"
19,numeric,Numeric: ID 19,7043,"Older, Fewer Partners, Gender Skewed",7047,"Diverse Demographics, Average Customer Base"
20,numeric,Numeric: ID 20,7043,"Older, Fewer Partners, Gender Skewed",7047,"Diverse Demographics, Average Customer Base"
21,numeric,Numeric: ID 21,7043,"Older, Fewer Partners, Gender Skewed",7047,"Diverse Demographics, Average Customer Base"
22,numeric,Numeric: ID 22,7045,"Younger, Fewer Partners, Gender Balanced",7048,"Younger, Single Customers: Engagement Focus"
23,numeric,Numeric: ID 23,7043,"Older, Fewer Partners, Gender Skewed",7047,"Diverse Demographics, Average Customer Base"
24,numeric,Numeric: ID 24,7043,"Older, Fewer Partners, Gender Skewed",7047,"Diverse Demographics, Average Customer Base"
25,numeric,Numeric: ID 25,7043,"Older, Fewer Partners, Gender Skewed",7047,"Diverse Demographics, Average Customer Base"
26,numeric,Numeric: ID 26,7043,"Older, Fewer Partners, Gender Skewed",7047,"Diverse Demographics, Average Customer Base"
27,numeric,Numeric: ID 27,7043,"Older, Fewer Partners, Gender Skewed",7047,"Diverse Demographics, Average Customer Base"
28,numeric,Numeric: ID 28,7043,"Older, Fewer Partners, Gender Skewed",7047,"Diverse Demographics, Average Customer Base"
29,numeric,Numeric: ID 29,7043,"Older, Fewer Partners, Gender Skewed",7047,"Diverse Demographics, Average Customer Base"
30,numeric,Numeric: ID 30,7044,"Balanced Demographics, Average Customer",7047,"Diverse Demographics, Average Customer Base"
31,numeric,Numeric: ID 31,7044,"Balanced Demographics, Average Customer",7047,"Diverse Demographics, Average Customer Base"
32,numeric,Numeric: ID 32,7043,"Older, Fewer Partners, Gender Skewed",7047,"Diverse Demographics, Average Customer Base"
33,numeric,Numeric: ID 33,7043,"Older, Fewer Partners, Gender Skewed",7047,"Diverse Demographics, Average Customer Base"
34,numeric,Numeric: ID 34,7043,"Older, Fewer Partners, Gender Skewed",7047,"Diverse Demographics, Average Customer Base"
35,numeric,Numeric: ID 35,7043,"Older, Fewer Partners, Gender Skewed",7047,"Diverse Demographics, Average Customer Base"
36,numeric,Numeric: ID 36,7043,"Older, Fewer Partners, Gender Skewed",7047,"Diverse Demographics, Average Customer Base"
37,numeric,Numeric: ID 37,7043,"Older, Fewer Partners, Gender Skewed",7047,"Diverse Demographics, Average Customer Base"
38,numeric,Numeric: ID 38,7043,"Older, Fewer Partners, Gender Skewed",7047,"Diverse Demographics, Average Customer Base"
39,numeric,Numeric: ID 39,7044,"Balanced Demographics, Average Customer",7047,"Diverse Demographics, Average Customer Base"
40,numeric,Numeric: ID 40,7043,"Older, Fewer Partners, Gender Skewed",7047,"Diverse Demographics, Average Customer Base"
41,numeric,Numeric: ID 41,7043,"Older, Fewer Partners, Gender Skewed",7047,"Diverse Demographics, Average Customer Base"
42,numeric,Numeric: ID 42,7043,"Older, Fewer Partners, Gender Skewed",7047,"Diverse Demographics, Average Customer Base"
43,numeric,Numeric: ID 43,7043,"Older, Fewer Partners, Gender Skewed",7047,"Diverse Demographics, Average Customer Base"
44,numeric,Numeric: ID 44,7044,"Balanced Demographics, Average Customer",7047,"Diverse Demographics, Average Customer Base"
45,numeric,Numeric: ID 45,7043,"Older, Fewer Partners, Gender Skewed",7047,"Diverse Demographics, Average Customer Base"
46,numeric,Numeric: ID 46,7043,"Older, Fewer Partners, Gender Skewed",7047,"Diverse Demographics, Average Customer Base"
47,numeric,Numeric: ID 47,7044,"Balanced Demographics, Average Customer",7047,"Diverse Demographics, Average Customer Base"
48,numeric,Numeric: ID 48,7043,"Older, Fewer Partners, Gender Skewed",7047,"Diverse Demographics, Average Customer Base"
49,numeric,Numeric: ID 49,7043,"Older, Fewer Partners, Gender Skewed",7047,"Diverse Demographics, Average Customer Base"
50,numeric,Numeric: ID 50,7043,"Older, Fewer Partners, Gender Skewed",7047,"Diverse Demographics, Average Customer Base"
51,numeric,Numeric: ID 51,7043,"Older, Fewer Partners, Gender Skewed",7047,"Diverse Demographics, Average Customer Base"
52,numeric,Numeric: ID 52,7043,"Older, Fewer Partners, Gender Skewed",7047,"Diverse Demographics, Average Customer Base"
53,numeric,Numeric: ID 53,7043,"Older, Fewer Partners, Gender Skewed",7047,"Diverse Demographics, Average Customer Base"
54,numeric,Numeric: ID 54,7043,"Older, Fewer Partners, Gender Skewed",7047,"Diverse Demographics, Average Customer Base"
55,numeric,Numeric: ID 55,7043,"Older, Fewer Partners, Gender Skewed",7047,"Diverse Demographics, Average Customer Base"
56,numeric,Numeric: ID 56,7043,"Older, Fewer Partners, Gender Skewed",7047,"Diverse Demographics, Average Customer Base"
57,numeric,Numeric: ID 57,7043,"Older, Fewer Partners, Gender Skewed",7047,"Diverse Demographics, Average Customer Base"
58,numeric,Numeric: ID 58,7043,"Older, Fewer Partners, Gender Skewed",7047,"Diverse Demographics, Average Customer Base"
59,numeric,Numeric: ID 59,7043,"Older, Fewer Partners, Gender Skewed",7047,"Diverse Demographics, Average Customer Base"
60,numeric,Numeric: ID 60,7043,"Older, Fewer Partners, Gender Skewed",7047,"Diverse Demographics, Average Customer Base"
61,numeric,Numeric: ID 61,7044,"Balanced Demographics, Average Customer",7047,"Diverse Demographics, Average Customer Base"
62,numeric,Numeric: ID 62,7043,"Older, Fewer Partners, Gender Skewed",7047,"Diverse Demographics, Average Customer Base"
63,numeric,Numeric: ID 63,7044,"Balanced Demographics, Average Customer",7047,"Diverse Demographics, Average Customer Base"
64,numeric,Numeric: ID 64,7043,"Older, Fewer Partners, Gender Skewed",7047,"Diverse Demographics, Average Customer Base"
65,numeric,Numeric: ID 65,7045,"Younger, Fewer Partners, Gender Balanced",7048,"Younger, Single Customers: Engagement Focus"
66,numeric,Numeric: ID 66,7043,"Older, Fewer Partners, Gender Skewed",7047,"Diverse Demographics, Average Customer Base"
67,numeric,Numeric: ID 67,7044,"Balanced Demographics, Average Customer",7047,"Diverse Demographics, Average Customer Base"
68,numeric,Numeric: ID 68,7043,"Older, Fewer Partners, Gender Skewed",7047,"Diverse Demographics, Average Customer Base"
69,numeric,Numeric: ID 69,7043,"Older, Fewer Partners, Gender Skewed",7047,"Diverse Demographics, Average Customer Base"
70,numeric,Numeric: ID 70,7043,"Older, Fewer Partners, Gender Skewed",7047,"Diverse Demographics, Average Customer Base"
71,numeric,Numeric: ID 71,7043,"Older, Fewer Partners, Gender Skewed",7047,"Diverse Demographics, Average Customer Base"
72,numeric,Numeric: ID 72,7043,"Older, Fewer Partners, Gender Skewed",7047,"Diverse Demographics, Average Customer Base"
73,numeric,Numeric: ID 73,7043,"Older, Fewer Partners, Gender Skewed",7047,"Diverse Demographics, Average Customer Base"
74,numeric,Numeric: ID 74,7043,"Older, Fewer Partners, Gender Skewed",7047,"Diverse Demographics, Average Customer Base"
75,numeric,Numeric: ID 75,7043,"Older, Fewer Partners, Gender Skewed",7047,"Diverse Demographics, Average Customer Base"
76,numeric,Numeric: ID 76,7043,"Older, Fewer Partners, Gender Skewed",7047,"Diverse Demographics, Average Customer Base"
77,numeric,Numeric: ID 77,7043,"Older, Fewer Partners, Gender Skewed",7047,"Diverse Demographics, Average Customer Base"
78,numeric,Numeric: ID 78,7043,"Older, Fewer Partners, Gender Skewed",7047,"Diverse Demographics, Average Customer Base"
79,numeric,Numeric: ID 79,7043,"Older, Fewer Partners, Gender Skewed",7047,"Diverse Demographics, Average Customer Base"
80,numeric,Numeric: ID 80,7043,"Older, Fewer Partners, Gender Skewed",7047,"Diverse Demographics, Average Customer Base"
81,numeric,Numeric: ID 81,7043,"Older, Fewer Partners, Gender Skewed",7047,"Diverse Demographics, Average Customer Base"
82,numeric,Numeric: ID 82,7043,"Older, Fewer Partners, Gender Skewed",7047,"Diverse Demographics, Average Customer Base"
83,numeric,Numeric: ID 83,7043,"Older, Fewer Partners, Gender Skewed",7047,"Diverse Demographics, Average Customer Base"
84,numeric,Numeric: ID 84,7043,"Older, Fewer Partners, Gender Skewed",7047,"Diverse Demographics, Average Customer Base"
85,numeric,Numeric: ID 85,7043,"Older, Fewer Partners, Gender Skewed",7047,"Diverse Demographics, Average Customer Base"
86,numeric,Numeric: ID 86,7043,"Older, Fewer Partners, Gender Skewed",7047,"Diverse Demographics, Average Customer Base"
87,numeric,Numeric: ID 87,7043,"Older, Fewer Partners, Gender Skewed",7047,"Diverse Demographics, Average Customer Base"
88,numeric,Numeric: ID 88,7043,"Older, Fewer Partners, Gender Skewed",7047,"Diverse Demographics, Average Customer Base"
89,numeric,Numeric: ID 89,7043,"Older, Fewer Partners, Gender Skewed",7047,"Diverse Demographics, Average Customer Base"
90,numeric,Numeric: ID 90,7043,"Older, Fewer Partners, Gender Skewed",7047,"Diverse Demographics, Average Customer Base"
91,numeric,Numeric: ID 91,7044,"Balanced Demographics, Average Customer",7047,"Diverse Demographics, Average Customer Base"
92,numeric,Numeric: ID 92,7043,"Older, Fewer Partners, Gender Skewed",7047,"Diverse Demographics, Average Customer Base"
93,numeric,Numeric: ID 93,7044,"Balanced Demographics, Average Customer",7047,"Diverse Demographics, Average Customer Base"
94,numeric,Numeric: ID 94,7043,"Older, Fewer Partners, Gender Skewed",7047,"Diverse Demographics, Average Customer Base"
95,numeric,Numeric: ID 95,7043,"Older, Fewer Partners, Gender Skewed",7047,"Diverse Demographics, Average Customer Base"
96,numeric,Numeric: ID 96,7043,"Older, Fewer Partners, Gender Skewed",7047,"Diverse Demographics, Average Customer Base"
97,numeric,Numeric: ID 97,7043,"Older, Fewer Partners, Gender Skewed",7047,"Diverse Demographics, Average Customer Base"
98,numeric,Numeric: ID 98,7043,"Older, Fewer Partners, Gender Skewed",7047,"Diverse Demographics, Average Customer Base"
99,numeric,Numeric: ID 99,7045,"Younger, Fewer Partners, Gender Balanced",7048,"Younger, Single Customers: Engagement Focus"
100,numeric,Numeric: ID 100,7043,"Older, Fewer Partners, Gender Skewed",7047,"Diverse Demographics, Average Customer Base"
101,numeric,Numeric: ID 101,7043,"Older, Fewer Partners, Gender Skewed",7047,"Diverse Demographics, Average Customer Base"
102,numeric,Numeric: ID 102,7043,"Older, Fewer Partners, Gender Skewed",7047,"Diverse Demographics, Average Customer Base"
103,numeric,Numeric: ID 103,7045,"Younger, Fewer Partners, Gender Balanced",7048,"Younger, Single Customers: Engagement Focus"
104,numeric,Numeric: ID 104,7045,"Younger, Fewer Partners, Gender Balanced",7048,"Younger, Single Customers: Engagement Focus"
105,numeric,Numeric: ID 105,7043,"Older, Fewer Partners, Gender Skewed",7047,"Diverse Demographics, Average Customer Base"
106,numeric,Numeric: ID 106,7043,"Older, Fewer Partners, Gender Skewed",7047,"Diverse Demographics, Average Customer Base"
107,numeric,Numeric: ID 107,7043,"Older, Fewer Partners, Gender Skewed",7047,"Diverse Demographics, Average Customer Base"
108,numeric,Numeric: ID 108,7045,"Younger, Fewer Partners, Gender Balanced",7048,"Younger, Single Customers: Engagement Focus"
109,numeric,Numeric: ID 109,7043,"Older, Fewer Partners, Gender Skewed",7047,"Diverse Demographics, Average Customer Base"
110,numeric,Numeric: ID 110,7043,"Older, Fewer Partners, Gender Skewed",7047,"Diverse Demographics, Average Customer Base"
111,numeric,Numeric: ID 111,7043,"Older, Fewer Partners, Gender Skewed",7047,"Diverse Demographics, Average Customer Base"
112,numeric,Numeric: ID 112,7043,"Older, Fewer Partners, Gender Skewed",7047,"Diverse Demographics, Average Customer Base"
113,numeric,Numeric: ID 113,7043,"Older, Fewer Partners, Gender Skewed",7047,"Diverse Demographics, Average Customer Base"
114,numeric,Numeric: ID 114,7043,"Older, Fewer Partners, Gender Skewed",7047,"Diverse Demographics, Average Customer Base"
115,numeric,Numeric: ID 115,7043,"Older, Fewer Partners, Gender Skewed",7047,"Diverse Demographics, Average Customer Base"
116,numeric,Numeric: ID 116,7043,"Older, Fewer Partners, Gender Skewed",7047,"Diverse Demographics, Average Customer Base"
117,numeric,Numeric: ID 117,7043,"Older, Fewer Partners, Gender Skewed",7047,"Diverse Demographics, Average Customer Base"
118,numeric,Numeric: ID 118,7043,"Older, Fewer Partners, Gender Skewed",7047,"Diverse Demographics, Average Customer Base"
119,numeric,Numeric: ID 119,7043,"Older, Fewer Partners, Gender Skewed",7047,"Diverse Demographics, Average Customer Base"
120,numeric,Numeric: ID 120,7043,"Older, Fewer Partners, Gender Skewed",7047,"Diverse Demographics, Average Customer Base"
121,numeric,Numeric: ID 121,7044,"Balanced Demographics, Average Customer",7047,"Diverse Demographics, Average Customer Base"
122,numeric,Numeric: ID 122,7043,"Older, Fewer Partners, Gender Skewed",7047,"Diverse Demographics, Average Customer Base"
123,numeric,Numeric: ID 123,7043,"Older, Fewer Partners, Gender Skewed",7047,"Diverse Demographics, Average Customer Base"
124,numeric,Numeric: ID 124,7043,"Older, Fewer Partners, Gender Skewed",7047,"Diverse Demographics, Average Customer Base"
125,numeric,Numeric: ID 125,7044,"Balanced Demographics, Average Customer",7047,"Diverse Demographics, Average Customer Base"
126,numeric,Numeric: ID 126,7044,"Balanced Demographics, Average Customer",7047,"Diverse Demographics, Average Customer Base"
127,numeric,Numeric: ID 127,7043,"Older, Fewer Partners, Gender Skewed",7047,"Diverse Demographics, Average Customer Base"
128,numeric,Numeric: ID 128,7043,"Older, Fewer Partners, Gender Skewed",7047,"Diverse Demographics, Average Customer Base"
129,numeric,Numeric: ID 129,7043,"Older, Fewer Partners, Gender Skewed",7047,"Diverse Demographics, Average Customer Base"
130,numeric,Numeric: ID 130,7043,"Older, Fewer Partners, Gender Skewed",7047,"Diverse Demographics, Average Customer Base"
131,numeric,Numeric: ID 131,7043,"Older, Fewer Partners, Gender Skewed",7047,"Diverse Demographics, Average Customer Base"
132,numeric,Numeric: ID 132,7043,"Older, Fewer Partners, Gender Skewed",7047,"Diverse Demographics, Average Customer Base"
133,numeric,Numeric: ID 133,7043,"Older, Fewer Partners, Gender Skewed",7047,"Diverse Demographics, Average Customer Base"
134,numeric,Numeric: ID 134,7043,"Older, Fewer Partners, Gender Skewed",7047,"Diverse Demographics, Average Customer Base"
135,numeric,Numeric: ID 135,7043,"Older, Fewer Partners, Gender Skewed",7047,"Diverse Demographics, Average Customer Base"
136,numeric,Numeric: ID 136,7043,"Older, Fewer Partners, Gender Skewed",7047,"Diverse Demographics, Average Customer Base"
137,numeric,Numeric: ID 137,7043,"Older, Fewer Partners, Gender Skewed",7047,"Diverse Demographics, Average Customer Base"
138,numeric,Numeric: ID 138,7044,"Balanced Demographics, Average Customer",7047,"Diverse Demographics, Average Customer Base"
139,numeric,Numeric: ID 139,7043,"Older, Fewer Partners, Gender Skewed",7047,"Diverse Demographics, Average Customer Base"
140,numeric,Numeric: ID 140,7043,"Older, Fewer Partners, Gender Skewed",7047,"Diverse Demographics, Average Customer Base"
141,numeric,Numeric: ID 141,7043,"Older, Fewer Partners, Gender Skewed",7047,"Diverse Demographics, Average Customer Base"
142,numeric,Numeric: ID 142,7043,"Older, Fewer Partners, Gender Skewed",7047,"Diverse Demographics, Average Customer Base"
143,numeric,Numeric: ID 143,7045,"Younger, Fewer Partners, Gender Balanced",7048,"Younger, Single Customers: Engagement Focus"
144,numeric,Numeric: ID 144,7043,"Older, Fewer Partners, Gender Skewed",7047,"Diverse Demographics, Average Customer Base"
145,numeric,Numeric: ID 145,7043,"Older, Fewer Partners, Gender Skewed",7047,"Diverse Demographics, Average Customer Base"
146,numeric,Numeric: ID 146,7043,"Older, Fewer Partners, Gender Skewed",7047,"Diverse Demographics, Average Customer Base"
147,numeric,Numeric: ID 147,7043,"Older, Fewer Partners, Gender Skewed",7047,"Diverse Demographics, Average Customer Base"
148,numeric,Numeric: ID 148,7043,"Older, Fewer Partners, Gender Skewed",7047,"Diverse Demographics, Average Customer Base"
149,numeric,Numeric: ID 149,7044,"Balanced Demographics, Average Customer",7047,"Diverse Demographics, Average Customer Base"
150,numeric,Numeric: ID 150,7043,"Older, Fewer Partners, Gender Skewed",7047,"Diverse Demographics, Average Customer Base"
151,numeric,Numeric: ID 151,7045,"Younger, Fewer Partners, Gender Balanced",7048,"Younger, Single Customers: Engagement Focus"
152,numeric,Numeric: ID 152,7043,"Older, Fewer Partners, Gender Skewed",7047,"Diverse Demographics, Average Customer Base"
153,numeric,Numeric: ID 153,7043,"Older, Fewer Partners, Gender Skewed",7047,"Diverse Demographics, Average Customer Base"
154,numeric,Numeric: ID 154,7043,"Older, Fewer Partners, Gender Skewed",7047,"Diverse Demographics, Average Customer Base"
155,numeric,Numeric: ID 155,7043,"Older, Fewer Partners, Gender Skewed",7047,"Diverse Demographics, Average Customer Base"
156,numeric,Numeric: ID 156,7043,"Older, Fewer Partners, Gender Skewed",7047,"Diverse Demographics, Average Customer Base"
157,numeric,Numeric: ID 157,7043,"Older, Fewer Partners, Gender Skewed",7047,"Diverse Demographics, Average Customer Base"
158,numeric,Numeric: ID 158,7043,"Older, Fewer Partners, Gender Skewed",7047,"Diverse Demographics, Average Customer Base"
159,numeric,Numeric: ID 159,7043,"Older, Fewer Partners, Gender Skewed",7047,"Diverse Demographics, Average Customer Base"
160,numeric,Numeric: ID 160,7043,"Older, Fewer Partners, Gender Skewed",7047,"Diverse Demographics, Average Customer Base"
161,numeric,Numeric: ID 161,7043,"Older, Fewer Partners, Gender Skewed",7047,"Diverse Demographics, Average Customer Base"
162,numeric,Numeric: ID 162,7043,"Older, Fewer Partners, Gender Skewed",7047,"Diverse Demographics, Average Customer Base"
163,numeric,Numeric: ID 163,7043,"Older, Fewer Partners, Gender Skewed",7047,"Diverse Demographics, Average Customer Base"
164,numeric,Numeric: ID 164,7045,"Younger, Fewer Partners, Gender Balanced",7048,"Younger, Single Customers: Engagement Focus"
165,numeric,Numeric: ID 165,7045,"Younger, Fewer Partners, Gender Balanced",7048,"Younger, Single Customers: Engagement Focus"
166,numeric,Numeric: ID 166,7044,"Balanced Demographics, Average Customer",7047,"Diverse Demographics, Average Customer Base"
167,numeric,Numeric: ID 167,7043,"Older, Fewer Partners, Gender Skewed",7047,"Diverse Demographics, Average Customer Base"
168,numeric,Numeric: ID 168,7043,"Older, Fewer Partners, Gender Skewed",7047,"Diverse Demographics, Average Customer Base"
169,numeric,Numeric: ID 169,7043,"Older, Fewer Partners, Gender Skewed",7047,"Diverse Demographics, Average Customer Base"
170,numeric,Numeric: ID 170,7044,"Balanced Demographics, Average Customer",7047,"Diverse Demographics, Average Customer Base"
171,numeric,Numeric: ID 171,7044,"Balanced Demographics, Average Customer",7047,"Diverse Demographics, Average Customer Base"
172,numeric,Numeric: ID 172,7043,"Older, Fewer Partners, Gender Skewed",7047,"Diverse Demographics, Average Customer Base"
173,numeric,Numeric: ID 173,7043,"Older, Fewer Partners, Gender Skewed",7047,"Diverse Demographics, Average Customer Base"
174,numeric,Numeric: ID 174,7043,"Older, Fewer Partners, Gender Skewed",7047,"Diverse Demographics, Average Customer Base"
175,numeric,Numeric: ID 175,7043,"Older, Fewer Partners, Gender Skewed",7047,"Diverse Demographics, Average Customer Base"
176,numeric,Numeric: ID 176,7043,"Older, Fewer Partners, Gender Skewed",7047,"Diverse Demographics, Average Customer Base"
177,numeric,Numeric: ID 177,7045,"Younger, Fewer Partners, Gender Balanced",7048,"Younger, Single Customers: Engagement Focus"
178,numeric,Numeric: ID 178,7043,"Older, Fewer Partners, Gender Skewed",7047,"Diverse Demographics, Average Customer Base"
179,numeric,Numeric: ID 179,7043,"Older, Fewer Partners, Gender Skewed",7047,"Diverse Demographics, Average Customer Base"
180,numeric,Numeric: ID 180,7043,"Older, Fewer Partners, Gender Skewed",7047,"Diverse Demographics, Average Customer Base"
181,numeric,Numeric: ID 181,7043,"Older, Fewer Partners, Gender Skewed",7047,"Diverse Demographics, Average Customer Base"
182,numeric,Numeric: ID 182,7043,"Older, Fewer Partners, Gender Skewed",7047,"Diverse Demographics, Average Customer Base"
183,numeric,Numeric: ID 183,7043,"Older, Fewer Partners, Gender Skewed",7047,"Diverse Demographics, Average Customer Base"
184,numeric,Numeric: ID 184,7043,"Older, Fewer Partners, Gender Skewed",7047,"Diverse Demographics, Average Customer Base"
185,numeric,Numeric: ID 185,7043,"Older, Fewer Partners, Gender Skewed",7047,"Diverse Demographics, Average Customer Base"
186,numeric,Numeric: ID 186,7043,"Older, Fewer Partners, Gender Skewed",7047,"Diverse Demographics, Average Customer Base"
187,numeric,Numeric: ID 187,7043,"Older, Fewer Partners, Gender Skewed",7047,"Diverse Demographics, Average Customer Base"
188,numeric,Numeric: ID 188,7043,"Older, Fewer Partners, Gender Skewed",7047,"Diverse Demographics, Average Customer Base"
189,numeric,Numeric: ID 189,7045,"Younger, Fewer Partners, Gender Balanced",7048,"Younger, Single Customers: Engagement Focus"
190,numeric,Numeric: ID 190,7043,"Older, Fewer Partners, Gender Skewed",7047,"Diverse Demographics, Average Customer Base"
191,numeric,Numeric: ID 191,7043,"Older, Fewer Partners, Gender Skewed",7047,"Diverse Demographics, Average Customer Base"
192,numeric,Numeric: ID 192,7043,"Older, Fewer Partners, Gender Skewed",7047,"Diverse Demographics, Average Customer Base"
193,numeric,Numeric: ID 193,7043,"Older, Fewer Partners, Gender Skewed",7047,"Diverse Demographics, Average Customer Base"
194,numeric,Numeric: ID 194,7043,"Older, Fewer Partners, Gender Skewed",7047,"Diverse Demographics, Average Customer Base"
195,numeric,Numeric: ID 195,7043,"Older, Fewer Partners, Gender Skewed",7047,"Diverse Demographics, Average Customer Base"
196,numeric,Numeric: ID 196,7043,"Older, Fewer Partners, Gender Skewed",7047,"Diverse Demographics, Average Customer Base"
197,numeric,Numeric: ID 197,7043,"Older, Fewer Partners, Gender Skewed",7047,"Diverse Demographics, Average Customer Base"
198,numeric,Numeric: ID 198,7043,"Older, Fewer Partners, Gender Skewed",7047,"Diverse Demographics, Average Customer Base"
199,numeric,Numeric: ID 199,7043,"Older, Fewer Partners, Gender Skewed",7047,"Diverse Demographics, Average Customer Base"
200,numeric,Numeric: ID 200,7043,"Older, Fewer Partners, Gender Skewed",7047,"Diverse Demographics, Average Customer Base"
201,numeric,Numeric: ID 201,7043,"Older, Fewer Partners, Gender Skewed",7047,"Diverse Demographics, Average Customer Base"
202,numeric,Numeric: ID 202,7043,"Older, Fewer Partners, Gender Skewed",7047,"Diverse Demographics, Average Customer Base"
203,numeric,Numeric: ID 203,7043,"Older, Fewer Partners, Gender Skewed",7047,"Diverse Demographics, Average Customer Base"
204,numeric,Numeric: ID 204,7043,"Older, Fewer Partners, Gender Skewed",7047,"Diverse Demographics, Average Customer Base"
205,numeric,Numeric: ID 205,7043,"Older, Fewer Partners, Gender Skewed",7047,"Diverse Demographics, Average Customer Base"
206,numeric,Numeric: ID 206,7043,"Older, Fewer Partners, Gender Skewed",7047,"Diverse Demographics, Average Customer Base"
207,numeric,Numeric: ID 207,7043,"Older, Fewer Partners, Gender Skewed",7047,"Diverse Demographics, Average Customer Base"
208,numeric,Numeric: ID 208,7043,"Older, Fewer Partners, Gender Skewed",7047,"Diverse Demographics, Average Customer Base"
209,numeric,Numeric: ID 209,7043,"Older, Fewer Partners, Gender Skewed",7047,"Diverse Demographics, Average Customer Base"
210,numeric,Numeric: ID 210,7043,"Older, Fewer Partners, Gender Skewed",7047,"Diverse Demographics, Average Customer Base"
211,numeric,Numeric: ID 211,7043,"Older, Fewer Partners, Gender Skewed",7047,"Diverse Demographics, Average Customer Base"
212,numeric,Numeric: ID 212,7045,"Younger, Fewer Partners, Gender Balanced",7048,"Younger, Single Customers: Engagement Focus"
213,numeric,Numeric: ID 213,7043,"Older, Fewer Partners, Gender Skewed",7047,"Diverse Demographics, Average Customer Base"
214,numeric,Numeric: ID 214,7043,"Older, Fewer Partners, Gender Skewed",7047,"Diverse Demographics, Average Customer Base"
215,numeric,Numeric: ID 215,7043,"Older, Fewer Partners, Gender Skewed",7047,"Diverse Demographics, Average Customer Base"
216,numeric,Numeric: ID 216,7043,"Older, Fewer Partners, Gender Skewed",7047,"Diverse Demographics, Average Customer Base"
217,numeric,Numeric: ID 217,7043,"Older, Fewer Partners, Gender Skewed",7047,"Diverse Demographics, Average Customer Base"
218,numeric,Numeric: ID 218,7043,"Older, Fewer Partners, Gender Skewed",7047,"Diverse Demographics, Average Customer Base"
219,numeric,Numeric: ID 219,7043,"Older, Fewer Partners, Gender Skewed",7047,"Diverse Demographics, Average Customer Base"
220,numeric,Numeric: ID 220,7043,"Older, Fewer Partners, Gender Skewed",7047,"Diverse Demographics, Average Customer Base"
221,numeric,Numeric: ID 221,7044,"Balanced Demographics, Average Customer",7047,"Diverse Demographics, Average Customer Base"
222,numeric,Numeric: ID 222,7043,"Older, Fewer Partners, Gender Skewed",7047,"Diverse Demographics, Average Customer Base"
223,numeric,Numeric: ID 223,7043,"Older, Fewer Partners, Gender Skewed",7047,"Diverse Demographics, Average Customer Base"
224,numeric,Numeric: ID 224,7043,"Older, Fewer Partners, Gender Skewed",7047,"Diverse Demographics, Average Customer Base"
225,numeric,Numeric: ID 225,7043,"Older, Fewer Partners, Gender Skewed",7047,"Diverse Demographics, Average Customer Base"
226,numeric,Numeric: ID 226,7043,"Older, Fewer Partners, Gender Skewed",7047,"Diverse Demographics, Average Customer Base"
227,numeric,Numeric: ID 227,7044,"Balanced Demographics, Average Customer",7047,"Diverse Demographics, Average Customer Base"
228,numeric,Numeric: ID 228,7043,"Older, Fewer Partners, Gender Skewed",7047,"Diverse Demographics, Average Customer Base"
229,numeric,Numeric: ID 229,7043,"Older, Fewer Partners, Gender Skewed",7047,"Diverse Demographics, Average Customer Base"
230,numeric,Numeric: ID 230,7043,"Older, Fewer Partners, Gender Skewed",7047,"Diverse Demographics, Average Customer Base"
231,numeric,Numeric: ID 231,7043,"Older, Fewer Partners, Gender Skewed",7047,"Diverse Demographics, Average Customer Base"
232,numeric,Numeric: ID 232,7043,"Older, Fewer Partners, Gender Skewed",7047,"Diverse Demographics, Average Customer Base"
233,numeric,Numeric: ID 233,7043,"Older, Fewer Partners, Gender Skewed",7047,"Diverse Demographics, Average Customer Base"
234,numeric,Numeric: ID 234,7043,"Older, Fewer Partners, Gender Skewed",7047,"Diverse Demographics, Average Customer Base"
235,numeric,Numeric: ID 235,7043,"Older, Fewer Partners, Gender Skewed",7047,"Diverse Demographics, Average Customer Base"
236,numeric,Numeric: ID 236,7043,"Older, Fewer Partners, Gender Skewed",7047,"Diverse Demographics, Average Customer Base"
237,numeric,Numeric: ID 237,7043,"Older, Fewer Partners, Gender Skewed",7047,"Diverse Demographics, Average Customer Base"
238,numeric,Numeric: ID 238,7043,"Older, Fewer Partners, Gender Skewed",7047,"Diverse Demographics, Average Customer Base"
239,numeric,Numeric: ID 239,7043,"Older, Fewer Partners, Gender Skewed",7047,"Diverse Demographics, Average Customer Base"
240,numeric,Numeric: ID 240,7043,"Older, Fewer Partners, Gender Skewed",7047,"Diverse Demographics, Average Customer Base"
241,numeric,Numeric: ID 241,7043,"Older, Fewer Partners, Gender Skewed",7047,"Diverse Demographics, Average Customer Base"
242,numeric,Numeric: ID 242,7043,"Older, Fewer Partners, Gender Skewed",7047,"Diverse Demographics, Average Customer Base"
243,numeric,Numeric: ID 243,7043,"Older, Fewer Partners, Gender Skewed",7047,"Diverse Demographics, Average Customer Base"
244,numeric,Numeric: ID 244,7045,"Younger, Fewer Partners, Gender Balanced",7048,"Younger, Single Customers: Engagement Focus"
245,numeric,Numeric: ID 245,7043,"Older, Fewer Partners, Gender Skewed",7047,"Diverse Demographics, Average Customer Base"
246,numeric,Numeric: ID 246,7043,"Older, Fewer Partners, Gender Skewed",7047,"Diverse Demographics, Average Customer Base"
247,numeric,Numeric: ID 247,7044,"Balanced Demographics, Average Customer",7047,"Diverse Demographics, Average Customer Base"
248,numeric,Numeric: ID 248,7043,"Older, Fewer Partners, Gender Skewed",7047,"Diverse Demographics, Average Customer Base"
249,numeric,Numeric: ID 249,7043,"Older, Fewer Partners, Gender Skewed",7047,"Diverse Demographics, Average Customer Base"
250,numeric,Numeric: ID 250,7043,"Older, Fewer Partners, Gender Skewed",7047,"Diverse Demographics, Average Customer Base"
251,numeric,Numeric: ID 251,7043,"Older, Fewer Partners, Gender Skewed",7047,"Diverse Demographics, Average Customer Base"
252,numeric,Numeric: ID 252,7043,"Older, Fewer Partners, Gender Skewed",7047,"Diverse Demographics, Average Customer Base"
253,numeric,Numeric: ID 253,7043,"Older, Fewer Partners, Gender Skewed",7047,"Diverse Demographics, Average Customer Base"
254,numeric,Numeric: ID 254,7043,"Older, Fewer Partners, Gender Skewed",7047,"Diverse Demographics, Average Customer Base"
255,numeric,Numeric: ID 255,7043,"Older, Fewer Partners, Gender Skewed",7047,"Diverse Demographics, Average Customer Base"
256,numeric,Numeric: ID 256,7043,"Older, Fewer Partners, Gender Skewed",7047,"Diverse Demographics, Average Customer Base"
257,numeric,Numeric: ID 257,7043,"Older, Fewer Partners, Gender Skewed",7047,"Diverse Demographics, Average Customer Base"
258,numeric,Numeric: ID 258,7043,"Older, Fewer Partners, Gender Skewed",7047,"Diverse Demographics, Average Customer Base"
259,numeric,Numeric: ID 259,7043,"Older, Fewer Partners, Gender Skewed",7047,"Diverse Demographics, Average Customer Base"
260,numeric,Numeric: ID 260,7043,"Older, Fewer Partners, Gender Skewed",7047,"Diverse Demographics, Average Customer Base"
261,numeric,Numeric: ID 261,7043,"Older, Fewer Partners, Gender Skewed",7047,"Diverse Demographics, Average Customer Base"
262,numeric,Numeric: ID 262,7043,"Older, Fewer Partners, Gender Skewed",7047,"Diverse Demographics, Average Customer Base"
263,numeric,Numeric: ID 263,7043,"Older, Fewer Partners, Gender Skewed",7047,"Diverse Demographics, Average Customer Base"
264,numeric,Numeric: ID 264,7043,"Older, Fewer Partners, Gender Skewed",7047,"Diverse Demographics, Average Customer Base"
265,numeric,Numeric: ID 265,7043,"Older, Fewer Partners, Gender Skewed",7047,"Diverse Demographics, Average Customer Base"
266,numeric,Numeric: ID 266,7043,"Older, Fewer Partners, Gender Skewed",7047,"Diverse Demographics, Average Customer Base"
267,numeric,Numeric: ID 267,7043,"Older, Fewer Partners, Gender Skewed",7047,"Diverse Demographics, Average Customer Base"
268,numeric,Numeric: ID 268,7043,"Older, Fewer Partners, Gender Skewed",7047,"Diverse Demographics, Average Customer Base"
269,numeric,Numeric: ID 269,7043,"Older, Fewer Partners, Gender Skewed",7047,"Diverse Demographics, Average Customer Base"
270,numeric,Numeric: ID 270,7045,"Younger, Fewer Partners, Gender Balanced",7048,"Younger, Single Customers: Engagement Focus"
271,numeric,Numeric: ID 271,7044,"Balanced Demographics, Average Customer",7047,"Diverse Demographics, Average Customer Base"
272,numeric,Numeric: ID 272,7044,"Balanced Demographics, Average Customer",7047,"Diverse Demographics, Average Customer Base"
273,numeric,Numeric: ID 273,7043,"Older, Fewer Partners, Gender Skewed",7047,"Diverse Demographics, Average Customer Base"
274,numeric,Numeric: ID 274,7043,"Older, Fewer Partners, Gender Skewed",7047,"Diverse Demographics, Average Customer Base"
275,numeric,Numeric: ID 275,7043,"Older, Fewer Partners, Gender Skewed",7047,"Diverse Demographics, Average Customer Base"
276,numeric,Numeric: ID 276,7043,"Older, Fewer Partners, Gender Skewed",7047,"Diverse Demographics, Average Customer Base"
277,numeric,Numeric: ID 277,7043,"Older, Fewer Partners, Gender Skewed",7047,"Diverse Demographics, Average Customer Base"
278,numeric,Numeric: ID 278,7043,"Older, Fewer Partners, Gender Skewed",7047,"Diverse Demographics, Average Customer Base"
279,numeric,Numeric: ID 279,7043,"Older, Fewer Partners, Gender Skewed",7047,"Diverse Demographics, Average Customer Base"
280,numeric,Numeric: ID 280,7043,"Older, Fewer Partners, Gender Skewed",7047,"Diverse Demographics, Average Customer Base"
281,numeric,Numeric: ID 281,7043,"Older, Fewer Partners, Gender Skewed",7047,"Diverse Demographics, Average Customer Base"
282,numeric,Numeric: ID 282,7043,"Older, Fewer Partners, Gender Skewed",7047,"Diverse Demographics, Average Customer Base"
283,numeric,Numeric: ID 283,7043,"Older, Fewer Partners, Gender Skewed",7047,"Diverse Demographics, Average Customer Base"
284,numeric,Numeric: ID 284,7043,"Older, Fewer Partners, Gender Skewed",7047,"Diverse Demographics, Average Customer Base"
285,numeric,Numeric: ID 285,7043,"Older, Fewer Partners, Gender Skewed",7047,"Diverse Demographics, Average Customer Base"
286,numeric,Numeric: ID 286,7043,"Older, Fewer Partners, Gender Skewed",7047,"Diverse Demographics, Average Customer Base"
287,numeric,Numeric: ID 287,7043,"Older, Fewer Partners, Gender Skewed",7047,"Diverse Demographics, Average Customer Base"
288,numeric,Numeric: ID 288,7043,"Older, Fewer Partners, Gender Skewed",7047,"Diverse Demographics, Average Customer Base"
289,numeric,Numeric: ID 289,7043,"Older, Fewer Partners, Gender Skewed",7047,"Diverse Demographics, Average Customer Base"
290,numeric,Numeric: ID 290,7043,"Older, Fewer Partners, Gender Skewed",7047,"Diverse Demographics, Average Customer Base"
291,numeric,Numeric: ID 291,7043,"Older, Fewer Partners, Gender Skewed",7047,"Diverse Demographics, Average Customer Base"
292,numeric,Numeric: ID 292,7044,"Balanced Demographics, Average Customer",7047,"Diverse Demographics, Average Customer Base"
293,numeric,Numeric: ID 293,7043,"Older, Fewer Partners, Gender Skewed",7047,"Diverse Demographics, Average Customer Base"
294,numeric,Numeric: ID 294,7043,"Older, Fewer Partners, Gender Skewed",7047,"Diverse Demographics, Average Customer Base"
295,numeric,Numeric: ID 295,7043,"Older, Fewer Partners, Gender Skewed",7047,"Diverse Demographics, Average Customer Base"
296,numeric,Numeric: ID 296,7043,"Older, Fewer Partners, Gender Skewed",7047,"Diverse Demographics, Average Customer Base"
297,numeric,Numeric: ID 297,7044,"Balanced Demographics, Average Customer",7047,"Diverse Demographics, Average Customer Base"
298,numeric,Numeric: ID 298,7043,"Older, Fewer Partners, Gender Skewed",7047,"Diverse Demographics, Average Customer Base"
299,numeric,Numeric: ID 299,7043,"Older, Fewer Partners, Gender Skewed",7047,"Diverse Demographics, Average Customer Base"
300,numeric,Numeric: ID 300,7043,"Older, Fewer Partners, Gender Skewed",7047,"Diverse Demographics, Average Customer Base"
301,numeric,Numeric: ID 301,7044,"Balanced Demographics, Average Customer",7047,"Diverse Demographics, Average Customer Base"
302,numeric,Numeric: ID 302,7043,"Older, Fewer Partners, Gender Skewed",7047,"Diverse Demographics, Average Customer Base"
303,numeric,Numeric: ID 303,7043,"Older, Fewer Partners, Gender Skewed",7047,"Diverse Demographics, Average Customer Base"
304,numeric,Numeric: ID 304,7045,"Younger, Fewer Partners, Gender Balanced",7048,"Younger, Single Customers: Engagement Focus"
305,numeric,Numeric: ID 305,7043,"Older, Fewer Partners, Gender Skewed",7047,"Diverse Demographics, Average Customer Base"
306,numeric,Numeric: ID 306,7043,"Older, Fewer Partners, Gender Skewed",7047,"Diverse Demographics, Average Customer Base"
307,numeric,Numeric: ID 307,7043,"Older, Fewer Partners, Gender Skewed",7047,"Diverse Demographics, Average Customer Base"
308,numeric,Numeric: ID 308,7043,"Older, Fewer Partners, Gender Skewed",7047,"Diverse Demographics, Average Customer Base"
309,numeric,Numeric: ID 309,7043,"Older, Fewer Partners, Gender Skewed",7047,"Diverse Demographics, Average Customer Base"
310,numeric,Numeric: ID 310,7043,"Older, Fewer Partners, Gender Skewed",7047,"Diverse Demographics, Average Customer Base"
311,numeric,Numeric: ID 311,7043,"Older, Fewer Partners, Gender Skewed",7047,"Diverse Demographics, Average Customer Base"
312,numeric,Numeric: ID 312,7043,"Older, Fewer Partners, Gender Skewed",7047,"Diverse Demographics, Average Customer Base"
313,numeric,Numeric: ID 313,7043,"Older, Fewer Partners, Gender Skewed",7047,"Diverse Demographics, Average Customer Base"
314,numeric,Numeric: ID 314,7043,"Older, Fewer Partners, Gender Skewed",7047,"Diverse Demographics, Average Customer Base"
315,numeric,Numeric: ID 315,7043,"Older, Fewer Partners, Gender Skewed",7047,"Diverse Demographics, Average Customer Base"
316,numeric,Numeric: ID 316,7043,"Older, Fewer Partners, Gender Skewed",7047,"Diverse Demographics, Average Customer Base"
317,numeric,Numeric: ID 317,7043,"Older, Fewer Partners, Gender Skewed",7047,"Diverse Demographics, Average Customer Base"
318,numeric,Numeric: ID 318,7043,"Older, Fewer Partners, Gender Skewed",7047,"Diverse Demographics, Average Customer Base"
319,numeric,Numeric: ID 319,7043,"Older, Fewer Partners, Gender Skewed",7047,"Diverse Demographics, Average Customer Base"
320,numeric,Numeric: ID 320,7044,"Balanced Demographics, Average Customer",7047,"Diverse Demographics, Average Customer Base"
321,numeric,Numeric: ID 321,7043,"Older, Fewer Partners, Gender Skewed",7047,"Diverse Demographics, Average Customer Base"
322,numeric,Numeric: ID 322,7043,"Older, Fewer Partners, Gender Skewed",7047,"Diverse Demographics, Average Customer Base"
323,numeric,Numeric: ID 323,7043,"Older, Fewer Partners, Gender Skewed",7047,"Diverse Demographics, Average Customer Base"
324,numeric,Numeric: ID 324,7043,"Older, Fewer Partners, Gender Skewed",7047,"Diverse Demographics, Average Customer Base"
325,numeric,Numeric: ID 325,7045,"Younger, Fewer Partners, Gender Balanced",7048,"Younger, Single Customers: Engagement Focus"
326,numeric,Numeric: ID 326,7043,"Older, Fewer Partners, Gender Skewed",7047,"Diverse Demographics, Average Customer Base"
327,numeric,Numeric: ID 327,7043,"Older, Fewer Partners, Gender Skewed",7047,"Diverse Demographics, Average Customer Base"
328,numeric,Numeric: ID 328,7043,"Older, Fewer Partners, Gender Skewed",7047,"Diverse Demographics, Average Customer Base"
329,numeric,Numeric: ID 329,7043,"Older, Fewer Partners, Gender Skewed",7047,"Diverse Demographics, Average Customer Base"
330,numeric,Numeric: ID 330,7044,"Balanced Demographics, Average Customer",7047,"Diverse Demographics, Average Customer Base"
331,numeric,Numeric: ID 331,7043,"Older, Fewer Partners, Gender Skewed",7047,"Diverse Demographics, Average Customer Base"
332,numeric,Numeric: ID 332,7043,"Older, Fewer Partners, Gender Skewed",7047,"Diverse Demographics, Average Customer Base"
333,numeric,Numeric: ID 333,7043,"Older, Fewer Partners, Gender Skewed",7047,"Diverse Demographics, Average Customer Base"
334,numeric,Numeric: ID 334,7043,"Older, Fewer Partners, Gender Skewed",7047,"Diverse Demographics, Average Customer Base"
335,numeric,Numeric: ID 335,7043,"Older, Fewer Partners, Gender Skewed",7047,"Diverse Demographics, Average Customer Base"
336,numeric,Numeric: ID 336,7043,"Older, Fewer Partners, Gender Skewed",7047,"Diverse Demographics, Average Customer Base"
337,numeric,Numeric: ID 337,7043,"Older, Fewer Partners, Gender Skewed",7047,"Diverse Demographics, Average Customer Base"
338,numeric,Numeric: ID 338,7043,"Older, Fewer Partners, Gender Skewed",7047,"Diverse Demographics, Average Customer Base"
339,numeric,Numeric: ID 339,7043,"Older, Fewer Partners, Gender Skewed",7047,"Diverse Demographics, Average Customer Base"
340,numeric,Numeric: ID 340,7043,"Older, Fewer Partners, Gender Skewed",7047,"Diverse Demographics, Average Customer Base"
341,numeric,Numeric: ID 341,7043,"Older, Fewer Partners, Gender Skewed",7047,"Diverse Demographics, Average Customer Base"
342,numeric,Numeric: ID 342,7043,"Older, Fewer Partners, Gender Skewed",7047,"Diverse Demographics, Average Customer Base"
343,numeric,Numeric: ID 343,7043,"Older, Fewer Partners, Gender Skewed",7047,"Diverse Demographics, Average Customer Base"
344,numeric,Numeric: ID 344,7043,"Older, Fewer Partners, Gender Skewed",7047,"Diverse Demographics, Average Customer Base"
345,numeric,Numeric: ID 345,7045,"Younger, Fewer Partners, Gender Balanced",7048,"Younger, Single Customers: Engagement Focus"
346,numeric,Numeric: ID 346,7045,"Younger, Fewer Partners, Gender Balanced",7048,"Younger, Single Customers: Engagement Focus"
347,numeric,Numeric: ID 347,7043,"Older, Fewer Partners, Gender Skewed",7047,"Diverse Demographics, Average Customer Base"
348,numeric,Numeric: ID 348,7043,"Older, Fewer Partners, Gender Skewed",7047,"Diverse Demographics, Average Customer Base"
349,numeric,Numeric: ID 349,7044,"Balanced Demographics, Average Customer",7047,"Diverse Demographics, Average Customer Base"
350,numeric,Numeric: ID 350,7043,"Older, Fewer Partners, Gender Skewed",7047,"Diverse Demographics, Average Customer Base"
351,numeric,Numeric: ID 351,7045,"Younger, Fewer Partners, Gender Balanced",7048,"Younger, Single Customers: Engagement Focus"
352,numeric,Numeric: ID 352,7043,"Older, Fewer Partners, Gender Skewed",7047,"Diverse Demographics, Average Customer Base"
353,numeric,Numeric: ID 353,7043,"Older, Fewer Partners, Gender Skewed",7047,"Diverse Demographics, Average Customer Base"
354,numeric,Numeric: ID 354,7043,"Older, Fewer Partners, Gender Skewed",7047,"Diverse Demographics, Average Customer Base"
355,numeric,Numeric: ID 355,7043,"Older, Fewer Partners, Gender Skewed",7047,"Diverse Demographics, Average Customer Base"
356,numeric,Numeric: ID 356,7043,"Older, Fewer Partners, Gender Skewed",7047,"Diverse Demographics, Average Customer Base"
357,numeric,Numeric: ID 357,7043,"Older, Fewer Partners, Gender Skewed",7047,"Diverse Demographics, Average Customer Base"
358,numeric,Numeric: ID 358,7043,"Older, Fewer Partners, Gender Skewed",7047,"Diverse Demographics, Average Customer Base"
359,numeric,Numeric: ID 359,7043,"Older, Fewer Partners, Gender Skewed",7047,"Diverse Demographics, Average Customer Base"
360,numeric,Numeric: ID 360,7043,"Older, Fewer Partners, Gender Skewed",7047,"Diverse Demographics, Average Customer Base"
361,numeric,Numeric: ID 361,7044,"Balanced Demographics, Average Customer",7047,"Diverse Demographics, Average Customer Base"
362,numeric,Numeric: ID 362,7043,"Older, Fewer Partners, Gender Skewed",7047,"Diverse Demographics, Average Customer Base"
363,numeric,Numeric: ID 363,7043,"Older, Fewer Partners, Gender Skewed",7047,"Diverse Demographics, Average Customer Base"
364,numeric,Numeric: ID 364,7043,"Older, Fewer Partners, Gender Skewed",7047,"Diverse Demographics, Average Customer Base"
365,numeric,Numeric: ID 365,7043,"Older, Fewer Partners, Gender Skewed",7047,"Diverse Demographics, Average Customer Base"
366,numeric,Numeric: ID 366,7043,"Older, Fewer Partners, Gender Skewed",7047,"Diverse Demographics, Average Customer Base"
367,numeric,Numeric: ID 367,7043,"Older, Fewer Partners, Gender Skewed",7047,"Diverse Demographics, Average Customer Base"
368,numeric,Numeric: ID 368,7043,"Older, Fewer Partners, Gender Skewed",7047,"Diverse Demographics, Average Customer Base"
369,numeric,Numeric: ID 369,7043,"Older, Fewer Partners, Gender Skewed",7047,"Diverse Demographics, Average Customer Base"
370,numeric,Numeric: ID 370,7043,"Older, Fewer Partners, Gender Skewed",7047,"Diverse Demographics, Average Customer Base"
371,numeric,Numeric: ID 371,7044,"Balanced Demographics, Average Customer",7047,"Diverse Demographics, Average Customer Base"
372,numeric,Numeric: ID 372,7043,"Older, Fewer Partners, Gender Skewed",7047,"Diverse Demographics, Average Customer Base"
373,numeric,Numeric: ID 373,7043,"Older, Fewer Partners, Gender Skewed",7047,"Diverse Demographics, Average Customer Base"
374,numeric,Numeric: ID 374,7043,"Older, Fewer Partners, Gender Skewed",7047,"Diverse Demographics, Average Customer Base"
375,numeric,Numeric: ID 375,7043,"Older, Fewer Partners, Gender Skewed",7047,"Diverse Demographics, Average Customer Base"
376,numeric,Numeric: ID 376,7043,"Older, Fewer Partners, Gender Skewed",7047,"Diverse Demographics, Average Customer Base"
377,numeric,Numeric: ID 377,7043,"Older, Fewer Partners, Gender Skewed",7047,"Diverse Demographics, Average Customer Base"
378,numeric,Numeric: ID 378,7043,"Older, Fewer Partners, Gender Skewed",7047,"Diverse Demographics, Average Customer Base"
379,numeric,Numeric: ID 379,7043,"Older, Fewer Partners, Gender Skewed",7047,"Diverse Demographics, Average Customer Base"
380,numeric,Numeric: ID 380,7043,"Older, Fewer Partners, Gender Skewed",7047,"Diverse Demographics, Average Customer Base"
381,numeric,Numeric: ID 381,7043,"Older, Fewer Partners, Gender Skewed",7047,"Diverse Demographics, Average Customer Base"
382,numeric,Numeric: ID 382,7043,"Older, Fewer Partners, Gender Skewed",7047,"Diverse Demographics, Average Customer Base"
383,numeric,Numeric: ID 383,7045,"Younger, Fewer Partners, Gender Balanced",7048,"Younger, Single Customers: Engagement Focus"
384,numeric,Numeric: ID 384,7043,"Older, Fewer Partners, Gender Skewed",7047,"Diverse Demographics, Average Customer Base"
385,numeric,Numeric: ID 385,7043,"Older, Fewer Partners, Gender Skewed",7047,"Diverse Demographics, Average Customer Base"
386,numeric,Numeric: ID 386,7043,"Older, Fewer Partners, Gender Skewed",7047,"Diverse Demographics, Average Customer Base"
387,numeric,Numeric: ID 387,7043,"Older, Fewer Partners, Gender Skewed",7047,"Diverse Demographics, Average Customer Base"
388,numeric,Numeric: ID 388,7043,"Older, Fewer Partners, Gender Skewed",7047,"Diverse Demographics, Average Customer Base"
389,numeric,Numeric: ID 389,7043,"Older, Fewer Partners, Gender Skewed",7047,"Diverse Demographics, Average Customer Base"
390,numeric,Numeric: ID 390,7043,"Older, Fewer Partners, Gender Skewed",7047,"Diverse Demographics, Average Customer Base"
391,numeric,Numeric: ID 391,7043,"Older, Fewer Partners, Gender Skewed",7047,"Diverse Demographics, Average Customer Base"
392,numeric,Numeric: ID 392,7043,"Older, Fewer Partners, Gender Skewed",7047,"Diverse Demographics, Average Customer Base"
393,numeric,Numeric: ID 393,7043,"Older, Fewer Partners, Gender Skewed",7047,"Diverse Demographics, Average Customer Base"
394,numeric,Numeric: ID 394,7045,"Younger, Fewer Partners, Gender Balanced",7048,"Younger, Single Customers: Engagement Focus"
395,numeric,Numeric: ID 395,7043,"Older, Fewer Partners, Gender Skewed",7047,"Diverse Demographics, Average Customer Base"
396,numeric,Numeric: ID 396,7043,"Older, Fewer Partners, Gender Skewed",7047,"Diverse Demographics, Average Customer Base"
397,numeric,Numeric: ID 397,7043,"Older, Fewer Partners, Gender Skewed",7047,"Diverse Demographics, Average Customer Base"
398,numeric,Numeric: ID 398,7044,"Balanced Demographics, Average Customer",7047,"Diverse Demographics, Average Customer Base"
399,numeric,Numeric: ID 399,7044,"Balanced Demographics, Average Customer",7047,"Diverse Demographics, Average Customer Base"
400,numeric,Numeric: ID 400,7043,"Older, Fewer Partners, Gender Skewed",7047,"Diverse Demographics, Average Customer Base"
401,numeric,Numeric: ID 401,7043,"Older, Fewer Partners, Gender Skewed",7047,"Diverse Demographics, Average Customer Base"
402,numeric,Numeric: ID 402,7043,"Older, Fewer Partners, Gender Skewed",7047,"Diverse Demographics, Average Customer Base"
403,numeric,Numeric: ID 403,7043,"Older, Fewer Partners, Gender Skewed",7047,"Diverse Demographics, Average Customer Base"
404,numeric,Numeric: ID 404,7043,"Older, Fewer Partners, Gender Skewed",7047,"Diverse Demographics, Average Customer Base"
405,numeric,Numeric: ID 405,7043,"Older, Fewer Partners, Gender Skewed",7047,"Diverse Demographics, Average Customer Base"
406,numeric,Numeric: ID 406,7043,"Older, Fewer Partners, Gender Skewed",7047,"Diverse Demographics, Average Customer Base"
407,numeric,Numeric: ID 407,7043,"Older, Fewer Partners, Gender Skewed",7047,"Diverse Demographics, Average Customer Base"
408,numeric,Numeric: ID 408,7043,"Older, Fewer Partners, Gender Skewed",7047,"Diverse Demographics, Average Customer Base"
409,numeric,Numeric: ID 409,7043,"Older, Fewer Partners, Gender Skewed",7047,"Diverse Demographics, Average Customer Base"
410,numeric,Numeric: ID 410,7043,"Older, Fewer Partners, Gender Skewed",7047,"Diverse Demographics, Average Customer Base"
411,numeric,Numeric: ID 411,7043,"Older, Fewer Partners, Gender Skewed",7047,"Diverse Demographics, Average Customer Base"
412,numeric,Numeric: ID 412,7043,"Older, Fewer Partners, Gender Skewed",7047,"Diverse Demographics, Average Customer Base"
413,numeric,Numeric: ID 413,7043,"Older, Fewer Partners, Gender Skewed",7047,"Diverse Demographics, Average Customer Base"
414,numeric,Numeric: ID 414,7043,"Older, Fewer Partners, Gender Skewed",7047,"Diverse Demographics, Average Customer Base"
415,numeric,Numeric: ID 415,7043,"Older, Fewer Partners, Gender Skewed",7047,"Diverse Demographics, Average Customer Base"
416,numeric,Numeric: ID 416,7043,"Older, Fewer Partners, Gender Skewed",7047,"Diverse Demographics, Average Customer Base"
417,numeric,Numeric: ID 417,7043,"Older, Fewer Partners, Gender Skewed",7047,"Diverse Demographics, Average Customer Base"
418,numeric,Numeric: ID 418,7043,"Older, Fewer Partners, Gender Skewed",7047,"Diverse Demographics, Average Customer Base"
419,numeric,Numeric: ID 419,7043,"Older, Fewer Partners, Gender Skewed",7047,"Diverse Demographics, Average Customer Base"
420,numeric,Numeric: ID 420,7043,"Older, Fewer Partners, Gender Skewed",7047,"Diverse Demographics, Average Customer Base"
421,numeric,Numeric: ID 421,7043,"Older, Fewer Partners, Gender Skewed",7047,"Diverse Demographics, Average Customer Base"
422,numeric,Numeric: ID 422,7043,"Older, Fewer Partners, Gender Skewed",7047,"Diverse Demographics, Average Customer Base"
423,numeric,Numeric: ID 423,7043,"Older, Fewer Partners, Gender Skewed",7047,"Diverse Demographics, Average Customer Base"
424,numeric,Numeric: ID 424,7043,"Older, Fewer Partners, Gender Skewed",7047,"Diverse Demographics, Average Customer Base"
425,numeric,Numeric: ID 425,7043,"Older, Fewer Partners, Gender Skewed",7047,"Diverse Demographics, Average Customer Base"
426,numeric,Numeric: ID 426,7043,"Older, Fewer Partners, Gender Skewed",7047,"Diverse Demographics, Average Customer Base"
427,numeric,Numeric: ID 427,7043,"Older, Fewer Partners, Gender Skewed",7047,"Diverse Demographics, Average Customer Base"
428,numeric,Numeric: ID 428,7043,"Older, Fewer Partners, Gender Skewed",7047,"Diverse Demographics, Average Customer Base"
429,numeric,Numeric: ID 429,7043,"Older, Fewer Partners, Gender Skewed",7047,"Diverse Demographics, Average Customer Base"
430,numeric,Numeric: ID 430,7043,"Older, Fewer Partners, Gender Skewed",7047,"Diverse Demographics, Average Customer Base"
431,numeric,Numeric: ID 431,7043,"Older, Fewer Partners, Gender Skewed",7047,"Diverse Demographics, Average Customer Base"
432,numeric,Numeric: ID 432,7043,"Older, Fewer Partners, Gender Skewed",7047,"Diverse Demographics, Average Customer Base"
433,numeric,Numeric: ID 433,7043,"Older, Fewer Partners, Gender Skewed",7047,"Diverse Demographics, Average Customer Base"
434,numeric,Numeric: ID 434,7043,"Older, Fewer Partners, Gender Skewed",7047,"Diverse Demographics, Average Customer Base"
435,numeric,Numeric: ID 435,7043,"Older, Fewer Partners, Gender Skewed",7047,"Diverse Demographics, Average Customer Base"
436,numeric,Numeric: ID 436,7043,"Older, Fewer Partners, Gender Skewed",7047,"Diverse Demographics, Average Customer Base"
437,numeric,Numeric: ID 437,7043,"Older, Fewer Partners, Gender Skewed",7047,"Diverse Demographics, Average Customer Base"
438,numeric,Numeric: ID 438,7043,"Older, Fewer Partners, Gender Skewed",7047,"Diverse Demographics, Average Customer Base"
439,numeric,Numeric: ID 439,7043,"Older, Fewer Partners, Gender Skewed",7047,"Diverse Demographics, Average Customer Base"
440,numeric,Numeric: ID 440,7043,"Older, Fewer Partners, Gender Skewed",7047,"Diverse Demographics, Average Customer Base"
441,numeric,Numeric: ID 441,7043,"Older, Fewer Partners, Gender Skewed",7047,"Diverse Demographics, Average Customer Base"
442,numeric,Numeric: ID 442,7043,"Older, Fewer Partners, Gender Skewed",7047,"Diverse Demographics, Average Customer Base"
443,numeric,Numeric: ID 443,7043,"Older, Fewer Partners, Gender Skewed",7047,"Diverse Demographics, Average Customer Base"
444,numeric,Numeric: ID 444,7043,"Older, Fewer Partners, Gender Skewed",7047,"Diverse Demographics, Average Customer Base"
445,numeric,Numeric: ID 445,7044,"Balanced Demographics, Average Customer",7047,"Diverse Demographics, Average Customer Base"
446,numeric,Numeric: ID 446,7043,"Older, Fewer Partners, Gender Skewed",7047,"Diverse Demographics, Average Customer Base"
447,numeric,Numeric: ID 447,7043,"Older, Fewer Partners, Gender Skewed",7047,"Diverse Demographics, Average Customer Base"
448,numeric,Numeric: ID 448,7043,"Older, Fewer Partners, Gender Skewed",7047,"Diverse Demographics, Average Customer Base"
449,numeric,Numeric: ID 449,7043,"Older, Fewer Partners, Gender Skewed",7047,"Diverse Demographics, Average Customer Base"
450,numeric,Numeric: ID 450,7043,"Older, Fewer Partners, Gender Skewed",7047,"Diverse Demographics, Average Customer Base"
451,numeric,Numeric: ID 451,7043,"Older, Fewer Partners, Gender Skewed",7047,"Diverse Demographics, Average Customer Base"
452,numeric,Numeric: ID 452,7043,"Older, Fewer Partners, Gender Skewed",7047,"Diverse Demographics, Average Customer Base"
453,numeric,Numeric: ID 453,7043,"Older, Fewer Partners, Gender Skewed",7047,"Diverse Demographics, Average Customer Base"
454,numeric,Numeric: ID 454,7044,"Balanced Demographics, Average Customer",7047,"Diverse Demographics, Average Customer Base"
455,numeric,Numeric: ID 455,7045,"Younger, Fewer Partners, Gender Balanced",7048,"Younger, Single Customers: Engagement Focus"
456,numeric,Numeric: ID 456,7043,"Older, Fewer Partners, Gender Skewed",7047,"Diverse Demographics, Average Customer Base"
457,numeric,Numeric: ID 457,7043,"Older, Fewer Partners, Gender Skewed",7047,"Diverse Demographics, Average Customer Base"
458,numeric,Numeric: ID 458,7043,"Older, Fewer Partners, Gender Skewed",7047,"Diverse Demographics, Average Customer Base"
459,numeric,Numeric: ID 459,7043,"Older, Fewer Partners, Gender Skewed",7047,"Diverse Demographics, Average Customer Base"
460,numeric,Numeric: ID 460,7043,"Older, Fewer Partners, Gender Skewed",7047,"Diverse Demographics, Average Customer Base"
461,numeric,Numeric: ID 461,7043,"Older, Fewer Partners, Gender Skewed",7047,"Diverse Demographics, Average Customer Base"
462,numeric,Numeric: ID 462,7043,"Older, Fewer Partners, Gender Skewed",7047,"Diverse Demographics, Average Customer Base"
463,numeric,Numeric: ID 463,7045,"Younger, Fewer Partners, Gender Balanced",7048,"Younger, Single Customers: Engagement Focus"
464,numeric,Numeric: ID 464,7043,"Older, Fewer Partners, Gender Skewed",7047,"Diverse Demographics, Average Customer Base"
465,numeric,Numeric: ID 465,7045,"Younger, Fewer Partners, Gender Balanced",7048,"Younger, Single Customers: Engagement Focus"
466,numeric,Numeric: ID 466,7043,"Older, Fewer Partners, Gender Skewed",7047,"Diverse Demographics, Average Customer Base"
467,numeric,Numeric: ID 467,7043,"Older, Fewer Partners, Gender Skewed",7047,"Diverse Demographics, Average Customer Base"
468,numeric,Numeric: ID 468,7043,"Older, Fewer Partners, Gender Skewed",7047,"Diverse Demographics, Average Customer Base"
469,numeric,Numeric: ID 469,7043,"Older, Fewer Partners, Gender Skewed",7047,"Diverse Demographics, Average Customer Base"
470,numeric,Numeric: ID 470,7043,"Older, Fewer Partners, Gender Skewed",7047,"Diverse Demographics, Average Customer Base"
471,numeric,Numeric: ID 471,7043,"Older, Fewer Partners, Gender Skewed",7047,"Diverse Demographics, Average Customer Base"
472,numeric,Numeric: ID 472,7043,"Older, Fewer Partners, Gender Skewed",7047,"Diverse Demographics, Average Customer Base"
473,numeric,Numeric: ID 473,7043,"Older, Fewer Partners, Gender Skewed",7047,"Diverse Demographics, Average Customer Base"
474,numeric,Numeric: ID 474,7043,"Older, Fewer Partners, Gender Skewed",7047,"Diverse Demographics, Average Customer Base"
475,numeric,Numeric: ID 475,7043,"Older, Fewer Partners, Gender Skewed",7047,"Diverse Demographics, Average Customer Base"
476,numeric,Numeric: ID 476,7044,"Balanced Demographics, Average Customer",7047,"Diverse Demographics, Average Customer Base"
477,numeric,Numeric: ID 477,7043,"Older, Fewer Partners, Gender Skewed",7047,"Diverse Demographics, Average Customer Base"
478,numeric,Numeric: ID 478,7043,"Older, Fewer Partners, Gender Skewed",7047,"Diverse Demographics, Average Customer Base"
479,numeric,Numeric: ID 479,7045,"Younger, Fewer Partners, Gender Balanced",7048,"Younger, Single Customers: Engagement Focus"
480,numeric,Numeric: ID 480,7043,"Older, Fewer Partners, Gender Skewed",7047,"Diverse Demographics, Average Customer Base"
481,numeric,Numeric: ID 481,7043,"Older, Fewer Partners, Gender Skewed",7047,"Diverse Demographics, Average Customer Base"
482,numeric,Numeric: ID 482,7044,"Balanced Demographics, Average Customer",7047,"Diverse Demographics, Average Customer Base"
483,numeric,Numeric: ID 483,7043,"Older, Fewer Partners, Gender Skewed",7047,"Diverse Demographics, Average Customer Base"
484,numeric,Numeric: ID 484,7043,"Older, Fewer Partners, Gender Skewed",7047,"Diverse Demographics, Average Customer Base"
485,numeric,Numeric: ID 485,7044,"Balanced Demographics, Average Customer",7047,"Diverse Demographics, Average Customer Base"
486,numeric,Numeric: ID 486,7043,"Older, Fewer Partners, Gender Skewed",7047,"Diverse Demographics, Average Customer Base"
487,numeric,Numeric: ID 487,7043,"Older, Fewer Partners, Gender Skewed",7047,"Diverse Demographics, Average Customer Base"
488,numeric,Numeric: ID 488,7043,"Older, Fewer Partners, Gender Skewed",7047,"Diverse Demographics, Average Customer Base"
489,numeric,Numeric: ID 489,7043,"Older, Fewer Partners, Gender Skewed",7047,"Diverse Demographics, Average Customer Base"
490,numeric,Numeric: ID 490,7043,"Older, Fewer Partners, Gender Skewed",7047,"Diverse Demographics, Average Customer Base"
491,numeric,Numeric: ID 491,7043,"Older, Fewer Partners, Gender Skewed",7047,"Diverse Demographics, Average Customer Base"
492,numeric,Numeric: ID 492,7043,"Older, Fewer Partners, Gender Skewed",7047,"Diverse Demographics, Average Customer Base"
493,numeric,Numeric: ID 493,7043,"Older, Fewer Partners, Gender Skewed",7047,"Diverse Demographics, Average Customer Base"
494,numeric,Numeric: ID 494,7043,"Older, Fewer Partners, Gender Skewed",7047,"Diverse Demographics, Average Customer Base"
495,numeric,Numeric: ID 495,7045,"Younger, Fewer Partners, Gender Balanced",7048,"Younger, Single Customers: Engagement Focus"
496,numeric,Numeric: ID 496,7043,"Older, Fewer Partners, Gender Skewed",7047,"Diverse Demographics, Average Customer Base"
497,numeric,Numeric: ID 497,7043,"Older, Fewer Partners, Gender Skewed",7047,"Diverse Demographics, Average Customer Base"
498,numeric,Numeric: ID 498,7043,"Older, Fewer Partners, Gender Skewed",7047,"Diverse Demographics, Average Customer Base"
499,numeric,Numeric: ID 499,7043,"Older, Fewer Partners, Gender Skewed",7047,"Diverse Demographics, Average Customer Base"
500,numeric,Numeric: ID 500,7043,"Older, Fewer Partners, Gender Skewed",7047,"Diverse Demographics, Average Customer Base"
501,numeric,Numeric: ID 501,7043,"Older, Fewer Partners, Gender Skewed",7047,"Diverse Demographics, Average Customer Base"
502,numeric,Numeric: ID 502,7043,"Older, Fewer Partners, Gender Skewed",7047,"Diverse Demographics, Average Customer Base"
503,numeric,Numeric: ID 503,7043,"Older, Fewer Partners, Gender Skewed",7047,"Diverse Demographics, Average Customer Base"
504,numeric,Numeric: ID 504,7045,"Younger, Fewer Partners, Gender Balanced",7048,"Younger, Single Customers: Engagement Focus"
505,numeric,Numeric: ID 505,7043,"Older, Fewer Partners, Gender Skewed",7047,"Diverse Demographics, Average Customer Base"
506,numeric,Numeric: ID 506,7044,"Balanced Demographics, Average Customer",7047,"Diverse Demographics, Average Customer Base"
507,numeric,Numeric: ID 507,7043,"Older, Fewer Partners, Gender Skewed",7047,"Diverse Demographics, Average Customer Base"
508,numeric,Numeric: ID 508,7043,"Older, Fewer Partners, Gender Skewed",7047,"Diverse Demographics, Average Customer Base"
509,numeric,Numeric: ID 509,7043,"Older, Fewer Partners, Gender Skewed",7047,"Diverse Demographics, Average Customer Base"
510,numeric,Numeric: ID 510,7043,"Older, Fewer Partners, Gender Skewed",7047,"Diverse Demographics, Average Customer Base"
511,numeric,Numeric: ID 511,7043,"Older, Fewer Partners, Gender Skewed",7047,"Diverse Demographics, Average Customer Base"
512,numeric,Numeric: ID 512,7043,"Older, Fewer Partners, Gender Skewed",7047,"Diverse Demographics, Average Customer Base"
513,numeric,Numeric: ID 513,7043,"Older, Fewer Partners, Gender Skewed",7047,"Diverse Demographics, Average Customer Base"
514,numeric,Numeric: ID 514,7043,"Older, Fewer Partners, Gender Skewed",7047,"Diverse Demographics, Average Customer Base"
515,numeric,Numeric: ID 515,7043,"Older, Fewer Partners, Gender Skewed",7047,"Diverse Demographics, Average Customer Base"
516,numeric,Numeric: ID 516,7043,"Older, Fewer Partners, Gender Skewed",7047,"Diverse Demographics, Average Customer Base"
517,numeric,Numeric: ID 517,7043,"Older, Fewer Partners, Gender Skewed",7047,"Diverse Demographics, Average Customer Base"
518,numeric,Numeric: ID 518,7044,"Balanced Demographics, Average Customer",7047,"Diverse Demographics, Average Customer Base"
519,numeric,Numeric: ID 519,7043,"Older, Fewer Partners, Gender Skewed",7047,"Diverse Demographics, Average Customer Base"
520,numeric,Numeric: ID 520,7043,"Older, Fewer Partners, Gender Skewed",7047,"Diverse Demographics, Average Customer Base"
521,numeric,Numeric: ID 521,7043,"Older, Fewer Partners, Gender Skewed",7047,"Diverse Demographics, Average Customer Base"
522,numeric,Numeric: ID 522,7043,"Older, Fewer Partners, Gender Skewed",7047,"Diverse Demographics, Average Customer Base"
523,numeric,Numeric: ID 523,7043,"Older, Fewer Partners, Gender Skewed",7047,"Diverse Demographics, Average Customer Base"
524,numeric,Numeric: ID 524,7044,"Balanced Demographics, Average Customer",7047,"Diverse Demographics, Average Customer Base"
525,numeric,Numeric: ID 525,7043,"Older, Fewer Partners, Gender Skewed",7047,"Diverse Demographics, Average Customer Base"
526,numeric,Numeric: ID 526,7043,"Older, Fewer Partners, Gender Skewed",7047,"Diverse Demographics, Average Customer Base"
527,numeric,Numeric: ID 527,7043,"Older, Fewer Partners, Gender Skewed",7047,"Diverse Demographics, Average Customer Base"
528,numeric,Numeric: ID 528,7043,"Older, Fewer Partners, Gender Skewed",7047,"Diverse Demographics, Average Customer Base"
529,numeric,Numeric: ID 529,7043,"Older, Fewer Partners, Gender Skewed",7047,"Diverse Demographics, Average Customer Base"
530,numeric,Numeric: ID 530,7043,"Older, Fewer Partners, Gender Skewed",7047,"Diverse Demographics, Average Customer Base"
531,numeric,Numeric: ID 531,7043,"Older, Fewer Partners, Gender Skewed",7047,"Diverse Demographics, Average Customer Base"
532,numeric,Numeric: ID 532,7043,"Older, Fewer Partners, Gender Skewed",7047,"Diverse Demographics, Average Customer Base"
533,numeric,Numeric: ID 533,7043,"Older, Fewer Partners, Gender Skewed",7047,"Diverse Demographics, Average Customer Base"
534,numeric,Numeric: ID 534,7043,"Older, Fewer Partners, Gender Skewed",7047,"Diverse Demographics, Average Customer Base"
535,numeric,Numeric: ID 535,7043,"Older, Fewer Partners, Gender Skewed",7047,"Diverse Demographics, Average Customer Base"
536,numeric,Numeric: ID 536,7043,"Older, Fewer Partners, Gender Skewed",7047,"Diverse Demographics, Average Customer Base"
537,numeric,Numeric: ID 537,7043,"Older, Fewer Partners, Gender Skewed",7047,"Diverse Demographics, Average Customer Base"
538,numeric,Numeric: ID 538,7043,"Older, Fewer Partners, Gender Skewed",7047,"Diverse Demographics, Average Customer Base"
539,numeric,Numeric: ID 539,7043,"Older, Fewer Partners, Gender Skewed",7047,"Diverse Demographics, Average Customer Base"
540,numeric,Numeric: ID 540,7045,"Younger, Fewer Partners, Gender Balanced",7048,"Younger, Single Customers: Engagement Focus"
541,numeric,Numeric: ID 541,7043,"Older, Fewer Partners, Gender Skewed",7047,"Diverse Demographics, Average Customer Base"
542,numeric,Numeric: ID 542,7043,"Older, Fewer Partners, Gender Skewed",7047,"Diverse Demographics, Average Customer Base"
543,numeric,Numeric: ID 543,7043,"Older, Fewer Partners, Gender Skewed",7047,"Diverse Demographics, Average Customer Base"
544,numeric,Numeric: ID 544,7043,"Older, Fewer Partners, Gender Skewed",7047,"Diverse Demographics, Average Customer Base"
545,numeric,Numeric: ID 545,7043,"Older, Fewer Partners, Gender Skewed",7047,"Diverse Demographics, Average Customer Base"
546,numeric,Numeric: ID 546,7043,"Older, Fewer Partners, Gender Skewed",7047,"Diverse Demographics, Average Customer Base"
547,numeric,Numeric: ID 547,7043,"Older, Fewer Partners, Gender Skewed",7047,"Diverse Demographics, Average Customer Base"
548,numeric,Numeric: ID 548,7043,"Older, Fewer Partners, Gender Skewed",7047,"Diverse Demographics, Average Customer Base"
549,numeric,Numeric: ID 549,7043,"Older, Fewer Partners, Gender Skewed",7047,"Diverse Demographics, Average Customer Base"
550,numeric,Numeric: ID 550,7043,"Older, Fewer Partners, Gender Skewed",7047,"Diverse Demographics, Average Customer Base"
551,numeric,Numeric: ID 551,7043,"Older, Fewer Partners, Gender Skewed",7047,"Diverse Demographics, Average Customer Base"
552,numeric,Numeric: ID 552,7045,"Younger, Fewer Partners, Gender Balanced",7048,"Younger, Single Customers: Engagement Focus"
553,numeric,Numeric: ID 553,7043,"Older, Fewer Partners, Gender Skewed",7047,"Diverse Demographics, Average Customer Base"
554,numeric,Numeric: ID 554,7043,"Older, Fewer Partners, Gender Skewed",7047,"Diverse Demographics, Average Customer Base"
555,numeric,Numeric: ID 555,7043,"Older, Fewer Partners, Gender Skewed",7047,"Diverse Demographics, Average Customer Base"
556,numeric,Numeric: ID 556,7044,"Balanced Demographics, Average Customer",7047,"Diverse Demographics, Average Customer Base"
557,numeric,Numeric: ID 557,7043,"Older, Fewer Partners, Gender Skewed",7047,"Diverse Demographics, Average Customer Base"
558,numeric,Numeric: ID 558,7045,"Younger, Fewer Partners, Gender Balanced",7048,"Younger, Single Customers: Engagement Focus"
559,numeric,Numeric: ID 559,7043,"Older, Fewer Partners, Gender Skewed",7047,"Diverse Demographics, Average Customer Base"
560,numeric,Numeric: ID 560,7043,"Older, Fewer Partners, Gender Skewed",7047,"Diverse Demographics, Average Customer Base"
561,numeric,Numeric: ID 561,7043,"Older, Fewer Partners, Gender Skewed",7047,"Diverse Demographics, Average Customer Base"
562,numeric,Numeric: ID 562,7043,"Older, Fewer Partners, Gender Skewed",7047,"Diverse Demographics, Average Customer Base"
563,numeric,Numeric: ID 563,7044,"Balanced Demographics, Average Customer",7047,"Diverse Demographics, Average Customer Base"
564,numeric,Numeric: ID 564,7044,"Balanced Demographics, Average Customer",7047,"Diverse Demographics, Average Customer Base"
565,numeric,Numeric: ID 565,7043,"Older, Fewer Partners, Gender Skewed",7047,"Diverse Demographics, Average Customer Base"
566,numeric,Numeric: ID 566,7043,"Older, Fewer Partners, Gender Skewed",7047,"Diverse Demographics, Average Customer Base"
567,numeric,Numeric: ID 567,7043,"Older, Fewer Partners, Gender Skewed",7047,"Diverse Demographics, Average Customer Base"
568,numeric,Numeric: ID 568,7043,"Older, Fewer Partners, Gender Skewed",7047,"Diverse Demographics, Average Customer Base"
569,numeric,Numeric: ID 569,7043,"Older, Fewer Partners, Gender Skewed",7047,"Diverse Demographics, Average Customer Base"
570,numeric,Numeric: ID 570,7043,"Older, Fewer Partners, Gender Skewed",7047,"Diverse Demographics, Average Customer Base"
571,numeric,Numeric: ID 571,7043,"Older, Fewer Partners, Gender Skewed",7047,"Diverse Demographics, Average Customer Base"
572,numeric,Numeric: ID 572,7043,"Older, Fewer Partners, Gender Skewed",7047,"Diverse Demographics, Average Customer Base"
573,numeric,Numeric: ID 573,7043,"Older, Fewer Partners, Gender Skewed",7047,"Diverse Demographics, Average Customer Base"
574,numeric,Numeric: ID 574,7043,"Older, Fewer Partners, Gender Skewed",7047,"Diverse Demographics, Average Customer Base"
575,numeric,Numeric: ID 575,7043,"Older, Fewer Partners, Gender Skewed",7047,"Diverse Demographics, Average Customer Base"
576,numeric,Numeric: ID 576,7043,"Older, Fewer Partners, Gender Skewed",7047,"Diverse Demographics, Average Customer Base"
577,numeric,Numeric: ID 577,7043,"Older, Fewer Partners, Gender Skewed",7047,"Diverse Demographics, Average Customer Base"
578,numeric,Numeric: ID 578,7043,"Older, Fewer Partners, Gender Skewed",7047,"Diverse Demographics, Average Customer Base"
579,numeric,Numeric: ID 579,7043,"Older, Fewer Partners, Gender Skewed",7047,"Diverse Demographics, Average Customer Base"
580,numeric,Numeric: ID 580,7043,"Older, Fewer Partners, Gender Skewed",7047,"Diverse Demographics, Average Customer Base"
581,numeric,Numeric: ID 581,7043,"Older, Fewer Partners, Gender Skewed",7047,"Diverse Demographics, Average Customer Base"
582,numeric,Numeric: ID 582,7043,"Older, Fewer Partners, Gender Skewed",7047,"Diverse Demographics, Average Customer Base"
583,numeric,Numeric: ID 583,7043,"Older, Fewer Partners, Gender Skewed",7047,"Diverse Demographics, Average Customer Base"
584,numeric,Numeric: ID 584,7043,"Older, Fewer Partners, Gender Skewed",7047,"Diverse Demographics, Average Customer Base"
585,numeric,Numeric: ID 585,7043,"Older, Fewer Partners, Gender Skewed",7047,"Diverse Demographics, Average Customer Base"
586,numeric,Numeric: ID 586,7043,"Older, Fewer Partners, Gender Skewed",7047,"Diverse Demographics, Average Customer Base"
587,numeric,Numeric: ID 587,7043,"Older, Fewer Partners, Gender Skewed",7047,"Diverse Demographics, Average Customer Base"
588,numeric,Numeric: ID 588,7043,"Older, Fewer Partners, Gender Skewed",7047,"Diverse Demographics, Average Customer Base"
589,numeric,Numeric: ID 589,7043,"Older, Fewer Partners, Gender Skewed",7047,"Diverse Demographics, Average Customer Base"
590,numeric,Numeric: ID 590,7043,"Older, Fewer Partners, Gender Skewed",7047,"Diverse Demographics, Average Customer Base"
591,numeric,Numeric: ID 591,7043,"Older, Fewer Partners, Gender Skewed",7047,"Diverse Demographics, Average Customer Base"
592,numeric,Numeric: ID 592,7043,"Older, Fewer Partners, Gender Skewed",7047,"Diverse Demographics, Average Customer Base"
593,numeric,Numeric: ID 593,7043,"Older, Fewer Partners, Gender Skewed",7047,"Diverse Demographics, Average Customer Base"
594,numeric,Numeric: ID 594,7043,"Older, Fewer Partners, Gender Skewed",7047,"Diverse Demographics, Average Customer Base"
595,numeric,Numeric: ID 595,7043,"Older, Fewer Partners, Gender Skewed",7047,"Diverse Demographics, Average Customer Base"
596,numeric,Numeric: ID 596,7043,"Older, Fewer Partners, Gender Skewed",7047,"Diverse Demographics, Average Customer Base"
597,numeric,Numeric: ID 597,7043,"Older, Fewer Partners, Gender Skewed",7047,"Diverse Demographics, Average Customer Base"
598,numeric,Numeric: ID 598,7043,"Older, Fewer Partners, Gender Skewed",7047,"Diverse Demographics, Average Customer Base"
599,numeric,Numeric: ID 599,7043,"Older, Fewer Partners, Gender Skewed",7047,"Diverse Demographics, Average Customer Base"
600,numeric,Numeric: ID 600,7043,"Older, Fewer Partners, Gender Skewed",7047,"Diverse Demographics, Average Customer Base"
601,numeric,Numeric: ID 601,7043,"Older, Fewer Partners, Gender Skewed",7047,"Diverse Demographics, Average Customer Base"
602,numeric,Numeric: ID 602,7043,"Older, Fewer Partners, Gender Skewed",7047,"Diverse Demographics, Average Customer Base"
603,numeric,Numeric: ID 603,7043,"Older, Fewer Partners, Gender Skewed",7047,"Diverse Demographics, Average Customer Base"
604,numeric,Numeric: ID 604,7043,"Older, Fewer Partners, Gender Skewed",7047,"Diverse Demographics, Average Customer Base"
605,numeric,Numeric: ID 605,7044,"Balanced Demographics, Average Customer",7047,"Diverse Demographics, Average Customer Base"
606,numeric,Numeric: ID 606,7043,"Older, Fewer Partners, Gender Skewed",7047,"Diverse Demographics, Average Customer Base"
607,numeric,Numeric: ID 607,7043,"Older, Fewer Partners, Gender Skewed",7047,"Diverse Demographics, Average Customer Base"
608,numeric,Numeric: ID 608,7044,"Balanced Demographics, Average Customer",7047,"Diverse Demographics, Average Customer Base"
609,numeric,Numeric: ID 609,7043,"Older, Fewer Partners, Gender Skewed",7047,"Diverse Demographics, Average Customer Base"
610,numeric,Numeric: ID 610,7043,"Older, Fewer Partners, Gender Skewed",7047,"Diverse Demographics, Average Customer Base"
611,numeric,Numeric: ID 611,7043,"Older, Fewer Partners, Gender Skewed",7047,"Diverse Demographics, Average Customer Base"
612,numeric,Numeric: ID 612,7043,"Older, Fewer Partners, Gender Skewed",7047,"Diverse Demographics, Average Customer Base"
613,numeric,Numeric: ID 613,7043,"Older, Fewer Partners, Gender Skewed",7047,"Diverse Demographics, Average Customer Base"
614,numeric,Numeric: ID 614,7043,"Older, Fewer Partners, Gender Skewed",7047,"Diverse Demographics, Average Customer Base"
615,numeric,Numeric: ID 615,7043,"Older, Fewer Partners, Gender Skewed",7047,"Diverse Demographics, Average Customer Base"
616,numeric,Numeric: ID 616,7043,"Older, Fewer Partners, Gender Skewed",7047,"Diverse Demographics, Average Customer Base"
617,numeric,Numeric: ID 617,7043,"Older, Fewer Partners, Gender Skewed",7047,"Diverse Demographics, Average Customer Base"
618,numeric,Numeric: ID 618,7043,"Older, Fewer Partners, Gender Skewed",7047,"Diverse Demographics, Average Customer Base"
619,numeric,Numeric: ID 619,7043,"Older, Fewer Partners, Gender Skewed",7047,"Diverse Demographics, Average Customer Base"
620,numeric,Numeric: ID 620,7043,"Older, Fewer Partners, Gender Skewed",7047,"Diverse Demographics, Average Customer Base"
621,numeric,Numeric: ID 621,7043,"Older, Fewer Partners, Gender Skewed",7047,"Diverse Demographics, Average Customer Base"
622,numeric,Numeric: ID 622,7043,"Older, Fewer Partners, Gender Skewed",7047,"Diverse Demographics, Average Customer Base"
623,numeric,Numeric: ID 623,7043,"Older, Fewer Partners, Gender Skewed",7047,"Diverse Demographics, Average Customer Base"
624,numeric,Numeric: ID 624,7043,"Older, Fewer Partners, Gender Skewed",7047,"Diverse Demographics, Average Customer Base"
625,numeric,Numeric: ID 625,7043,"Older, Fewer Partners, Gender Skewed",7047,"Diverse Demographics, Average Customer Base"
626,numeric,Numeric: ID 626,7043,"Older, Fewer Partners, Gender Skewed",7047,"Diverse Demographics, Average Customer Base"
627,numeric,Numeric: ID 627,7044,"Balanced Demographics, Average Customer",7047,"Diverse Demographics, Average Customer Base"
628,numeric,Numeric: ID 628,7043,"Older, Fewer Partners, Gender Skewed",7047,"Diverse Demographics, Average Customer Base"
629,numeric,Numeric: ID 629,7043,"Older, Fewer Partners, Gender Skewed",7047,"Diverse Demographics, Average Customer Base"
630,numeric,Numeric: ID 630,7044,"Balanced Demographics, Average Customer",7047,"Diverse Demographics, Average Customer Base"
631,numeric,Numeric: ID 631,7043,"Older, Fewer Partners, Gender Skewed",7047,"Diverse Demographics, Average Customer Base"
632,numeric,Numeric: ID 632,7044,"Balanced Demographics, Average Customer",7047,"Diverse Demographics, Average Customer Base"
633,numeric,Numeric: ID 633,7043,"Older, Fewer Partners, Gender Skewed",7047,"Diverse Demographics, Average Customer Base"
634,numeric,Numeric: ID 634,7043,"Older, Fewer Partners, Gender Skewed",7047,"Diverse Demographics, Average Customer Base"
635,numeric,Numeric: ID 635,7043,"Older, Fewer Partners, Gender Skewed",7047,"Diverse Demographics, Average Customer Base"
636,numeric,Numeric: ID 636,7043,"Older, Fewer Partners, Gender Skewed",7047,"Diverse Demographics, Average Customer Base"
637,numeric,Numeric: ID 637,7043,"Older, Fewer Partners, Gender Skewed",7047,"Diverse Demographics, Average Customer Base"
638,numeric,Numeric: ID 638,7043,"Older, Fewer Partners, Gender Skewed",7047,"Diverse Demographics, Average Customer Base"
639,numeric,Numeric: ID 639,7043,"Older, Fewer Partners, Gender Skewed",7047,"Diverse Demographics, Average Customer Base"
640,numeric,Numeric: ID 640,7043,"Older, Fewer Partners, Gender Skewed",7047,"Diverse Demographics, Average Customer Base"
641,numeric,Numeric: ID 641,7043,"Older, Fewer Partners, Gender Skewed",7047,"Diverse Demographics, Average Customer Base"
642,numeric,Numeric: ID 642,7044,"Balanced Demographics, Average Customer",7047,"Diverse Demographics, Average Customer Base"
643,numeric,Numeric: ID 643,7044,"Balanced Demographics, Average Customer",7047,"Diverse Demographics, Average Customer Base"
644,numeric,Numeric: ID 644,7043,"Older, Fewer Partners, Gender Skewed",7047,"Diverse Demographics, Average Customer Base"
645,numeric,Numeric: ID 645,7043,"Older, Fewer Partners, Gender Skewed",7047,"Diverse Demographics, Average Customer Base"
646,numeric,Numeric: ID 646,7043,"Older, Fewer Partners, Gender Skewed",7047,"Diverse Demographics, Average Customer Base"
647,numeric,Numeric: ID 647,7043,"Older, Fewer Partners, Gender Skewed",7047,"Diverse Demographics, Average Customer Base"
648,numeric,Numeric: ID 648,7043,"Older, Fewer Partners, Gender Skewed",7047,"Diverse Demographics, Average Customer Base"
649,numeric,Numeric: ID 649,7044,"Balanced Demographics, Average Customer",7047,"Diverse Demographics, Average Customer Base"
650,numeric,Numeric: ID 650,7043,"Older, Fewer Partners, Gender Skewed",7047,"Diverse Demographics, Average Customer Base"
651,numeric,Numeric: ID 651,7043,"Older, Fewer Partners, Gender Skewed",7047,"Diverse Demographics, Average Customer Base"
652,numeric,Numeric: ID 652,7043,"Older, Fewer Partners, Gender Skewed",7047,"Diverse Demographics, Average Customer Base"
653,numeric,Numeric: ID 653,7043,"Older, Fewer Partners, Gender Skewed",7047,"Diverse Demographics, Average Customer Base"
654,numeric,Numeric: ID 654,7043,"Older, Fewer Partners, Gender Skewed",7047,"Diverse Demographics, Average Customer Base"
655,numeric,Numeric: ID 655,7043,"Older, Fewer Partners, Gender Skewed",7047,"Diverse Demographics, Average Customer Base"
656,numeric,Numeric: ID 656,7043,"Older, Fewer Partners, Gender Skewed",7047,"Diverse Demographics, Average Customer Base"
657,numeric,Numeric: ID 657,7045,"Younger, Fewer Partners, Gender Balanced",7048,"Younger, Single Customers: Engagement Focus"
658,numeric,Numeric: ID 658,7043,"Older, Fewer Partners, Gender Skewed",7047,"Diverse Demographics, Average Customer Base"
659,numeric,Numeric: ID 659,7043,"Older, Fewer Partners, Gender Skewed",7047,"Diverse Demographics, Average Customer Base"
660,numeric,Numeric: ID 660,7043,"Older, Fewer Partners, Gender Skewed",7047,"Diverse Demographics, Average Customer Base"
661,numeric,Numeric: ID 661,7045,"Younger, Fewer Partners, Gender Balanced",7048,"Younger, Single Customers: Engagement Focus"
662,numeric,Numeric: ID 662,7043,"Older, Fewer Partners, Gender Skewed",7047,"Diverse Demographics, Average Customer Base"
663,numeric,Numeric: ID 663,7043,"Older, Fewer Partners, Gender Skewed",7047,"Diverse Demographics, Average Customer Base"
664,numeric,Numeric: ID 664,7043,"Older, Fewer Partners, Gender Skewed",7047,"Diverse Demographics, Average Customer Base"
665,numeric,Numeric: ID 665,7043,"Older, Fewer Partners, Gender Skewed",7047,"Diverse Demographics, Average Customer Base"
666,numeric,Numeric: ID 666,7043,"Older, Fewer Partners, Gender Skewed",7047,"Diverse Demographics, Average Customer Base"
667,numeric,Numeric: ID 667,7043,"Older, Fewer Partners, Gender Skewed",7047,"Diverse Demographics, Average Customer Base"
668,numeric,Numeric: ID 668,7043,"Older, Fewer Partners, Gender Skewed",7047,"Diverse Demographics, Average Customer Base"
669,numeric,Numeric: ID 669,7043,"Older, Fewer Partners, Gender Skewed",7047,"Diverse Demographics, Average Customer Base"
670,numeric,Numeric: ID 670,7043,"Older, Fewer Partners, Gender Skewed",7047,"Diverse Demographics, Average Customer Base"
671,numeric,Numeric: ID 671,7043,"Older, Fewer Partners, Gender Skewed",7047,"Diverse Demographics, Average Customer Base"
672,numeric,Numeric: ID 672,7043,"Older, Fewer Partners, Gender Skewed",7047,"Diverse Demographics, Average Customer Base"
673,numeric,Numeric: ID 673,7043,"Older, Fewer Partners, Gender Skewed",7047,"Diverse Demographics, Average Customer Base"
674,numeric,Numeric: ID 674,7044,"Balanced Demographics, Average Customer",7047,"Diverse Demographics, Average Customer Base"
675,numeric,Numeric: ID 675,7043,"Older, Fewer Partners, Gender Skewed",7047,"Diverse Demographics, Average Customer Base"
676,numeric,Numeric: ID 676,7044,"Balanced Demographics, Average Customer",7047,"Diverse Demographics, Average Customer Base"
677,numeric,Numeric: ID 677,7043,"Older, Fewer Partners, Gender Skewed",7047,"Diverse Demographics, Average Customer Base"
678,numeric,Numeric: ID 678,7043,"Older, Fewer Partners, Gender Skewed",7047,"Diverse Demographics, Average Customer Base"
679,numeric,Numeric: ID 679,7043,"Older, Fewer Partners, Gender Skewed",7047,"Diverse Demographics, Average Customer Base"
680,numeric,Numeric: ID 680,7043,"Older, Fewer Partners, Gender Skewed",7047,"Diverse Demographics, Average Customer Base"
681,numeric,Numeric: ID 681,7045,"Younger, Fewer Partners, Gender Balanced",7048,"Younger, Single Customers: Engagement Focus"
682,numeric,Numeric: ID 682,7043,"Older, Fewer Partners, Gender Skewed",7047,"Diverse Demographics, Average Customer Base"
683,numeric,Numeric: ID 683,7043,"Older, Fewer Partners, Gender Skewed",7047,"Diverse Demographics, Average Customer Base"
684,numeric,Numeric: ID 684,7043,"Older, Fewer Partners, Gender Skewed",7047,"Diverse Demographics, Average Customer Base"
685,numeric,Numeric: ID 685,7043,"Older, Fewer Partners, Gender Skewed",7047,"Diverse Demographics, Average Customer Base"
686,numeric,Numeric: ID 686,7043,"Older, Fewer Partners, Gender Skewed",7047,"Diverse Demographics, Average Customer Base"
687,numeric,Numeric: ID 687,7043,"Older, Fewer Partners, Gender Skewed",7047,"Diverse Demographics, Average Customer Base"
688,numeric,Numeric: ID 688,7043,"Older, Fewer Partners, Gender Skewed",7047,"Diverse Demographics, Average Customer Base"
689,numeric,Numeric: ID 689,7043,"Older, Fewer Partners, Gender Skewed",7047,"Diverse Demographics, Average Customer Base"
690,numeric,Numeric: ID 690,7044,"Balanced Demographics, Average Customer",7047,"Diverse Demographics, Average Customer Base"
691,numeric,Numeric: ID 691,7043,"Older, Fewer Partners, Gender Skewed",7047,"Diverse Demographics, Average Customer Base"
692,numeric,Numeric: ID 692,7043,"Older, Fewer Partners, Gender Skewed",7047,"Diverse Demographics, Average Customer Base"
693,numeric,Numeric: ID 693,7043,"Older, Fewer Partners, Gender Skewed",7047,"Diverse Demographics, Average Customer Base"
694,numeric,Numeric: ID 694,7044,"Balanced Demographics, Average Customer",7047,"Diverse Demographics, Average Customer Base"
695,numeric,Numeric: ID 695,7045,"Younger, Fewer Partners, Gender Balanced",7048,"Younger, Single Customers: Engagement Focus"
696,numeric,Numeric: ID 696,7043,"Older, Fewer Partners, Gender Skewed",7047,"Diverse Demographics, Average Customer Base"
697,numeric,Numeric: ID 697,7043,"Older, Fewer Partners, Gender Skewed",7047,"Diverse Demographics, Average Customer Base"
698,numeric,Numeric: ID 698,7043,"Older, Fewer Partners, Gender Skewed",7047,"Diverse Demographics, Average Customer Base"
699,numeric,Numeric: ID 699,7043,"Older, Fewer Partners, Gender Skewed",7047,"Diverse Demographics, Average Customer Base"
700,numeric,Numeric: ID 700,7043,"Older, Fewer Partners, Gender Skewed",7047,"Diverse Demographics, Average Customer Base"
701,numeric,Numeric: ID 701,7043,"Older, Fewer Partners, Gender Skewed",7047,"Diverse Demographics, Average Customer Base"
702,numeric,Numeric: ID 702,7043,"Older, Fewer Partners, Gender Skewed",7047,"Diverse Demographics, Average Customer Base"
703,numeric,Numeric: ID 703,7043,"Older, Fewer Partners, Gender Skewed",7047,"Diverse Demographics, Average Customer Base"
704,numeric,Numeric: ID 704,7043,"Older, Fewer Partners, Gender Skewed",7047,"Diverse Demographics, Average Customer Base"
705,numeric,Numeric: ID 705,7043,"Older, Fewer Partners, Gender Skewed",7047,"Diverse Demographics, Average Customer Base"
706,numeric,Numeric: ID 706,7043,"Older, Fewer Partners, Gender Skewed",7047,"Diverse Demographics, Average Customer Base"
707,numeric,Numeric: ID 707,7043,"Older, Fewer Partners, Gender Skewed",7047,"Diverse Demographics, Average Customer Base"
708,numeric,Numeric: ID 708,7043,"Older, Fewer Partners, Gender Skewed",7047,"Diverse Demographics, Average Customer Base"
709,numeric,Numeric: ID 709,7043,"Older, Fewer Partners, Gender Skewed",7047,"Diverse Demographics, Average Customer Base"
710,numeric,Numeric: ID 710,7043,"Older, Fewer Partners, Gender Skewed",7047,"Diverse Demographics, Average Customer Base"
711,numeric,Numeric: ID 711,7043,"Older, Fewer Partners, Gender Skewed",7047,"Diverse Demographics, Average Customer Base"
712,numeric,Numeric: ID 712,7043,"Older, Fewer Partners, Gender Skewed",7047,"Diverse Demographics, Average Customer Base"
713,numeric,Numeric: ID 713,7043,"Older, Fewer Partners, Gender Skewed",7047,"Diverse Demographics, Average Customer Base"
714,numeric,Numeric: ID 714,7043,"Older, Fewer Partners, Gender Skewed",7047,"Diverse Demographics, Average Customer Base"
715,numeric,Numeric: ID 715,7043,"Older, Fewer Partners, Gender Skewed",7047,"Diverse Demographics, Average Customer Base"
716,numeric,Numeric: ID 716,7043,"Older, Fewer Partners, Gender Skewed",7047,"Diverse Demographics, Average Customer Base"
717,numeric,Numeric: ID 717,7044,"Balanced Demographics, Average Customer",7047,"Diverse Demographics, Average Customer Base"
718,numeric,Numeric: ID 718,7044,"Balanced Demographics, Average Customer",7047,"Diverse Demographics, Average Customer Base"
719,numeric,Numeric: ID 719,7043,"Older, Fewer Partners, Gender Skewed",7047,"Diverse Demographics, Average Customer Base"
720,numeric,Numeric: ID 720,7045,"Younger, Fewer Partners, Gender Balanced",7048,"Younger, Single Customers: Engagement Focus"
721,numeric,Numeric: ID 721,7044,"Balanced Demographics, Average Customer",7047,"Diverse Demographics, Average Customer Base"
722,numeric,Numeric: ID 722,7045,"Younger, Fewer Partners, Gender Balanced",7048,"Younger, Single Customers: Engagement Focus"
723,numeric,Numeric: ID 723,7043,"Older, Fewer Partners, Gender Skewed",7047,"Diverse Demographics, Average Customer Base"
724,numeric,Numeric: ID 724,7043,"Older, Fewer Partners, Gender Skewed",7047,"Diverse Demographics, Average Customer Base"
725,numeric,Numeric: ID 725,7043,"Older, Fewer Partners, Gender Skewed",7047,"Diverse Demographics, Average Customer Base"
726,numeric,Numeric: ID 726,7043,"Older, Fewer Partners, Gender Skewed",7047,"Diverse Demographics, Average Customer Base"
727,numeric,Numeric: ID 727,7043,"Older, Fewer Partners, Gender Skewed",7047,"Diverse Demographics, Average Customer Base"
728,numeric,Numeric: ID 728,7043,"Older, Fewer Partners, Gender Skewed",7047,"Diverse Demographics, Average Customer Base"
729,numeric,Numeric: ID 729,7043,"Older, Fewer Partners, Gender Skewed",7047,"Diverse Demographics, Average Customer Base"
730,numeric,Numeric: ID 730,7043,"Older, Fewer Partners, Gender Skewed",7047,"Diverse Demographics, Average Customer Base"
731,numeric,Numeric: ID 731,7043,"Older, Fewer Partners, Gender Skewed",7047,"Diverse Demographics, Average Customer Base"
732,numeric,Numeric: ID 732,7043,"Older, Fewer Partners, Gender Skewed",7047,"Diverse Demographics, Average Customer Base"
733,numeric,Numeric: ID 733,7043,"Older, Fewer Partners, Gender Skewed",7047,"Diverse Demographics, Average Customer Base"
734,numeric,Numeric: ID 734,7044,"Balanced Demographics, Average Customer",7047,"Diverse Demographics, Average Customer Base"
735,numeric,Numeric: ID 735,7043,"Older, Fewer Partners, Gender Skewed",7047,"Diverse Demographics, Average Customer Base"
736,numeric,Numeric: ID 736,7043,"Older, Fewer Partners, Gender Skewed",7047,"Diverse Demographics, Average Customer Base"
737,numeric,Numeric: ID 737,7043,"Older, Fewer Partners, Gender Skewed",7047,"Diverse Demographics, Average Customer Base"
738,numeric,Numeric: ID 738,7043,"Older, Fewer Partners, Gender Skewed",7047,"Diverse Demographics, Average Customer Base"
739,numeric,Numeric: ID 739,7043,"Older, Fewer Partners, Gender Skewed",7047,"Diverse Demographics, Average Customer Base"
740,numeric,Numeric: ID 740,7043,"Older, Fewer Partners, Gender Skewed",7047,"Diverse Demographics, Average Customer Base"
741,numeric,Numeric: ID 741,7043,"Older, Fewer Partners, Gender Skewed",7047,"Diverse Demographics, Average Customer Base"
742,numeric,Numeric: ID 742,7045,"Younger, Fewer Partners, Gender Balanced",7048,"Younger, Single Customers: Engagement Focus"
743,numeric,Numeric: ID 743,7043,"Older, Fewer Partners, Gender Skewed",7047,"Diverse Demographics, Average Customer Base"
744,numeric,Numeric: ID 744,7043,"Older, Fewer Partners, Gender Skewed",7047,"Diverse Demographics, Average Customer Base"
745,numeric,Numeric: ID 745,7043,"Older, Fewer Partners, Gender Skewed",7047,"Diverse Demographics, Average Customer Base"
746,numeric,Numeric: ID 746,7043,"Older, Fewer Partners, Gender Skewed",7047,"Diverse Demographics, Average Customer Base"
747,numeric,Numeric: ID 747,7043,"Older, Fewer Partners, Gender Skewed",7047,"Diverse Demographics, Average Customer Base"
748,numeric,Numeric: ID 748,7043,"Older, Fewer Partners, Gender Skewed",7047,"Diverse Demographics, Average Customer Base"
749,numeric,Numeric: ID 749,7043,"Older, Fewer Partners, Gender Skewed",7047,"Diverse Demographics, Average Customer Base"
750,numeric,Numeric: ID 750,7043,"Older, Fewer Partners, Gender Skewed",7047,"Diverse Demographics, Average Customer Base"
751,numeric,Numeric: ID 751,7043,"Older, Fewer Partners, Gender Skewed",7047,"Diverse Demographics, Average Customer Base"
752,numeric,Numeric: ID 752,7043,"Older, Fewer Partners, Gender Skewed",7047,"Diverse Demographics, Average Customer Base"
753,numeric,Numeric: ID 753,7043,"Older, Fewer Partners, Gender Skewed",7047,"Diverse Demographics, Average Customer Base"
754,numeric,Numeric: ID 754,7043,"Older, Fewer Partners, Gender Skewed",7047,"Diverse Demographics, Average Customer Base"
755,numeric,Numeric: ID 755,7043,"Older, Fewer Partners, Gender Skewed",7047,"Diverse Demographics, Average Customer Base"
756,numeric,Numeric: ID 756,7043,"Older, Fewer Partners, Gender Skewed",7047,"Diverse Demographics, Average Customer Base"
757,numeric,Numeric: ID 757,7043,"Older, Fewer Partners, Gender Skewed",7047,"Diverse Demographics, Average Customer Base"
758,numeric,Numeric: ID 758,7043,"Older, Fewer Partners, Gender Skewed",7047,"Diverse Demographics, Average Customer Base"
759,numeric,Numeric: ID 759,7043,"Older, Fewer Partners, Gender Skewed",7047,"Diverse Demographics, Average Customer Base"
760,numeric,Numeric: ID 760,7043,"Older, Fewer Partners, Gender Skewed",7047,"Diverse Demographics, Average Customer Base"
761,numeric,Numeric: ID 761,7043,"Older, Fewer Partners, Gender Skewed",7047,"Diverse Demographics, Average Customer Base"
762,numeric,Numeric: ID 762,7043,"Older, Fewer Partners, Gender Skewed",7047,"Diverse Demographics, Average Customer Base"
763,numeric,Numeric: ID 763,7043,"Older, Fewer Partners, Gender Skewed",7047,"Diverse Demographics, Average Customer Base"
764,numeric,Numeric: ID 764,7043,"Older, Fewer Partners, Gender Skewed",7047,"Diverse Demographics, Average Customer Base"
765,numeric,Numeric: ID 765,7043,"Older, Fewer Partners, Gender Skewed",7047,"Diverse Demographics, Average Customer Base"
766,numeric,Numeric: ID 766,7043,"Older, Fewer Partners, Gender Skewed",7047,"Diverse Demographics, Average Customer Base"
767,numeric,Numeric: ID 767,7044,"Balanced Demographics, Average Customer",7047,"Diverse Demographics, Average Customer Base"
768,numeric,Numeric: ID 768,7043,"Older, Fewer Partners, Gender Skewed",7047,"Diverse Demographics, Average Customer Base"
769,numeric,Numeric: ID 769,7043,"Older, Fewer Partners, Gender Skewed",7047,"Diverse Demographics, Average Customer Base"
770,numeric,Numeric: ID 770,7043,"Older, Fewer Partners, Gender Skewed",7047,"Diverse Demographics, Average Customer Base"
771,numeric,Numeric: ID 771,7043,"Older, Fewer Partners, Gender Skewed",7047,"Diverse Demographics, Average Customer Base"
772,numeric,Numeric: ID 772,7043,"Older, Fewer Partners, Gender Skewed",7047,"Diverse Demographics, Average Customer Base"
773,numeric,Numeric: ID 773,7044,"Balanced Demographics, Average Customer",7047,"Diverse Demographics, Average Customer Base"
774,numeric,Numeric: ID 774,7043,"Older, Fewer Partners, Gender Skewed",7047,"Diverse Demographics, Average Customer Base"
775,numeric,Numeric: ID 775,7043,"Older, Fewer Partners, Gender Skewed",7047,"Diverse Demographics, Average Customer Base"
776,numeric,Numeric: ID 776,7043,"Older, Fewer Partners, Gender Skewed",7047,"Diverse Demographics, Average Customer Base"
777,numeric,Numeric: ID 777,7043,"Older, Fewer Partners, Gender Skewed",7047,"Diverse Demographics, Average Customer Base"
778,numeric,Numeric: ID 778,7044,"Balanced Demographics, Average Customer",7047,"Diverse Demographics, Average Customer Base"
779,numeric,Numeric: ID 779,7043,"Older, Fewer Partners, Gender Skewed",7047,"Diverse Demographics, Average Customer Base"
780,numeric,Numeric: ID 780,7043,"Older, Fewer Partners, Gender Skewed",7047,"Diverse Demographics, Average Customer Base"
781,numeric,Numeric: ID 781,7043,"Older, Fewer Partners, Gender Skewed",7047,"Diverse Demographics, Average Customer Base"
782,numeric,Numeric: ID 782,7043,"Older, Fewer Partners, Gender Skewed",7047,"Diverse Demographics, Average Customer Base"
783,numeric,Numeric: ID 783,7043,"Older, Fewer Partners, Gender Skewed",7047,"Diverse Demographics, Average Customer Base"
784,numeric,Numeric: ID 784,7043,"Older, Fewer Partners, Gender Skewed",7047,"Diverse Demographics, Average Customer Base"
785,numeric,Numeric: ID 785,7043,"Older, Fewer Partners, Gender Skewed",7047,"Diverse Demographics, Average Customer Base"
786,numeric,Numeric: ID 786,7043,"Older, Fewer Partners, Gender Skewed",7047,"Diverse Demographics, Average Customer Base"
787,numeric,Numeric: ID 787,7043,"Older, Fewer Partners, Gender Skewed",7047,"Diverse Demographics, Average Customer Base"
788,numeric,Numeric: ID 788,7044,"Balanced Demographics, Average Customer",7047,"Diverse Demographics, Average Customer Base"
789,numeric,Numeric: ID 789,7043,"Older, Fewer Partners, Gender Skewed",7047,"Diverse Demographics, Average Customer Base"
790,numeric,Numeric: ID 790,7043,"Older, Fewer Partners, Gender Skewed",7047,"Diverse Demographics, Average Customer Base"
791,numeric,Numeric: ID 791,7043,"Older, Fewer Partners, Gender Skewed",7047,"Diverse Demographics, Average Customer Base"
792,numeric,Numeric: ID 792,7043,"Older, Fewer Partners, Gender Skewed",7047,"Diverse Demographics, Average Customer Base"
793,numeric,Numeric: ID 793,7043,"Older, Fewer Partners, Gender Skewed",7047,"Diverse Demographics, Average Customer Base"
794,numeric,Numeric: ID 794,7044,"Balanced Demographics, Average Customer",7047,"Diverse Demographics, Average Customer Base"
795,numeric,Numeric: ID 795,7044,"Balanced Demographics, Average Customer",7047,"Diverse Demographics, Average Customer Base"
796,numeric,Numeric: ID 796,7043,"Older, Fewer Partners, Gender Skewed",7047,"Diverse Demographics, Average Customer Base"
797,numeric,Numeric: ID 797,7043,"Older, Fewer Partners, Gender Skewed",7047,"Diverse Demographics, Average Customer Base"
798,numeric,Numeric: ID 798,7045,"Younger, Fewer Partners, Gender Balanced",7048,"Younger, Single Customers: Engagement Focus"
799,numeric,Numeric: ID 799,7043,"Older, Fewer Partners, Gender Skewed",7047,"Diverse Demographics, Average Customer Base"
800,numeric,Numeric: ID 800,7043,"Older, Fewer Partners, Gender Skewed",7047,"Diverse Demographics, Average Customer Base"
801,numeric,Numeric: ID 801,7043,"Older, Fewer Partners, Gender Skewed",7047,"Diverse Demographics, Average Customer Base"
802,numeric,Numeric: ID 802,7043,"Older, Fewer Partners, Gender Skewed",7047,"Diverse Demographics, Average Customer Base"
803,numeric,Numeric: ID 803,7043,"Older, Fewer Partners, Gender Skewed",7047,"Diverse Demographics, Average Customer Base"
804,numeric,Numeric: ID 804,7043,"Older, Fewer Partners, Gender Skewed",7047,"Diverse Demographics, Average Customer Base"
805,numeric,Numeric: ID 805,7043,"Older, Fewer Partners, Gender Skewed",7047,"Diverse Demographics, Average Customer Base"
806,numeric,Numeric: ID 806,7043,"Older, Fewer Partners, Gender Skewed",7047,"Diverse Demographics, Average Customer Base"
807,numeric,Numeric: ID 807,7043,"Older, Fewer Partners, Gender Skewed",7047,"Diverse Demographics, Average Customer Base"
808,numeric,Numeric: ID 808,7043,"Older, Fewer Partners, Gender Skewed",7047,"Diverse Demographics, Average Customer Base"
809,numeric,Numeric: ID 809,7043,"Older, Fewer Partners, Gender Skewed",7047,"Diverse Demographics, Average Customer Base"
810,numeric,Numeric: ID 810,7043,"Older, Fewer Partners, Gender Skewed",7047,"Diverse Demographics, Average Customer Base"
811,numeric,Numeric: ID 811,7044,"Balanced Demographics, Average Customer",7047,"Diverse Demographics, Average Customer Base"
812,numeric,Numeric: ID 812,7043,"Older, Fewer Partners, Gender Skewed",7047,"Diverse Demographics, Average Customer Base"
813,numeric,Numeric: ID 813,7043,"Older, Fewer Partners, Gender Skewed",7047,"Diverse Demographics, Average Customer Base"
814,numeric,Numeric: ID 814,7045,"Younger, Fewer Partners, Gender Balanced",7048,"Younger, Single Customers: Engagement Focus"
815,numeric,Numeric: ID 815,7043,"Older, Fewer Partners, Gender Skewed",7047,"Diverse Demographics, Average Customer Base"
816,numeric,Numeric: ID 816,7043,"Older, Fewer Partners, Gender Skewed",7047,"Diverse Demographics, Average Customer Base"
817,numeric,Numeric: ID 817,7043,"Older, Fewer Partners, Gender Skewed",7047,"Diverse Demographics, Average Customer Base"
818,numeric,Numeric: ID 818,7043,"Older, Fewer Partners, Gender Skewed",7047,"Diverse Demographics, Average Customer Base"
819,numeric,Numeric: ID 819,7044,"Balanced Demographics, Average Customer",7047,"Diverse Demographics, Average Customer Base"
820,numeric,Numeric: ID 820,7043,"Older, Fewer Partners, Gender Skewed",7047,"Diverse Demographics, Average Customer Base"
821,numeric,Numeric: ID 821,7043,"Older, Fewer Partners, Gender Skewed",7047,"Diverse Demographics, Average Customer Base"
822,numeric,Numeric: ID 822,7043,"Older, Fewer Partners, Gender Skewed",7047,"Diverse Demographics, Average Customer Base"
823,numeric,Numeric: ID 823,7044,"Balanced Demographics, Average Customer",7047,"Diverse Demographics, Average Customer Base"
824,numeric,Numeric: ID 824,7043,"Older, Fewer Partners, Gender Skewed",7047,"Diverse Demographics, Average Customer Base"
825,numeric,Numeric: ID 825,7045,"Younger, Fewer Partners, Gender Balanced",7048,"Younger, Single Customers: Engagement Focus"
826,numeric,Numeric: ID 826,7043,"Older, Fewer Partners, Gender Skewed",7047,"Diverse Demographics, Average Customer Base"
827,numeric,Numeric: ID 827,7043,"Older, Fewer Partners, Gender Skewed",7047,"Diverse Demographics, Average Customer Base"
828,numeric,Numeric: ID 828,7043,"Older, Fewer Partners, Gender Skewed",7047,"Diverse Demographics, Average Customer Base"
829,numeric,Numeric: ID 829,7043,"Older, Fewer Partners, Gender Skewed",7047,"Diverse Demographics, Average Customer Base"
830,numeric,Numeric: ID 830,7043,"Older, Fewer Partners, Gender Skewed",7047,"Diverse Demographics, Average Customer Base"
831,numeric,Numeric: ID 831,7043,"Older, Fewer Partners, Gender Skewed",7047,"Diverse Demographics, Average Customer Base"
832,numeric,Numeric: ID 832,7043,"Older, Fewer Partners, Gender Skewed",7047,"Diverse Demographics, Average Customer Base"
833,numeric,Numeric: ID 833,7044,"Balanced Demographics, Average Customer",7047,"Diverse Demographics, Average Customer Base"
834,numeric,Numeric: ID 834,7044,"Balanced Demographics, Average Customer",7047,"Diverse Demographics, Average Customer Base"
835,numeric,Numeric: ID 835,7043,"Older, Fewer Partners, Gender Skewed",7047,"Diverse Demographics, Average Customer Base"
836,numeric,Numeric: ID 836,7044,"Balanced Demographics, Average Customer",7047,"Diverse Demographics, Average Customer Base"
837,numeric,Numeric: ID 837,7043,"Older, Fewer Partners, Gender Skewed",7047,"Diverse Demographics, Average Customer Base"
838,numeric,Numeric: ID 838,7043,"Older, Fewer Partners, Gender Skewed",7047,"Diverse Demographics, Average Customer Base"
839,numeric,Numeric: ID 839,7043,"Older, Fewer Partners, Gender Skewed",7047,"Diverse Demographics, Average Customer Base"
840,numeric,Numeric: ID 840,7043,"Older, Fewer Partners, Gender Skewed",7047,"Diverse Demographics, Average Customer Base"
841,numeric,Numeric: ID 841,7043,"Older, Fewer Partners, Gender Skewed",7047,"Diverse Demographics, Average Customer Base"
842,numeric,Numeric: ID 842,7043,"Older, Fewer Partners, Gender Skewed",7047,"Diverse Demographics, Average Customer Base"
843,numeric,Numeric: ID 843,7043,"Older, Fewer Partners, Gender Skewed",7047,"Diverse Demographics, Average Customer Base"
844,numeric,Numeric: ID 844,7045,"Younger, Fewer Partners, Gender Balanced",7048,"Younger, Single Customers: Engagement Focus"
845,numeric,Numeric: ID 845,7043,"Older, Fewer Partners, Gender Skewed",7047,"Diverse Demographics, Average Customer Base"
846,numeric,Numeric: ID 846,7043,"Older, Fewer Partners, Gender Skewed",7047,"Diverse Demographics, Average Customer Base"
847,numeric,Numeric: ID 847,7043,"Older, Fewer Partners, Gender Skewed",7047,"Diverse Demographics, Average Customer Base"
848,numeric,Numeric: ID 848,7043,"Older, Fewer Partners, Gender Skewed",7047,"Diverse Demographics, Average Customer Base"
849,numeric,Numeric: ID 849,7043,"Older, Fewer Partners, Gender Skewed",7047,"Diverse Demographics, Average Customer Base"
850,numeric,Numeric: ID 850,7043,"Older, Fewer Partners, Gender Skewed",7047,"Diverse Demographics, Average Customer Base"
851,numeric,Numeric: ID 851,7043,"Older, Fewer Partners, Gender Skewed",7047,"Diverse Demographics, Average Customer Base"
852,numeric,Numeric: ID 852,7043,"Older, Fewer Partners, Gender Skewed",7047,"Diverse Demographics, Average Customer Base"
853,numeric,Numeric: ID 853,7043,"Older, Fewer Partners, Gender Skewed",7047,"Diverse Demographics, Average Customer Base"
854,numeric,Numeric: ID 854,7043,"Older, Fewer Partners, Gender Skewed",7047,"Diverse Demographics, Average Customer Base"
855,numeric,Numeric: ID 855,7043,"Older, Fewer Partners, Gender Skewed",7047,"Diverse Demographics, Average Customer Base"
856,numeric,Numeric: ID 856,7043,"Older, Fewer Partners, Gender Skewed",7047,"Diverse Demographics, Average Customer Base"
857,numeric,Numeric: ID 857,7043,"Older, Fewer Partners, Gender Skewed",7047,"Diverse Demographics, Average Customer Base"
858,numeric,Numeric: ID 858,7043,"Older, Fewer Partners, Gender Skewed",7047,"Diverse Demographics, Average Customer Base"
859,numeric,Numeric: ID 859,7043,"Older, Fewer Partners, Gender Skewed",7047,"Diverse Demographics, Average Customer Base"
860,numeric,Numeric: ID 860,7043,"Older, Fewer Partners, Gender Skewed",7047,"Diverse Demographics, Average Customer Base"
861,numeric,Numeric: ID 861,7043,"Older, Fewer Partners, Gender Skewed",7047,"Diverse Demographics, Average Customer Base"
862,numeric,Numeric: ID 862,7043,"Older, Fewer Partners, Gender Skewed",7047,"Diverse Demographics, Average Customer Base"
863,numeric,Numeric: ID 863,7044,"Balanced Demographics, Average Customer",7047,"Diverse Demographics, Average Customer Base"
864,numeric,Numeric: ID 864,7043,"Older, Fewer Partners, Gender Skewed",7047,"Diverse Demographics, Average Customer Base"
865,numeric,Numeric: ID 865,7043,"Older, Fewer Partners, Gender Skewed",7047,"Diverse Demographics, Average Customer Base"
866,numeric,Numeric: ID 866,7043,"Older, Fewer Partners, Gender Skewed",7047,"Diverse Demographics, Average Customer Base"
867,numeric,Numeric: ID 867,7043,"Older, Fewer Partners, Gender Skewed",7047,"Diverse Demographics, Average Customer Base"
868,numeric,Numeric: ID 868,7043,"Older, Fewer Partners, Gender Skewed",7047,"Diverse Demographics, Average Customer Base"
869,numeric,Numeric: ID 869,7043,"Older, Fewer Partners, Gender Skewed",7047,"Diverse Demographics, Average Customer Base"
870,numeric,Numeric: ID 870,7043,"Older, Fewer Partners, Gender Skewed",7047,"Diverse Demographics, Average Customer Base"
871,numeric,Numeric: ID 871,7043,"Older, Fewer Partners, Gender Skewed",7047,"Diverse Demographics, Average Customer Base"
872,numeric,Numeric: ID 872,7043,"Older, Fewer Partners, Gender Skewed",7047,"Diverse Demographics, Average Customer Base"
873,numeric,Numeric: ID 873,7043,"Older, Fewer Partners, Gender Skewed",7047,"Diverse Demographics, Average Customer Base"
874,numeric,Numeric: ID 874,7043,"Older, Fewer Partners, Gender Skewed",7047,"Diverse Demographics, Average Customer Base"
875,numeric,Numeric: ID 875,7043,"Older, Fewer Partners, Gender Skewed",7047,"Diverse Demographics, Average Customer Base"
876,numeric,Numeric: ID 876,7043,"Older, Fewer Partners, Gender Skewed",7047,"Diverse Demographics, Average Customer Base"
877,numeric,Numeric: ID 877,7043,"Older, Fewer Partners, Gender Skewed",7047,"Diverse Demographics, Average Customer Base"
878,numeric,Numeric: ID 878,7043,"Older, Fewer Partners, Gender Skewed",7047,"Diverse Demographics, Average Customer Base"
879,numeric,Numeric: ID 879,7043,"Older, Fewer Partners, Gender Skewed",7047,"Diverse Demographics, Average Customer Base"
880,numeric,Numeric: ID 880,7043,"Older, Fewer Partners, Gender Skewed",7047,"Diverse Demographics, Average Customer Base"
881,numeric,Numeric: ID 881,7043,"Older, Fewer Partners, Gender Skewed",7047,"Diverse Demographics, Average Customer Base"
882,numeric,Numeric: ID 882,7043,"Older, Fewer Partners, Gender Skewed",7047,"Diverse Demographics, Average Customer Base"
883,numeric,Numeric: ID 883,7045,"Younger, Fewer Partners, Gender Balanced",7048,"Younger, Single Customers: Engagement Focus"
884,numeric,Numeric: ID 884,7043,"Older, Fewer Partners, Gender Skewed",7047,"Diverse Demographics, Average Customer Base"
885,numeric,Numeric: ID 885,7043,"Older, Fewer Partners, Gender Skewed",7047,"Diverse Demographics, Average Customer Base"
886,numeric,Numeric: ID 886,7043,"Older, Fewer Partners, Gender Skewed",7047,"Diverse Demographics, Average Customer Base"
887,numeric,Numeric: ID 887,7043,"Older, Fewer Partners, Gender Skewed",7047,"Diverse Demographics, Average Customer Base"
888,numeric,Numeric: ID 888,7043,"Older, Fewer Partners, Gender Skewed",7047,"Diverse Demographics, Average Customer Base"
889,numeric,Numeric: ID 889,7043,"Older, Fewer Partners, Gender Skewed",7047,"Diverse Demographics, Average Customer Base"
890,numeric,Numeric: ID 890,7043,"Older, Fewer Partners, Gender Skewed",7047,"Diverse Demographics, Average Customer Base"
891,numeric,Numeric: ID 891,7043,"Older, Fewer Partners, Gender Skewed",7047,"Diverse Demographics, Average Customer Base"
892,numeric,Numeric: ID 892,7043,"Older, Fewer Partners, Gender Skewed",7047,"Diverse Demographics, Average Customer Base"
893,numeric,Numeric: ID 893,7043,"Older, Fewer Partners, Gender Skewed",7047,"Diverse Demographics, Average Customer Base"
894,numeric,Numeric: ID 894,7043,"Older, Fewer Partners, Gender Skewed",7047,"Diverse Demographics, Average Customer Base"
895,numeric,Numeric: ID 895,7043,"Older, Fewer Partners, Gender Skewed",7047,"Diverse Demographics, Average Customer Base"
896,numeric,Numeric: ID 896,7043,"Older, Fewer Partners, Gender Skewed",7047,"Diverse Demographics, Average Customer Base"
897,numeric,Numeric: ID 897,7043,"Older, Fewer Partners, Gender Skewed",7047,"Diverse Demographics, Average Customer Base"
898,numeric,Numeric: ID 898,7043,"Older, Fewer Partners, Gender Skewed",7047,"Diverse Demographics, Average Customer Base"
899,numeric,Numeric: ID 899,7043,"Older, Fewer Partners, Gender Skewed",7047,"Diverse Demographics, Average Customer Base"
900,numeric,Numeric: ID 900,7043,"Older, Fewer Partners, Gender Skewed",7047,"Diverse Demographics, Average Customer Base"
901,numeric,Numeric: ID 901,7043,"Older, Fewer Partners, Gender Skewed",7047,"Diverse Demographics, Average Customer Base"
902,numeric,Numeric: ID 902,7043,"Older, Fewer Partners, Gender Skewed",7047,"Diverse Demographics, Average Customer Base"
903,numeric,Numeric: ID 903,7043,"Older, Fewer Partners, Gender Skewed",7047,"Diverse Demographics, Average Customer Base"
904,numeric,Numeric: ID 904,7043,"Older, Fewer Partners, Gender Skewed",7047,"Diverse Demographics, Average Customer Base"
905,numeric,Numeric: ID 905,7043,"Older, Fewer Partners, Gender Skewed",7047,"Diverse Demographics, Average Customer Base"
906,numeric,Numeric: ID 906,7043,"Older, Fewer Partners, Gender Skewed",7047,"Diverse Demographics, Average Customer Base"
907,numeric,Numeric: ID 907,7043,"Older, Fewer Partners, Gender Skewed",7047,"Diverse Demographics, Average Customer Base"
908,numeric,Numeric: ID 908,7043,"Older, Fewer Partners, Gender Skewed",7047,"Diverse Demographics, Average Customer Base"
909,numeric,Numeric: ID 909,7043,"Older, Fewer Partners, Gender Skewed",7047,"Diverse Demographics, Average Customer Base"
910,numeric,Numeric: ID 910,7043,"Older, Fewer Partners, Gender Skewed",7047,"Diverse Demographics, Average Customer Base"
911,numeric,Numeric: ID 911,7043,"Older, Fewer Partners, Gender Skewed",7047,"Diverse Demographics, Average Customer Base"
912,numeric,Numeric: ID 912,7043,"Older, Fewer Partners, Gender Skewed",7047,"Diverse Demographics, Average Customer Base"
913,numeric,Numeric: ID 913,7043,"Older, Fewer Partners, Gender Skewed",7047,"Diverse Demographics, Average Customer Base"
914,numeric,Numeric: ID 914,7045,"Younger, Fewer Partners, Gender Balanced",7048,"Younger, Single Customers: Engagement Focus"
915,numeric,Numeric: ID 915,7043,"Older, Fewer Partners, Gender Skewed",7047,"Diverse Demographics, Average Customer Base"
916,numeric,Numeric: ID 916,7043,"Older, Fewer Partners, Gender Skewed",7047,"Diverse Demographics, Average Customer Base"
917,numeric,Numeric: ID 917,7043,"Older, Fewer Partners, Gender Skewed",7047,"Diverse Demographics, Average Customer Base"
918,numeric,Numeric: ID 918,7043,"Older, Fewer Partners, Gender Skewed",7047,"Diverse Demographics, Average Customer Base"
919,numeric,Numeric: ID 919,7043,"Older, Fewer Partners, Gender Skewed",7047,"Diverse Demographics, Average Customer Base"
920,numeric,Numeric: ID 920,7043,"Older, Fewer Partners, Gender Skewed",7047,"Diverse Demographics, Average Customer Base"
921,numeric,Numeric: ID 921,7045,"Younger, Fewer Partners, Gender Balanced",7048,"Younger, Single Customers: Engagement Focus"
922,numeric,Numeric: ID 922,7043,"Older, Fewer Partners, Gender Skewed",7047,"Diverse Demographics, Average Customer Base"
923,numeric,Numeric: ID 923,7043,"Older, Fewer Partners, Gender Skewed",7047,"Diverse Demographics, Average Customer Base"
924,numeric,Numeric: ID 924,7043,"Older, Fewer Partners, Gender Skewed",7047,"Diverse Demographics, Average Customer Base"
925,numeric,Numeric: ID 925,7043,"Older, Fewer Partners, Gender Skewed",7047,"Diverse Demographics, Average Customer Base"
926,numeric,Numeric: ID 926,7043,"Older, Fewer Partners, Gender Skewed",7047,"Diverse Demographics, Average Customer Base"
927,numeric,Numeric: ID 927,7043,"Older, Fewer Partners, Gender Skewed",7047,"Diverse Demographics, Average Customer Base"
928,numeric,Numeric: ID 928,7043,"Older, Fewer Partners, Gender Skewed",7047,"Diverse Demographics, Average Customer Base"
929,numeric,Numeric: ID 929,7043,"Older, Fewer Partners, Gender Skewed",7047,"Diverse Demographics, Average Customer Base"
930,numeric,Numeric: ID 930,7043,"Older, Fewer Partners, Gender Skewed",7047,"Diverse Demographics, Average Customer Base"
931,numeric,Numeric: ID 931,7043,"Older, Fewer Partners, Gender Skewed",7047,"Diverse Demographics, Average Customer Base"
932,numeric,Numeric: ID 932,7043,"Older, Fewer Partners, Gender Skewed",7047,"Diverse Demographics, Average Customer Base"
933,numeric,Numeric: ID 933,7043,"Older, Fewer Partners, Gender Skewed",7047,"Diverse Demographics, Average Customer Base"
934,numeric,Numeric: ID 934,7043,"Older, Fewer Partners, Gender Skewed",7047,"Diverse Demographics, Average Customer Base"
935,numeric,Numeric: ID 935,7044,"Balanced Demographics, Average Customer",7047,"Diverse Demographics, Average Customer Base"
936,numeric,Numeric: ID 936,7043,"Older, Fewer Partners, Gender Skewed",7047,"Diverse Demographics, Average Customer Base"
937,numeric,Numeric: ID 937,7043,"Older, Fewer Partners, Gender Skewed",7047,"Diverse Demographics, Average Customer Base"
938,numeric,Numeric: ID 938,7043,"Older, Fewer Partners, Gender Skewed",7047,"Diverse Demographics, Average Customer Base"
939,numeric,Numeric: ID 939,7043,"Older, Fewer Partners, Gender Skewed",7047,"Diverse Demographics, Average Customer Base"
940,numeric,Numeric: ID 940,7043,"Older, Fewer Partners, Gender Skewed",7047,"Diverse Demographics, Average Customer Base"
941,numeric,Numeric: ID 941,7043,"Older, Fewer Partners, Gender Skewed",7047,"Diverse Demographics, Average Customer Base"
942,numeric,Numeric: ID 942,7043,"Older, Fewer Partners, Gender Skewed",7047,"Diverse Demographics, Average Customer Base"
943,numeric,Numeric: ID 943,7043,"Older, Fewer Partners, Gender Skewed",7047,"Diverse Demographics, Average Customer Base"
944,numeric,Numeric: ID 944,7043,"Older, Fewer Partners, Gender Skewed",7047,"Diverse Demographics, Average Customer Base"
945,numeric,Numeric: ID 945,7043,"Older, Fewer Partners, Gender Skewed",7047,"Diverse Demographics, Average Customer Base"
946,numeric,Numeric: ID 946,7043,"Older, Fewer Partners, Gender Skewed",7047,"Diverse Demographics, Average Customer Base"
947,numeric,Numeric: ID 947,7044,"Balanced Demographics, Average Customer",7047,"Diverse Demographics, Average Customer Base"
948,numeric,Numeric: ID 948,7044,"Balanced Demographics, Average Customer",7047,"Diverse Demographics, Average Customer Base"
949,numeric,Numeric: ID 949,7045,"Younger, Fewer Partners, Gender Balanced",7048,"Younger, Single Customers: Engagement Focus"
950,numeric,Numeric: ID 950,7043,"Older, Fewer Partners, Gender Skewed",7047,"Diverse Demographics, Average Customer Base"
951,numeric,Numeric: ID 951,7045,"Younger, Fewer Partners, Gender Balanced",7048,"Younger, Single Customers: Engagement Focus"
952,numeric,Numeric: ID 952,7043,"Older, Fewer Partners, Gender Skewed",7047,"Diverse Demographics, Average Customer Base"
953,numeric,Numeric: ID 953,7043,"Older, Fewer Partners, Gender Skewed",7047,"Diverse Demographics, Average Customer Base"
954,numeric,Numeric: ID 954,7044,"Balanced Demographics, Average Customer",7047,"Diverse Demographics, Average Customer Base"
955,numeric,Numeric: ID 955,7043,"Older, Fewer Partners, Gender Skewed",7047,"Diverse Demographics, Average Customer Base"
956,numeric,Numeric: ID 956,7043,"Older, Fewer Partners, Gender Skewed",7047,"Diverse Demographics, Average Customer Base"
957,numeric,Numeric: ID 957,7043,"Older, Fewer Partners, Gender Skewed",7047,"Diverse Demographics, Average Customer Base"
958,numeric,Numeric: ID 958,7043,"Older, Fewer Partners, Gender Skewed",7047,"Diverse Demographics, Average Customer Base"
959,numeric,Numeric: ID 959,7043,"Older, Fewer Partners, Gender Skewed",7047,"Diverse Demographics, Average Customer Base"
960,numeric,Numeric: ID 960,7043,"Older, Fewer Partners, Gender Skewed",7047,"Diverse Demographics, Average Customer Base"
961,numeric,Numeric: ID 961,7045,"Younger, Fewer Partners, Gender Balanced",7048,"Younger, Single Customers: Engagement Focus"
962,numeric,Numeric: ID 962,7044,"Balanced Demographics, Average Customer",7047,"Diverse Demographics, Average Customer Base"
963,numeric,Numeric: ID 963,7043,"Older, Fewer Partners, Gender Skewed",7047,"Diverse Demographics, Average Customer Base"
964,numeric,Numeric: ID 964,7043,"Older, Fewer Partners, Gender Skewed",7047,"Diverse Demographics, Average Customer Base"
965,numeric,Numeric: ID 965,7043,"Older, Fewer Partners, Gender Skewed",7047,"Diverse Demographics, Average Customer Base"
966,numeric,Numeric: ID 966,7043,"Older, Fewer Partners, Gender Skewed",7047,"Diverse Demographics, Average Customer Base"
967,numeric,Numeric: ID 967,7043,"Older, Fewer Partners, Gender Skewed",7047,"Diverse Demographics, Average Customer Base"
968,numeric,Numeric: ID 968,7044,"Balanced Demographics, Average Customer",7047,"Diverse Demographics, Average Customer Base"
969,numeric,Numeric: ID 969,7043,"Older, Fewer Partners, Gender Skewed",7047,"Diverse Demographics, Average Customer Base"
970,numeric,Numeric: ID 970,7043,"Older, Fewer Partners, Gender Skewed",7047,"Diverse Demographics, Average Customer Base"
971,numeric,Numeric: ID 971,7045,"Younger, Fewer Partners, Gender Balanced",7048,"Younger, Single Customers: Engagement Focus"
972,numeric,Numeric: ID 972,7043,"Older, Fewer Partners, Gender Skewed",7047,"Diverse Demographics, Average Customer Base"
973,numeric,Numeric: ID 973,7043,"Older, Fewer Partners, Gender Skewed",7047,"Diverse Demographics, Average Customer Base"
974,numeric,Numeric: ID 974,7043,"Older, Fewer Partners, Gender Skewed",7047,"Diverse Demographics, Average Customer Base"
975,numeric,Numeric: ID 975,7045,"Younger, Fewer Partners, Gender Balanced",7048,"Younger, Single Customers: Engagement Focus"
976,numeric,Numeric: ID 976,7043,"Older, Fewer Partners, Gender Skewed",7047,"Diverse Demographics, Average Customer Base"
977,numeric,Numeric: ID 977,7043,"Older, Fewer Partners, Gender Skewed",7047,"Diverse Demographics, Average Customer Base"
978,numeric,Numeric: ID 978,7043,"Older, Fewer Partners, Gender Skewed",7047,"Diverse Demographics, Average Customer Base"
979,numeric,Numeric: ID 979,7043,"Older, Fewer Partners, Gender Skewed",7047,"Diverse Demographics, Average Customer Base"
980,numeric,Numeric: ID 980,7043,"Older, Fewer Partners, Gender Skewed",7047,"Diverse Demographics, Average Customer Base"
981,numeric,Numeric: ID 981,7043,"Older, Fewer Partners, Gender Skewed",7047,"Diverse Demographics, Average Customer Base"
982,numeric,Numeric: ID 982,7043,"Older, Fewer Partners, Gender Skewed",7047,"Diverse Demographics, Average Customer Base"
983,numeric,Numeric: ID 983,7043,"Older, Fewer Partners, Gender Skewed",7047,"Diverse Demographics, Average Customer Base"
984,numeric,Numeric: ID 984,7043,"Older, Fewer Partners, Gender Skewed",7047,"Diverse Demographics, Average Customer Base"
985,numeric,Numeric: ID 985,7043,"Older, Fewer Partners, Gender Skewed",7047,"Diverse Demographics, Average Customer Base"
986,numeric,Numeric: ID 986,7044,"Balanced Demographics, Average Customer",7047,"Diverse Demographics, Average Customer Base"
987,numeric,Numeric: ID 987,7043,"Older, Fewer Partners, Gender Skewed",7047,"Diverse Demographics, Average Customer Base"
988,numeric,Numeric: ID 988,7043,"Older, Fewer Partners, Gender Skewed",7047,"Diverse Demographics, Average Customer Base"
989,numeric,Numeric: ID 989,7043,"Older, Fewer Partners, Gender Skewed",7047,"Diverse Demographics, Average Customer Base"
990,numeric,Numeric: ID 990,7043,"Older, Fewer Partners, Gender Skewed",7047,"Diverse Demographics, Average Customer Base"
991,numeric,Numeric: ID 991,7043,"Older, Fewer Partners, Gender Skewed",7047,"Diverse Demographics, Average Customer Base"
992,numeric,Numeric: ID 992,7044,"Balanced Demographics, Average Customer",7047,"Diverse Demographics, Average Customer Base"
993,numeric,Numeric: ID 993,7043,"Older, Fewer Partners, Gender Skewed",7047,"Diverse Demographics, Average Customer Base"
994,numeric,Numeric: ID 994,7046,"Neutral Demographic Mix, Partner Inclined",7047,"Diverse Demographics, Average Customer Base"
995,numeric,Numeric: ID 995,7043,"Older, Fewer Partners, Gender Skewed",7047,"Diverse Demographics, Average Customer Base"
996,numeric,Numeric: ID 996,7043,"Older, Fewer Partners, Gender Skewed",7047,"Diverse Demographics, Average Customer Base"
997,numeric,Numeric: ID 997,7043,"Older, Fewer Partners, Gender Skewed",7047,"Diverse Demographics, Average Customer Base"
998,numeric,Numeric: ID 998,7045,"Younger, Fewer Partners, Gender Balanced",7048,"Younger, Single Customers: Engagement Focus"
999,numeric,Numeric: ID 999,7043,"Older, Fewer Partners, Gender Skewed",7047,"Diverse Demographics, Average Customer Base"
1000,numeric,Numeric: ID 1000,7043,"Older, Fewer Partners, Gender Skewed",7047,"Diverse Demographics, Average Customer Base"
1001,numeric,Numeric: ID 1001,7043,"Older, Fewer Partners, Gender Skewed",7047,"Diverse Demographics, Average Customer Base"
1002,numeric,Numeric: ID 1002,7043,"Older, Fewer Partners, Gender Skewed",7047,"Diverse Demographics, Average Customer Base"
1003,numeric,Numeric: ID 1003,7043,"Older, Fewer Partners, Gender Skewed",7047,"Diverse Demographics, Average Customer Base"
1004,numeric,Numeric: ID 1004,7043,"Older, Fewer Partners, Gender Skewed",7047,"Diverse Demographics, Average Customer Base"
1005,numeric,Numeric: ID 1005,7043,"Older, Fewer Partners, Gender Skewed",7047,"Diverse Demographics, Average Customer Base"
1006,numeric,Numeric: ID 1006,7043,"Older, Fewer Partners, Gender Skewed",7047,"Diverse Demographics, Average Customer Base"
1007,numeric,Numeric: ID 1007,7043,"Older, Fewer Partners, Gender Skewed",7047,"Diverse Demographics, Average Customer Base"
1008,numeric,Numeric: ID 1008,7043,"Older, Fewer Partners, Gender Skewed",7047,"Diverse Demographics, Average Customer Base"
1009,numeric,Numeric: ID 1009,7043,"Older, Fewer Partners, Gender Skewed",7047,"Diverse Demographics, Average Customer Base"
1010,numeric,Numeric: ID 1010,7043,"Older, Fewer Partners, Gender Skewed",7047,"Diverse Demographics, Average Customer Base"
1011,numeric,Numeric: ID 1011,7043,"Older, Fewer Partners, Gender Skewed",7047,"Diverse Demographics, Average Customer Base"
1012,numeric,Numeric: ID 1012,7043,"Older, Fewer Partners, Gender Skewed",7047,"Diverse Demographics, Average Customer Base"
1013,numeric,Numeric: ID 1013,7043,"Older, Fewer Partners, Gender Skewed",7047,"Diverse Demographics, Average Customer Base"
1014,numeric,Numeric: ID 1014,7043,"Older, Fewer Partners, Gender Skewed",7047,"Diverse Demographics, Average Customer Base"
1015,numeric,Numeric: ID 1015,7043,"Older, Fewer Partners, Gender Skewed",7047,"Diverse Demographics, Average Customer Base"
1016,numeric,Numeric: ID 1016,7043,"Older, Fewer Partners, Gender Skewed",7047,"Diverse Demographics, Average Customer Base"
1017,numeric,Numeric: ID 1017,7043,"Older, Fewer Partners, Gender Skewed",7047,"Diverse Demographics, Average Customer Base"
1018,numeric,Numeric: ID 1018,7043,"Older, Fewer Partners, Gender Skewed",7047,"Diverse Demographics, Average Customer Base"
1019,numeric,Numeric: ID 1019,7043,"Older, Fewer Partners, Gender Skewed",7047,"Diverse Demographics, Average Customer Base"
1020,numeric,Numeric: ID 1020,7043,"Older, Fewer Partners, Gender Skewed",7047,"Diverse Demographics, Average Customer Base"
1021,numeric,Numeric: ID 1021,7043,"Older, Fewer Partners, Gender Skewed",7047,"Diverse Demographics, Average Customer Base"
1022,numeric,Numeric: ID 1022,7044,"Balanced Demographics, Average Customer",7047,"Diverse Demographics, Average Customer Base"
1023,numeric,Numeric: ID 1023,7043,"Older, Fewer Partners, Gender Skewed",7047,"Diverse Demographics, Average Customer Base"
1024,numeric,Numeric: ID 1024,7043,"Older, Fewer Partners, Gender Skewed",7047,"Diverse Demographics, Average Customer Base"
1025,numeric,Numeric: ID 1025,7043,"Older, Fewer Partners, Gender Skewed",7047,"Diverse Demographics, Average Customer Base"
1026,numeric,Numeric: ID 1026,7043,"Older, Fewer Partners, Gender Skewed",7047,"Diverse Demographics, Average Customer Base"
1027,numeric,Numeric: ID 1027,7044,"Balanced Demographics, Average Customer",7047,"Diverse Demographics, Average Customer Base"
1028,numeric,Numeric: ID 1028,7043,"Older, Fewer Partners, Gender Skewed",7047,"Diverse Demographics, Average Customer Base"
1029,numeric,Numeric: ID 1029,7043,"Older, Fewer Partners, Gender Skewed",7047,"Diverse Demographics, Average Customer Base"
1030,numeric,Numeric: ID 1030,7043,"Older, Fewer Partners, Gender Skewed",7047,"Diverse Demographics, Average Customer Base"
1031,numeric,Numeric: ID 1031,7043,"Older, Fewer Partners, Gender Skewed",7047,"Diverse Demographics, Average Customer Base"
1032,numeric,Numeric: ID 1032,7043,"Older, Fewer Partners, Gender Skewed",7047,"Diverse Demographics, Average Customer Base"
1033,numeric,Numeric: ID 1033,7043,"Older, Fewer Partners, Gender Skewed",7047,"Diverse Demographics, Average Customer Base"
1034,numeric,Numeric: ID 1034,7043,"Older, Fewer Partners, Gender Skewed",7047,"Diverse Demographics, Average Customer Base"
1035,numeric,Numeric: ID 1035,7043,"Older, Fewer Partners, Gender Skewed",7047,"Diverse Demographics, Average Customer Base"
1036,numeric,Numeric: ID 1036,7045,"Younger, Fewer Partners, Gender Balanced",7048,"Younger, Single Customers: Engagement Focus"
1037,numeric,Numeric: ID 1037,7043,"Older, Fewer Partners, Gender Skewed",7047,"Diverse Demographics, Average Customer Base"
1038,numeric,Numeric: ID 1038,7043,"Older, Fewer Partners, Gender Skewed",7047,"Diverse Demographics, Average Customer Base"
1039,numeric,Numeric: ID 1039,7043,"Older, Fewer Partners, Gender Skewed",7047,"Diverse Demographics, Average Customer Base"
1040,numeric,Numeric: ID 1040,7044,"Balanced Demographics, Average Customer",7047,"Diverse Demographics, Average Customer Base"
1041,numeric,Numeric: ID 1041,7044,"Balanced Demographics, Average Customer",7047,"Diverse Demographics, Average Customer Base"
1042,numeric,Numeric: ID 1042,7043,"Older, Fewer Partners, Gender Skewed",7047,"Diverse Demographics, Average Customer Base"
1043,numeric,Numeric: ID 1043,7043,"Older, Fewer Partners, Gender Skewed",7047,"Diverse Demographics, Average Customer Base"
1044,numeric,Numeric: ID 1044,7043,"Older, Fewer Partners, Gender Skewed",7047,"Diverse Demographics, Average Customer Base"
1045,numeric,Numeric: ID 1045,7043,"Older, Fewer Partners, Gender Skewed",7047,"Diverse Demographics, Average Customer Base"
1046,numeric,Numeric: ID 1046,7043,"Older, Fewer Partners, Gender Skewed",7047,"Diverse Demographics, Average Customer Base"
1047,numeric,Numeric: ID 1047,7045,"Younger, Fewer Partners, Gender Balanced",7048,"Younger, Single Customers: Engagement Focus"
1048,numeric,Numeric: ID 1048,7043,"Older, Fewer Partners, Gender Skewed",7047,"Diverse Demographics, Average Customer Base"
1049,numeric,Numeric: ID 1049,7044,"Balanced Demographics, Average Customer",7047,"Diverse Demographics, Average Customer Base"
1050,numeric,Numeric: ID 1050,7043,"Older, Fewer Partners, Gender Skewed",7047,"Diverse Demographics, Average Customer Base"
1051,numeric,Numeric: ID 1051,7044,"Balanced Demographics, Average Customer",7047,"Diverse Demographics, Average Customer Base"
1052,numeric,Numeric: ID 1052,7043,"Older, Fewer Partners, Gender Skewed",7047,"Diverse Demographics, Average Customer Base"
1053,numeric,Numeric: ID 1053,7043,"Older, Fewer Partners, Gender Skewed",7047,"Diverse Demographics, Average Customer Base"
1054,numeric,Numeric: ID 1054,7043,"Older, Fewer Partners, Gender Skewed",7047,"Diverse Demographics, Average Customer Base"
1055,numeric,Numeric: ID 1055,7043,"Older, Fewer Partners, Gender Skewed",7047,"Diverse Demographics, Average Customer Base"
1056,numeric,Numeric: ID 1056,7043,"Older, Fewer Partners, Gender Skewed",7047,"Diverse Demographics, Average Customer Base"
1057,numeric,Numeric: ID 1057,7045,"Younger, Fewer Partners, Gender Balanced",7048,"Younger, Single Customers: Engagement Focus"
1058,numeric,Numeric: ID 1058,7043,"Older, Fewer Partners, Gender Skewed",7047,"Diverse Demographics, Average Customer Base"
1059,numeric,Numeric: ID 1059,7043,"Older, Fewer Partners, Gender Skewed",7047,"Diverse Demographics, Average Customer Base"
1060,numeric,Numeric: ID 1060,7045,"Younger, Fewer Partners, Gender Balanced",7048,"Younger, Single Customers: Engagement Focus"
1061,numeric,Numeric: ID 1061,7043,"Older, Fewer Partners, Gender Skewed",7047,"Diverse Demographics, Average Customer Base"
1062,numeric,Numeric: ID 1062,7044,"Balanced Demographics, Average Customer",7047,"Diverse Demographics, Average Customer Base"
1063,numeric,Numeric: ID 1063,7043,"Older, Fewer Partners, Gender Skewed",7047,"Diverse Demographics, Average Customer Base"
1064,numeric,Numeric: ID 1064,7044,"Balanced Demographics, Average Customer",7047,"Diverse Demographics, Average Customer Base"
1065,numeric,Numeric: ID 1065,7044,"Balanced Demographics, Average Customer",7047,"Diverse Demographics, Average Customer Base"
1066,numeric,Numeric: ID 1066,7043,"Older, Fewer Partners, Gender Skewed",7047,"Diverse Demographics, Average Customer Base"
1067,numeric,Numeric: ID 1067,7043,"Older, Fewer Partners, Gender Skewed",7047,"Diverse Demographics, Average Customer Base"
1068,numeric,Numeric: ID 1068,7043,"Older, Fewer Partners, Gender Skewed",7047,"Diverse Demographics, Average Customer Base"
1069,numeric,Numeric: ID 1069,7043,"Older, Fewer Partners, Gender Skewed",7047,"Diverse Demographics, Average Customer Base"
1070,numeric,Numeric: ID 1070,7045,"Younger, Fewer Partners, Gender Balanced",7048,"Younger, Single Customers: Engagement Focus"
1071,numeric,Numeric: ID 1071,7043,"Older, Fewer Partners, Gender Skewed",7047,"Diverse Demographics, Average Customer Base"
1072,numeric,Numeric: ID 1072,7043,"Older, Fewer Partners, Gender Skewed",7047,"Diverse Demographics, Average Customer Base"
1073,numeric,Numeric: ID 1073,7043,"Older, Fewer Partners, Gender Skewed",7047,"Diverse Demographics, Average Customer Base"
1074,numeric,Numeric: ID 1074,7043,"Older, Fewer Partners, Gender Skewed",7047,"Diverse Demographics, Average Customer Base"
1075,numeric,Numeric: ID 1075,7043,"Older, Fewer Partners, Gender Skewed",7047,"Diverse Demographics, Average Customer Base"
1076,numeric,Numeric: ID 1076,7043,"Older, Fewer Partners, Gender Skewed",7047,"Diverse Demographics, Average Customer Base"
1077,numeric,Numeric: ID 1077,7043,"Older, Fewer Partners, Gender Skewed",7047,"Diverse Demographics, Average Customer Base"
1078,numeric,Numeric: ID 1078,7043,"Older, Fewer Partners, Gender Skewed",7047,"Diverse Demographics, Average Customer Base"
1079,numeric,Numeric: ID 1079,7043,"Older, Fewer Partners, Gender Skewed",7047,"Diverse Demographics, Average Customer Base"
1080,numeric,Numeric: ID 1080,7045,"Younger, Fewer Partners, Gender Balanced",7048,"Younger, Single Customers: Engagement Focus"
1081,numeric,Numeric: ID 1081,7043,"Older, Fewer Partners, Gender Skewed",7047,"Diverse Demographics, Average Customer Base"
1082,numeric,Numeric: ID 1082,7044,"Balanced Demographics, Average Customer",7047,"Diverse Demographics, Average Customer Base"
1083,numeric,Numeric: ID 1083,7043,"Older, Fewer Partners, Gender Skewed",7047,"Diverse Demographics, Average Customer Base"
1084,numeric,Numeric: ID 1084,7044,"Balanced Demographics, Average Customer",7047,"Diverse Demographics, Average Customer Base"
1085,numeric,Numeric: ID 1085,7045,"Younger, Fewer Partners, Gender Balanced",7048,"Younger, Single Customers: Engagement Focus"
1086,numeric,Numeric: ID 1086,7044,"Balanced Demographics, Average Customer",7047,"Diverse Demographics, Average Customer Base"
1087,numeric,Numeric: ID 1087,7043,"Older, Fewer Partners, Gender Skewed",7047,"Diverse Demographics, Average Customer Base"
1088,numeric,Numeric: ID 1088,7043,"Older, Fewer Partners, Gender Skewed",7047,"Diverse Demographics, Average Customer Base"
1089,numeric,Numeric: ID 1089,7043,"Older, Fewer Partners, Gender Skewed",7047,"Diverse Demographics, Average Customer Base"
1090,numeric,Numeric: ID 1090,7043,"Older, Fewer Partners, Gender Skewed",7047,"Diverse Demographics, Average Customer Base"
1091,numeric,Numeric: ID 1091,7044,"Balanced Demographics, Average Customer",7047,"Diverse Demographics, Average Customer Base"
1092,numeric,Numeric: ID 1092,7043,"Older, Fewer Partners, Gender Skewed",7047,"Diverse Demographics, Average Customer Base"
1093,numeric,Numeric: ID 1093,7043,"Older, Fewer Partners, Gender Skewed",7047,"Diverse Demographics, Average Customer Base"
1094,numeric,Numeric: ID 1094,7045,"Younger, Fewer Partners, Gender Balanced",7048,"Younger, Single Customers: Engagement Focus"
1095,numeric,Numeric: ID 1095,7044,"Balanced Demographics, Average Customer",7047,"Diverse Demographics, Average Customer Base"
1096,numeric,Numeric: ID 1096,7044,"Balanced Demographics, Average Customer",7047,"Diverse Demographics, Average Customer Base"
1097,numeric,Numeric: ID 1097,7043,"Older, Fewer Partners, Gender Skewed",7047,"Diverse Demographics, Average Customer Base"
1098,numeric,Numeric: ID 1098,7043,"Older, Fewer Partners, Gender Skewed",7047,"Diverse Demographics, Average Customer Base"
1099,numeric,Numeric: ID 1099,7043,"Older, Fewer Partners, Gender Skewed",7047,"Diverse Demographics, Average Customer Base"
1100,numeric,Numeric: ID 1100,7043,"Older, Fewer Partners, Gender Skewed",7047,"Diverse Demographics, Average Customer Base"
1101,numeric,Numeric: ID 1101,7043,"Older, Fewer Partners, Gender Skewed",7047,"Diverse Demographics, Average Customer Base"
1102,numeric,Numeric: ID 1102,7043,"Older, Fewer Partners, Gender Skewed",7047,"Diverse Demographics, Average Customer Base"
1103,numeric,Numeric: ID 1103,7043,"Older, Fewer Partners, Gender Skewed",7047,"Diverse Demographics, Average Customer Base"
1104,numeric,Numeric: ID 1104,7043,"Older, Fewer Partners, Gender Skewed",7047,"Diverse Demographics, Average Customer Base"
1105,numeric,Numeric: ID 1105,7043,"Older, Fewer Partners, Gender Skewed",7047,"Diverse Demographics, Average Customer Base"
1106,numeric,Numeric: ID 1106,7043,"Older, Fewer Partners, Gender Skewed",7047,"Diverse Demographics, Average Customer Base"
1107,numeric,Numeric: ID 1107,7043,"Older, Fewer Partners, Gender Skewed",7047,"Diverse Demographics, Average Customer Base"
1108,numeric,Numeric: ID 1108,7043,"Older, Fewer Partners, Gender Skewed",7047,"Diverse Demographics, Average Customer Base"
1109,numeric,Numeric: ID 1109,7043,"Older, Fewer Partners, Gender Skewed",7047,"Diverse Demographics, Average Customer Base"
1110,numeric,Numeric: ID 1110,7043,"Older, Fewer Partners, Gender Skewed",7047,"Diverse Demographics, Average Customer Base"
1111,numeric,Numeric: ID 1111,7043,"Older, Fewer Partners, Gender Skewed",7047,"Diverse Demographics, Average Customer Base"
1112,numeric,Numeric: ID 1112,7043,"Older, Fewer Partners, Gender Skewed",7047,"Diverse Demographics, Average Customer Base"
1113,numeric,Numeric: ID 1113,7043,"Older, Fewer Partners, Gender Skewed",7047,"Diverse Demographics, Average Customer Base"
1114,numeric,Numeric: ID 1114,7043,"Older, Fewer Partners, Gender Skewed",7047,"Diverse Demographics, Average Customer Base"
1115,numeric,Numeric: ID 1115,7043,"Older, Fewer Partners, Gender Skewed",7047,"Diverse Demographics, Average Customer Base"
1116,numeric,Numeric: ID 1116,7045,"Younger, Fewer Partners, Gender Balanced",7048,"Younger, Single Customers: Engagement Focus"
1117,numeric,Numeric: ID 1117,7043,"Older, Fewer Partners, Gender Skewed",7047,"Diverse Demographics, Average Customer Base"
1118,numeric,Numeric: ID 1118,7043,"Older, Fewer Partners, Gender Skewed",7047,"Diverse Demographics, Average Customer Base"
1119,numeric,Numeric: ID 1119,7043,"Older, Fewer Partners, Gender Skewed",7047,"Diverse Demographics, Average Customer Base"
1120,numeric,Numeric: ID 1120,7043,"Older, Fewer Partners, Gender Skewed",7047,"Diverse Demographics, Average Customer Base"
1121,numeric,Numeric: ID 1121,7045,"Younger, Fewer Partners, Gender Balanced",7048,"Younger, Single Customers: Engagement Focus"
1122,numeric,Numeric: ID 1122,7043,"Older, Fewer Partners, Gender Skewed",7047,"Diverse Demographics, Average Customer Base"
1123,numeric,Numeric: ID 1123,7043,"Older, Fewer Partners, Gender Skewed",7047,"Diverse Demographics, Average Customer Base"
1124,numeric,Numeric: ID 1124,7043,"Older, Fewer Partners, Gender Skewed",7047,"Diverse Demographics, Average Customer Base"
1125,numeric,Numeric: ID 1125,7043,"Older, Fewer Partners, Gender Skewed",7047,"Diverse Demographics, Average Customer Base"
1126,numeric,Numeric: ID 1126,7044,"Balanced Demographics, Average Customer",7047,"Diverse Demographics, Average Customer Base"
1127,numeric,Numeric: ID 1127,7043,"Older, Fewer Partners, Gender Skewed",7047,"Diverse Demographics, Average Customer Base"
1128,numeric,Numeric: ID 1128,7043,"Older, Fewer Partners, Gender Skewed",7047,"Diverse Demographics, Average Customer Base"
1129,numeric,Numeric: ID 1129,7043,"Older, Fewer Partners, Gender Skewed",7047,"Diverse Demographics, Average Customer Base"
1130,numeric,Numeric: ID 1130,7043,"Older, Fewer Partners, Gender Skewed",7047,"Diverse Demographics, Average Customer Base"
1131,numeric,Numeric: ID 1131,7044,"Balanced Demographics, Average Customer",7047,"Diverse Demographics, Average Customer Base"
1132,numeric,Numeric: ID 1132,7043,"Older, Fewer Partners, Gender Skewed",7047,"Diverse Demographics, Average Customer Base"
1133,numeric,Numeric: ID 1133,7043,"Older, Fewer Partners, Gender Skewed",7047,"Diverse Demographics, Average Customer Base"
1134,numeric,Numeric: ID 1134,7043,"Older, Fewer Partners, Gender Skewed",7047,"Diverse Demographics, Average Customer Base"
1135,numeric,Numeric: ID 1135,7043,"Older, Fewer Partners, Gender Skewed",7047,"Diverse Demographics, Average Customer Base"
1136,numeric,Numeric: ID 1136,7043,"Older, Fewer Partners, Gender Skewed",7047,"Diverse Demographics, Average Customer Base"
1137,numeric,Numeric: ID 1137,7043,"Older, Fewer Partners, Gender Skewed",7047,"Diverse Demographics, Average Customer Base"
1138,numeric,Numeric: ID 1138,7043,"Older, Fewer Partners, Gender Skewed",7047,"Diverse Demographics, Average Customer Base"
1139,numeric,Numeric: ID 1139,7043,"Older, Fewer Partners, Gender Skewed",7047,"Diverse Demographics, Average Customer Base"
1140,numeric,Numeric: ID 1140,7045,"Younger, Fewer Partners, Gender Balanced",7048,"Younger, Single Customers: Engagement Focus"
1141,numeric,Numeric: ID 1141,7043,"Older, Fewer Partners, Gender Skewed",7047,"Diverse Demographics, Average Customer Base"
1142,numeric,Numeric: ID 1142,7043,"Older, Fewer Partners, Gender Skewed",7047,"Diverse Demographics, Average Customer Base"
1143,numeric,Numeric: ID 1143,7043,"Older, Fewer Partners, Gender Skewed",7047,"Diverse Demographics, Average Customer Base"
1144,numeric,Numeric: ID 1144,7044,"Balanced Demographics, Average Customer",7047,"Diverse Demographics, Average Customer Base"
1145,numeric,Numeric: ID 1145,7043,"Older, Fewer Partners, Gender Skewed",7047,"Diverse Demographics, Average Customer Base"
1146,numeric,Numeric: ID 1146,7043,"Older, Fewer Partners, Gender Skewed",7047,"Diverse Demographics, Average Customer Base"
1147,numeric,Numeric: ID 1147,7043,"Older, Fewer Partners, Gender Skewed",7047,"Diverse Demographics, Average Customer Base"
1148,numeric,Numeric: ID 1148,7043,"Older, Fewer Partners, Gender Skewed",7047,"Diverse Demographics, Average Customer Base"
1149,numeric,Numeric: ID 1149,7043,"Older, Fewer Partners, Gender Skewed",7047,"Diverse Demographics, Average Customer Base"
1150,numeric,Numeric: ID 1150,7044,"Balanced Demographics, Average Customer",7047,"Diverse Demographics, Average Customer Base"
1151,numeric,Numeric: ID 1151,7044,"Balanced Demographics, Average Customer",7047,"Diverse Demographics, Average Customer Base"
1152,numeric,Numeric: ID 1152,7043,"Older, Fewer Partners, Gender Skewed",7047,"Diverse Demographics, Average Customer Base"
1153,numeric,Numeric: ID 1153,7043,"Older, Fewer Partners, Gender Skewed",7047,"Diverse Demographics, Average Customer Base"
1154,numeric,Numeric: ID 1154,7043,"Older, Fewer Partners, Gender Skewed",7047,"Diverse Demographics, Average Customer Base"
1155,numeric,Numeric: ID 1155,7043,"Older, Fewer Partners, Gender Skewed",7047,"Diverse Demographics, Average Customer Base"
1156,numeric,Numeric: ID 1156,7044,"Balanced Demographics, Average Customer",7047,"Diverse Demographics, Average Customer Base"
1157,numeric,Numeric: ID 1157,7043,"Older, Fewer Partners, Gender Skewed",7047,"Diverse Demographics, Average Customer Base"
1158,numeric,Numeric: ID 1158,7043,"Older, Fewer Partners, Gender Skewed",7047,"Diverse Demographics, Average Customer Base"
1159,numeric,Numeric: ID 1159,7045,"Younger, Fewer Partners, Gender Balanced",7048,"Younger, Single Customers: Engagement Focus"
1160,numeric,Numeric: ID 1160,7043,"Older, Fewer Partners, Gender Skewed",7047,"Diverse Demographics, Average Customer Base"
1161,numeric,Numeric: ID 1161,7043,"Older, Fewer Partners, Gender Skewed",7047,"Diverse Demographics, Average Customer Base"
1162,numeric,Numeric: ID 1162,7043,"Older, Fewer Partners, Gender Skewed",7047,"Diverse Demographics, Average Customer Base"
1163,numeric,Numeric: ID 1163,7043,"Older, Fewer Partners, Gender Skewed",7047,"Diverse Demographics, Average Customer Base"
1164,numeric,Numeric: ID 1164,7043,"Older, Fewer Partners, Gender Skewed",7047,"Diverse Demographics, Average Customer Base"
1165,numeric,Numeric: ID 1165,7043,"Older, Fewer Partners, Gender Skewed",7047,"Diverse Demographics, Average Customer Base"
1166,numeric,Numeric: ID 1166,7043,"Older, Fewer Partners, Gender Skewed",7047,"Diverse Demographics, Average Customer Base"
1167,numeric,Numeric: ID 1167,7043,"Older, Fewer Partners, Gender Skewed",7047,"Diverse Demographics, Average Customer Base"
1168,numeric,Numeric: ID 1168,7043,"Older, Fewer Partners, Gender Skewed",7047,"Diverse Demographics, Average Customer Base"
1169,numeric,Numeric: ID 1169,7043,"Older, Fewer Partners, Gender Skewed",7047,"Diverse Demographics, Average Customer Base"
1170,numeric,Numeric: ID 1170,7043,"Older, Fewer Partners, Gender Skewed",7047,"Diverse Demographics, Average Customer Base"
1171,numeric,Numeric: ID 1171,7045,"Younger, Fewer Partners, Gender Balanced",7048,"Younger, Single Customers: Engagement Focus"
1172,numeric,Numeric: ID 1172,7043,"Older, Fewer Partners, Gender Skewed",7047,"Diverse Demographics, Average Customer Base"
1173,numeric,Numeric: ID 1173,7045,"Younger, Fewer Partners, Gender Balanced",7048,"Younger, Single Customers: Engagement Focus"
1174,numeric,Numeric: ID 1174,7043,"Older, Fewer Partners, Gender Skewed",7047,"Diverse Demographics, Average Customer Base"
1175,numeric,Numeric: ID 1175,7043,"Older, Fewer Partners, Gender Skewed",7047,"Diverse Demographics, Average Customer Base"
1176,numeric,Numeric: ID 1176,7043,"Older, Fewer Partners, Gender Skewed",7047,"Diverse Demographics, Average Customer Base"
1177,numeric,Numeric: ID 1177,7043,"Older, Fewer Partners, Gender Skewed",7047,"Diverse Demographics, Average Customer Base"
1178,numeric,Numeric: ID 1178,7043,"Older, Fewer Partners, Gender Skewed",7047,"Diverse Demographics, Average Customer Base"
1179,numeric,Numeric: ID 1179,7043,"Older, Fewer Partners, Gender Skewed",7047,"Diverse Demographics, Average Customer Base"
1180,numeric,Numeric: ID 1180,7043,"Older, Fewer Partners, Gender Skewed",7047,"Diverse Demographics, Average Customer Base"
1181,numeric,Numeric: ID 1181,7043,"Older, Fewer Partners, Gender Skewed",7047,"Diverse Demographics, Average Customer Base"
1182,numeric,Numeric: ID 1182,7046,"Neutral Demographic Mix, Partner Inclined",7047,"Diverse Demographics, Average Customer Base"
1183,numeric,Numeric: ID 1183,7043,"Older, Fewer Partners, Gender Skewed",7047,"Diverse Demographics, Average Customer Base"
1184,numeric,Numeric: ID 1184,7043,"Older, Fewer Partners, Gender Skewed",7047,"Diverse Demographics, Average Customer Base"
1185,numeric,Numeric: ID 1185,7045,"Younger, Fewer Partners, Gender Balanced",7048,"Younger, Single Customers: Engagement Focus"
1186,numeric,Numeric: ID 1186,7043,"Older, Fewer Partners, Gender Skewed",7047,"Diverse Demographics, Average Customer Base"
1187,numeric,Numeric: ID 1187,7043,"Older, Fewer Partners, Gender Skewed",7047,"Diverse Demographics, Average Customer Base"
1188,numeric,Numeric: ID 1188,7043,"Older, Fewer Partners, Gender Skewed",7047,"Diverse Demographics, Average Customer Base"
1189,numeric,Numeric: ID 1189,7043,"Older, Fewer Partners, Gender Skewed",7047,"Diverse Demographics, Average Customer Base"
1190,numeric,Numeric: ID 1190,7043,"Older, Fewer Partners, Gender Skewed",7047,"Diverse Demographics, Average Customer Base"
1191,numeric,Numeric: ID 1191,7043,"Older, Fewer Partners, Gender Skewed",7047,"Diverse Demographics, Average Customer Base"
1192,numeric,Numeric: ID 1192,7043,"Older, Fewer Partners, Gender Skewed",7047,"Diverse Demographics, Average Customer Base"
1193,numeric,Numeric: ID 1193,7043,"Older, Fewer Partners, Gender Skewed",7047,"Diverse Demographics, Average Customer Base"
1194,numeric,Numeric: ID 1194,7043,"Older, Fewer Partners, Gender Skewed",7047,"Diverse Demographics, Average Customer Base"
1195,numeric,Numeric: ID 1195,7043,"Older, Fewer Partners, Gender Skewed",7047,"Diverse Demographics, Average Customer Base"
1196,numeric,Numeric: ID 1196,7043,"Older, Fewer Partners, Gender Skewed",7047,"Diverse Demographics, Average Customer Base"
1197,numeric,Numeric: ID 1197,7043,"Older, Fewer Partners, Gender Skewed",7047,"Diverse Demographics, Average Customer Base"
1198,numeric,Numeric: ID 1198,7043,"Older, Fewer Partners, Gender Skewed",7047,"Diverse Demographics, Average Customer Base"
1199,numeric,Numeric: ID 1199,7043,"Older, Fewer Partners, Gender Skewed",7047,"Diverse Demographics, Average Customer Base"
1200,numeric,Numeric: ID 1200,7043,"Older, Fewer Partners, Gender Skewed",7047,"Diverse Demographics, Average Customer Base"
1201,numeric,Numeric: ID 1201,7045,"Younger, Fewer Partners, Gender Balanced",7048,"Younger, Single Customers: Engagement Focus"
1202,numeric,Numeric: ID 1202,7043,"Older, Fewer Partners, Gender Skewed",7047,"Diverse Demographics, Average Customer Base"
1203,numeric,Numeric: ID 1203,7043,"Older, Fewer Partners, Gender Skewed",7047,"Diverse Demographics, Average Customer Base"
1204,numeric,Numeric: ID 1204,7043,"Older, Fewer Partners, Gender Skewed",7047,"Diverse Demographics, Average Customer Base"
1205,numeric,Numeric: ID 1205,7043,"Older, Fewer Partners, Gender Skewed",7047,"Diverse Demographics, Average Customer Base"
1206,numeric,Numeric: ID 1206,7043,"Older, Fewer Partners, Gender Skewed",7047,"Diverse Demographics, Average Customer Base"
1207,numeric,Numeric: ID 1207,7043,"Older, Fewer Partners, Gender Skewed",7047,"Diverse Demographics, Average Customer Base"
1208,numeric,Numeric: ID 1208,7043,"Older, Fewer Partners, Gender Skewed",7047,"Diverse Demographics, Average Customer Base"
1209,numeric,Numeric: ID 1209,7043,"Older, Fewer Partners, Gender Skewed",7047,"Diverse Demographics, Average Customer Base"
1210,numeric,Numeric: ID 1210,7043,"Older, Fewer Partners, Gender Skewed",7047,"Diverse Demographics, Average Customer Base"
1211,numeric,Numeric: ID 1211,7045,"Younger, Fewer Partners, Gender Balanced",7048,"Younger, Single Customers: Engagement Focus"
1212,numeric,Numeric: ID 1212,7043,"Older, Fewer Partners, Gender Skewed",7047,"Diverse Demographics, Average Customer Base"
1213,numeric,Numeric: ID 1213,7043,"Older, Fewer Partners, Gender Skewed",7047,"Diverse Demographics, Average Customer Base"
1214,numeric,Numeric: ID 1214,7043,"Older, Fewer Partners, Gender Skewed",7047,"Diverse Demographics, Average Customer Base"
1215,numeric,Numeric: ID 1215,7043,"Older, Fewer Partners, Gender Skewed",7047,"Diverse Demographics, Average Customer Base"
1216,numeric,Numeric: ID 1216,7043,"Older, Fewer Partners, Gender Skewed",7047,"Diverse Demographics, Average Customer Base"
1217,numeric,Numeric: ID 1217,7044,"Balanced Demographics, Average Customer",7047,"Diverse Demographics, Average Customer Base"
1218,numeric,Numeric: ID 1218,7045,"Younger, Fewer Partners, Gender Balanced",7048,"Younger, Single Customers: Engagement Focus"
1219,numeric,Numeric: ID 1219,7043,"Older, Fewer Partners, Gender Skewed",7047,"Diverse Demographics, Average Customer Base"
1220,numeric,Numeric: ID 1220,7043,"Older, Fewer Partners, Gender Skewed",7047,"Diverse Demographics, Average Customer Base"
1221,numeric,Numeric: ID 1221,7043,"Older, Fewer Partners, Gender Skewed",7047,"Diverse Demographics, Average Customer Base"
1222,numeric,Numeric: ID 1222,7043,"Older, Fewer Partners, Gender Skewed",7047,"Diverse Demographics, Average Customer Base"
1223,numeric,Numeric: ID 1223,7043,"Older, Fewer Partners, Gender Skewed",7047,"Diverse Demographics, Average Customer Base"
1224,numeric,Numeric: ID 1224,7043,"Older, Fewer Partners, Gender Skewed",7047,"Diverse Demographics, Average Customer Base"
1225,numeric,Numeric: ID 1225,7043,"Older, Fewer Partners, Gender Skewed",7047,"Diverse Demographics, Average Customer Base"
1226,numeric,Numeric: ID 1226,7043,"Older, Fewer Partners, Gender Skewed",7047,"Diverse Demographics, Average Customer Base"
1227,numeric,Numeric: ID 1227,7043,"Older, Fewer Partners, Gender Skewed",7047,"Diverse Demographics, Average Customer Base"
1228,numeric,Numeric: ID 1228,7043,"Older, Fewer Partners, Gender Skewed",7047,"Diverse Demographics, Average Customer Base"
1229,numeric,Numeric: ID 1229,7043,"Older, Fewer Partners, Gender Skewed",7047,"Diverse Demographics, Average Customer Base"
1230,numeric,Numeric: ID 1230,7043,"Older, Fewer Partners, Gender Skewed",7047,"Diverse Demographics, Average Customer Base"
1231,numeric,Numeric: ID 1231,7043,"Older, Fewer Partners, Gender Skewed",7047,"Diverse Demographics, Average Customer Base"
1232,numeric,Numeric: ID 1232,7043,"Older, Fewer Partners, Gender Skewed",7047,"Diverse Demographics, Average Customer Base"
1233,numeric,Numeric: ID 1233,7043,"Older, Fewer Partners, Gender Skewed",7047,"Diverse Demographics, Average Customer Base"
1234,numeric,Numeric: ID 1234,7043,"Older, Fewer Partners, Gender Skewed",7047,"Diverse Demographics, Average Customer Base"
1235,numeric,Numeric: ID 1235,7045,"Younger, Fewer Partners, Gender Balanced",7048,"Younger, Single Customers: Engagement Focus"
1236,numeric,Numeric: ID 1236,7043,"Older, Fewer Partners, Gender Skewed",7047,"Diverse Demographics, Average Customer Base"
1237,numeric,Numeric: ID 1237,7043,"Older, Fewer Partners, Gender Skewed",7047,"Diverse Demographics, Average Customer Base"
1238,numeric,Numeric: ID 1238,7043,"Older, Fewer Partners, Gender Skewed",7047,"Diverse Demographics, Average Customer Base"
1239,numeric,Numeric: ID 1239,7043,"Older, Fewer Partners, Gender Skewed",7047,"Diverse Demographics, Average Customer Base"
1240,numeric,Numeric: ID 1240,7044,"Balanced Demographics, Average Customer",7047,"Diverse Demographics, Average Customer Base"
1241,numeric,Numeric: ID 1241,7043,"Older, Fewer Partners, Gender Skewed",7047,"Diverse Demographics, Average Customer Base"
1242,numeric,Numeric: ID 1242,7043,"Older, Fewer Partners, Gender Skewed",7047,"Diverse Demographics, Average Customer Base"
1243,numeric,Numeric: ID 1243,7045,"Younger, Fewer Partners, Gender Balanced",7048,"Younger, Single Customers: Engagement Focus"
1244,numeric,Numeric: ID 1244,7043,"Older, Fewer Partners, Gender Skewed",7047,"Diverse Demographics, Average Customer Base"
1245,numeric,Numeric: ID 1245,7043,"Older, Fewer Partners, Gender Skewed",7047,"Diverse Demographics, Average Customer Base"
1246,numeric,Numeric: ID 1246,7043,"Older, Fewer Partners, Gender Skewed",7047,"Diverse Demographics, Average Customer Base"
1247,numeric,Numeric: ID 1247,7043,"Older, Fewer Partners, Gender Skewed",7047,"Diverse Demographics, Average Customer Base"
1248,numeric,Numeric: ID 1248,7043,"Older, Fewer Partners, Gender Skewed",7047,"Diverse Demographics, Average Customer Base"
1249,numeric,Numeric: ID 1249,7044,"Balanced Demographics, Average Customer",7047,"Diverse Demographics, Average Customer Base"
1250,numeric,Numeric: ID 1250,7043,"Older, Fewer Partners, Gender Skewed",7047,"Diverse Demographics, Average Customer Base"
1251,numeric,Numeric: ID 1251,7043,"Older, Fewer Partners, Gender Skewed",7047,"Diverse Demographics, Average Customer Base"
1252,numeric,Numeric: ID 1252,7043,"Older, Fewer Partners, Gender Skewed",7047,"Diverse Demographics, Average Customer Base"
1253,numeric,Numeric: ID 1253,7043,"Older, Fewer Partners, Gender Skewed",7047,"Diverse Demographics, Average Customer Base"
1254,numeric,Numeric: ID 1254,7045,"Younger, Fewer Partners, Gender Balanced",7048,"Younger, Single Customers: Engagement Focus"
1255,numeric,Numeric: ID 1255,7043,"Older, Fewer Partners, Gender Skewed",7047,"Diverse Demographics, Average Customer Base"
1256,numeric,Numeric: ID 1256,7043,"Older, Fewer Partners, Gender Skewed",7047,"Diverse Demographics, Average Customer Base"
1257,numeric,Numeric: ID 1257,7043,"Older, Fewer Partners, Gender Skewed",7047,"Diverse Demographics, Average Customer Base"
1258,numeric,Numeric: ID 1258,7043,"Older, Fewer Partners, Gender Skewed",7047,"Diverse Demographics, Average Customer Base"
1259,numeric,Numeric: ID 1259,7043,"Older, Fewer Partners, Gender Skewed",7047,"Diverse Demographics, Average Customer Base"
1260,numeric,Numeric: ID 1260,7043,"Older, Fewer Partners, Gender Skewed",7047,"Diverse Demographics, Average Customer Base"
1261,numeric,Numeric: ID 1261,7045,"Younger, Fewer Partners, Gender Balanced",7048,"Younger, Single Customers: Engagement Focus"
1262,numeric,Numeric: ID 1262,7043,"Older, Fewer Partners, Gender Skewed",7047,"Diverse Demographics, Average Customer Base"
1263,numeric,Numeric: ID 1263,7043,"Older, Fewer Partners, Gender Skewed",7047,"Diverse Demographics, Average Customer Base"
1264,numeric,Numeric: ID 1264,7043,"Older, Fewer Partners, Gender Skewed",7047,"Diverse Demographics, Average Customer Base"
1265,numeric,Numeric: ID 1265,7043,"Older, Fewer Partners, Gender Skewed",7047,"Diverse Demographics, Average Customer Base"
1266,numeric,Numeric: ID 1266,7043,"Older, Fewer Partners, Gender Skewed",7047,"Diverse Demographics, Average Customer Base"
1267,numeric,Numeric: ID 1267,7043,"Older, Fewer Partners, Gender Skewed",7047,"Diverse Demographics, Average Customer Base"
1268,numeric,Numeric: ID 1268,7043,"Older, Fewer Partners, Gender Skewed",7047,"Diverse Demographics, Average Customer Base"
1269,numeric,Numeric: ID 1269,7043,"Older, Fewer Partners, Gender Skewed",7047,"Diverse Demographics, Average Customer Base"
1270,numeric,Numeric: ID 1270,7043,"Older, Fewer Partners, Gender Skewed",7047,"Diverse Demographics, Average Customer Base"
1271,numeric,Numeric: ID 1271,7043,"Older, Fewer Partners, Gender Skewed",7047,"Diverse Demographics, Average Customer Base"
1272,numeric,Numeric: ID 1272,7043,"Older, Fewer Partners, Gender Skewed",7047,"Diverse Demographics, Average Customer Base"
1273,numeric,Numeric: ID 1273,7043,"Older, Fewer Partners, Gender Skewed",7047,"Diverse Demographics, Average Customer Base"
1274,numeric,Numeric: ID 1274,7043,"Older, Fewer Partners, Gender Skewed",7047,"Diverse Demographics, Average Customer Base"
1275,numeric,Numeric: ID 1275,7043,"Older, Fewer Partners, Gender Skewed",7047,"Diverse Demographics, Average Customer Base"
1276,numeric,Numeric: ID 1276,7043,"Older, Fewer Partners, Gender Skewed",7047,"Diverse Demographics, Average Customer Base"
1277,numeric,Numeric: ID 1277,7044,"Balanced Demographics, Average Customer",7047,"Diverse Demographics, Average Customer Base"
1278,numeric,Numeric: ID 1278,7043,"Older, Fewer Partners, Gender Skewed",7047,"Diverse Demographics, Average Customer Base"
1279,numeric,Numeric: ID 1279,7044,"Balanced Demographics, Average Customer",7047,"Diverse Demographics, Average Customer Base"
1280,numeric,Numeric: ID 1280,7043,"Older, Fewer Partners, Gender Skewed",7047,"Diverse Demographics, Average Customer Base"
1281,numeric,Numeric: ID 1281,7043,"Older, Fewer Partners, Gender Skewed",7047,"Diverse Demographics, Average Customer Base"
1282,numeric,Numeric: ID 1282,7043,"Older, Fewer Partners, Gender Skewed",7047,"Diverse Demographics, Average Customer Base"
1283,numeric,Numeric: ID 1283,7043,"Older, Fewer Partners, Gender Skewed",7047,"Diverse Demographics, Average Customer Base"
1284,numeric,Numeric: ID 1284,7043,"Older, Fewer Partners, Gender Skewed",7047,"Diverse Demographics, Average Customer Base"
1285,numeric,Numeric: ID 1285,7043,"Older, Fewer Partners, Gender Skewed",7047,"Diverse Demographics, Average Customer Base"
1286,numeric,Numeric: ID 1286,7043,"Older, Fewer Partners, Gender Skewed",7047,"Diverse Demographics, Average Customer Base"
1287,numeric,Numeric: ID 1287,7044,"Balanced Demographics, Average Customer",7047,"Diverse Demographics, Average Customer Base"
1288,numeric,Numeric: ID 1288,7043,"Older, Fewer Partners, Gender Skewed",7047,"Diverse Demographics, Average Customer Base"
1289,numeric,Numeric: ID 1289,7043,"Older, Fewer Partners, Gender Skewed",7047,"Diverse Demographics, Average Customer Base"
1290,numeric,Numeric: ID 1290,7045,"Younger, Fewer Partners, Gender Balanced",7048,"Younger, Single Customers: Engagement Focus"
1291,numeric,Numeric: ID 1291,7043,"Older, Fewer Partners, Gender Skewed",7047,"Diverse Demographics, Average Customer Base"
1292,numeric,Numeric: ID 1292,7043,"Older, Fewer Partners, Gender Skewed",7047,"Diverse Demographics, Average Customer Base"
1293,numeric,Numeric: ID 1293,7043,"Older, Fewer Partners, Gender Skewed",7047,"Diverse Demographics, Average Customer Base"
1294,numeric,Numeric: ID 1294,7044,"Balanced Demographics, Average Customer",7047,"Diverse Demographics, Average Customer Base"
1295,numeric,Numeric: ID 1295,7043,"Older, Fewer Partners, Gender Skewed",7047,"Diverse Demographics, Average Customer Base"
1296,numeric,Numeric: ID 1296,7043,"Older, Fewer Partners, Gender Skewed",7047,"Diverse Demographics, Average Customer Base"
1297,numeric,Numeric: ID 1297,7043,"Older, Fewer Partners, Gender Skewed",7047,"Diverse Demographics, Average Customer Base"
1298,numeric,Numeric: ID 1298,7043,"Older, Fewer Partners, Gender Skewed",7047,"Diverse Demographics, Average Customer Base"
1299,numeric,Numeric: ID 1299,7045,"Younger, Fewer Partners, Gender Balanced",7048,"Younger, Single Customers: Engagement Focus"
1300,numeric,Numeric: ID 1300,7043,"Older, Fewer Partners, Gender Skewed",7047,"Diverse Demographics, Average Customer Base"
1301,numeric,Numeric: ID 1301,7043,"Older, Fewer Partners, Gender Skewed",7047,"Diverse Demographics, Average Customer Base"
1302,numeric,Numeric: ID 1302,7044,"Balanced Demographics, Average Customer",7047,"Diverse Demographics, Average Customer Base"
1303,numeric,Numeric: ID 1303,7043,"Older, Fewer Partners, Gender Skewed",7047,"Diverse Demographics, Average Customer Base"
1304,numeric,Numeric: ID 1304,7044,"Balanced Demographics, Average Customer",7047,"Diverse Demographics, Average Customer Base"
1305,numeric,Numeric: ID 1305,7043,"Older, Fewer Partners, Gender Skewed",7047,"Diverse Demographics, Average Customer Base"
1306,numeric,Numeric: ID 1306,7044,"Balanced Demographics, Average Customer",7047,"Diverse Demographics, Average Customer Base"
1307,numeric,Numeric: ID 1307,7043,"Older, Fewer Partners, Gender Skewed",7047,"Diverse Demographics, Average Customer Base"
1308,numeric,Numeric: ID 1308,7044,"Balanced Demographics, Average Customer",7047,"Diverse Demographics, Average Customer Base"
1309,numeric,Numeric: ID 1309,7043,"Older, Fewer Partners, Gender Skewed",7047,"Diverse Demographics, Average Customer Base"
1310,numeric,Numeric: ID 1310,7043,"Older, Fewer Partners, Gender Skewed",7047,"Diverse Demographics, Average Customer Base"
1311,numeric,Numeric: ID 1311,7043,"Older, Fewer Partners, Gender Skewed",7047,"Diverse Demographics, Average Customer Base"
1312,numeric,Numeric: ID 1312,7043,"Older, Fewer Partners, Gender Skewed",7047,"Diverse Demographics, Average Customer Base"
1313,numeric,Numeric: ID 1313,7043,"Older, Fewer Partners, Gender Skewed",7047,"Diverse Demographics, Average Customer Base"
1314,numeric,Numeric: ID 1314,7043,"Older, Fewer Partners, Gender Skewed",7047,"Diverse Demographics, Average Customer Base"
1315,numeric,Numeric: ID 1315,7043,"Older, Fewer Partners, Gender Skewed",7047,"Diverse Demographics, Average Customer Base"
1316,numeric,Numeric: ID 1316,7043,"Older, Fewer Partners, Gender Skewed",7047,"Diverse Demographics, Average Customer Base"
1317,numeric,Numeric: ID 1317,7045,"Younger, Fewer Partners, Gender Balanced",7048,"Younger, Single Customers: Engagement Focus"
1318,numeric,Numeric: ID 1318,7043,"Older, Fewer Partners, Gender Skewed",7047,"Diverse Demographics, Average Customer Base"
1319,numeric,Numeric: ID 1319,7043,"Older, Fewer Partners, Gender Skewed",7047,"Diverse Demographics, Average Customer Base"
1320,numeric,Numeric: ID 1320,7043,"Older, Fewer Partners, Gender Skewed",7047,"Diverse Demographics, Average Customer Base"
1321,numeric,Numeric: ID 1321,7043,"Older, Fewer Partners, Gender Skewed",7047,"Diverse Demographics, Average Customer Base"
1322,numeric,Numeric: ID 1322,7043,"Older, Fewer Partners, Gender Skewed",7047,"Diverse Demographics, Average Customer Base"
1323,numeric,Numeric: ID 1323,7043,"Older, Fewer Partners, Gender Skewed",7047,"Diverse Demographics, Average Customer Base"
1324,numeric,Numeric: ID 1324,7043,"Older, Fewer Partners, Gender Skewed",7047,"Diverse Demographics, Average Customer Base"
1325,numeric,Numeric: ID 1325,7045,"Younger, Fewer Partners, Gender Balanced",7048,"Younger, Single Customers: Engagement Focus"
1326,numeric,Numeric: ID 1326,7043,"Older, Fewer Partners, Gender Skewed",7047,"Diverse Demographics, Average Customer Base"
1327,numeric,Numeric: ID 1327,7043,"Older, Fewer Partners, Gender Skewed",7047,"Diverse Demographics, Average Customer Base"
1328,numeric,Numeric: ID 1328,7044,"Balanced Demographics, Average Customer",7047,"Diverse Demographics, Average Customer Base"
1329,numeric,Numeric: ID 1329,7043,"Older, Fewer Partners, Gender Skewed",7047,"Diverse Demographics, Average Customer Base"
1330,numeric,Numeric: ID 1330,7044,"Balanced Demographics, Average Customer",7047,"Diverse Demographics, Average Customer Base"
1331,numeric,Numeric: ID 1331,7043,"Older, Fewer Partners, Gender Skewed",7047,"Diverse Demographics, Average Customer Base"
1332,numeric,Numeric: ID 1332,7043,"Older, Fewer Partners, Gender Skewed",7047,"Diverse Demographics, Average Customer Base"
1333,numeric,Numeric: ID 1333,7043,"Older, Fewer Partners, Gender Skewed",7047,"Diverse Demographics, Average Customer Base"
1334,numeric,Numeric: ID 1334,7045,"Younger, Fewer Partners, Gender Balanced",7048,"Younger, Single Customers: Engagement Focus"
1335,numeric,Numeric: ID 1335,7043,"Older, Fewer Partners, Gender Skewed",7047,"Diverse Demographics, Average Customer Base"
1336,numeric,Numeric: ID 1336,7044,"Balanced Demographics, Average Customer",7047,"Diverse Demographics, Average Customer Base"
1337,numeric,Numeric: ID 1337,7043,"Older, Fewer Partners, Gender Skewed",7047,"Diverse Demographics, Average Customer Base"
1338,numeric,Numeric: ID 1338,7045,"Younger, Fewer Partners, Gender Balanced",7048,"Younger, Single Customers: Engagement Focus"
1339,numeric,Numeric: ID 1339,7043,"Older, Fewer Partners, Gender Skewed",7047,"Diverse Demographics, Average Customer Base"
1340,numeric,Numeric: ID 1340,7043,"Older, Fewer Partners, Gender Skewed",7047,"Diverse Demographics, Average Customer Base"
1341,numeric,Numeric: ID 1341,7043,"Older, Fewer Partners, Gender Skewed",7047,"Diverse Demographics, Average Customer Base"
1342,numeric,Numeric: ID 1342,7045,"Younger, Fewer Partners, Gender Balanced",7048,"Younger, Single Customers: Engagement Focus"
1343,numeric,Numeric: ID 1343,7043,"Older, Fewer Partners, Gender Skewed",7047,"Diverse Demographics, Average Customer Base"
1344,numeric,Numeric: ID 1344,7043,"Older, Fewer Partners, Gender Skewed",7047,"Diverse Demographics, Average Customer Base"
1345,numeric,Numeric: ID 1345,7043,"Older, Fewer Partners, Gender Skewed",7047,"Diverse Demographics, Average Customer Base"
1346,numeric,Numeric: ID 1346,7043,"Older, Fewer Partners, Gender Skewed",7047,"Diverse Demographics, Average Customer Base"
1347,numeric,Numeric: ID 1347,7043,"Older, Fewer Partners, Gender Skewed",7047,"Diverse Demographics, Average Customer Base"
1348,numeric,Numeric: ID 1348,7044,"Balanced Demographics, Average Customer",7047,"Diverse Demographics, Average Customer Base"
1349,numeric,Numeric: ID 1349,7043,"Older, Fewer Partners, Gender Skewed",7047,"Diverse Demographics, Average Customer Base"
1350,numeric,Numeric: ID 1350,7043,"Older, Fewer Partners, Gender Skewed",7047,"Diverse Demographics, Average Customer Base"
1351,numeric,Numeric: ID 1351,7043,"Older, Fewer Partners, Gender Skewed",7047,"Diverse Demographics, Average Customer Base"
1352,numeric,Numeric: ID 1352,7043,"Older, Fewer Partners, Gender Skewed",7047,"Diverse Demographics, Average Customer Base"
1353,numeric,Numeric: ID 1353,7043,"Older, Fewer Partners, Gender Skewed",7047,"Diverse Demographics, Average Customer Base"
1354,numeric,Numeric: ID 1354,7043,"Older, Fewer Partners, Gender Skewed",7047,"Diverse Demographics, Average Customer Base"
1355,numeric,Numeric: ID 1355,7043,"Older, Fewer Partners, Gender Skewed",7047,"Diverse Demographics, Average Customer Base"
1356,numeric,Numeric: ID 1356,7043,"Older, Fewer Partners, Gender Skewed",7047,"Diverse Demographics, Average Customer Base"
1357,numeric,Numeric: ID 1357,7043,"Older, Fewer Partners, Gender Skewed",7047,"Diverse Demographics, Average Customer Base"
1358,numeric,Numeric: ID 1358,7043,"Older, Fewer Partners, Gender Skewed",7047,"Diverse Demographics, Average Customer Base"
1359,numeric,Numeric: ID 1359,7044,"Balanced Demographics, Average Customer",7047,"Diverse Demographics, Average Customer Base"
1360,numeric,Numeric: ID 1360,7043,"Older, Fewer Partners, Gender Skewed",7047,"Diverse Demographics, Average Customer Base"
1361,numeric,Numeric: ID 1361,7043,"Older, Fewer Partners, Gender Skewed",7047,"Diverse Demographics, Average Customer Base"
1362,numeric,Numeric: ID 1362,7044,"Balanced Demographics, Average Customer",7047,"Diverse Demographics, Average Customer Base"
1363,numeric,Numeric: ID 1363,7044,"Balanced Demographics, Average Customer",7047,"Diverse Demographics, Average Customer Base"
1364,numeric,Numeric: ID 1364,7043,"Older, Fewer Partners, Gender Skewed",7047,"Diverse Demographics, Average Customer Base"
1365,numeric,Numeric: ID 1365,7043,"Older, Fewer Partners, Gender Skewed",7047,"Diverse Demographics, Average Customer Base"
1366,numeric,Numeric: ID 1366,7045,"Younger, Fewer Partners, Gender Balanced",7048,"Younger, Single Customers: Engagement Focus"
1367,numeric,Numeric: ID 1367,7044,"Balanced Demographics, Average Customer",7047,"Diverse Demographics, Average Customer Base"
1368,numeric,Numeric: ID 1368,7043,"Older, Fewer Partners, Gender Skewed",7047,"Diverse Demographics, Average Customer Base"
1369,numeric,Numeric: ID 1369,7043,"Older, Fewer Partners, Gender Skewed",7047,"Diverse Demographics, Average Customer Base"
1370,numeric,Numeric: ID 1370,7043,"Older, Fewer Partners, Gender Skewed",7047,"Diverse Demographics, Average Customer Base"
1371,numeric,Numeric: ID 1371,7043,"Older, Fewer Partners, Gender Skewed",7047,"Diverse Demographics, Average Customer Base"
1372,numeric,Numeric: ID 1372,7043,"Older, Fewer Partners, Gender Skewed",7047,"Diverse Demographics, Average Customer Base"
1373,numeric,Numeric: ID 1373,7043,"Older, Fewer Partners, Gender Skewed",7047,"Diverse Demographics, Average Customer Base"
1374,numeric,Numeric: ID 1374,7043,"Older, Fewer Partners, Gender Skewed",7047,"Diverse Demographics, Average Customer Base"
1375,numeric,Numeric: ID 1375,7043,"Older, Fewer Partners, Gender Skewed",7047,"Diverse Demographics, Average Customer Base"
1376,numeric,Numeric: ID 1376,7043,"Older, Fewer Partners, Gender Skewed",7047,"Diverse Demographics, Average Customer Base"
1377,numeric,Numeric: ID 1377,7043,"Older, Fewer Partners, Gender Skewed",7047,"Diverse Demographics, Average Customer Base"
1378,numeric,Numeric: ID 1378,7043,"Older, Fewer Partners, Gender Skewed",7047,"Diverse Demographics, Average Customer Base"
1379,numeric,Numeric: ID 1379,7043,"Older, Fewer Partners, Gender Skewed",7047,"Diverse Demographics, Average Customer Base"
1380,numeric,Numeric: ID 1380,7043,"Older, Fewer Partners, Gender Skewed",7047,"Diverse Demographics, Average Customer Base"
1381,numeric,Numeric: ID 1381,7043,"Older, Fewer Partners, Gender Skewed",7047,"Diverse Demographics, Average Customer Base"
1382,numeric,Numeric: ID 1382,7043,"Older, Fewer Partners, Gender Skewed",7047,"Diverse Demographics, Average Customer Base"
1383,numeric,Numeric: ID 1383,7044,"Balanced Demographics, Average Customer",7047,"Diverse Demographics, Average Customer Base"
1384,numeric,Numeric: ID 1384,7043,"Older, Fewer Partners, Gender Skewed",7047,"Diverse Demographics, Average Customer Base"
1385,numeric,Numeric: ID 1385,7043,"Older, Fewer Partners, Gender Skewed",7047,"Diverse Demographics, Average Customer Base"
1386,numeric,Numeric: ID 1386,7043,"Older, Fewer Partners, Gender Skewed",7047,"Diverse Demographics, Average Customer Base"
1387,numeric,Numeric: ID 1387,7043,"Older, Fewer Partners, Gender Skewed",7047,"Diverse Demographics, Average Customer Base"
1388,numeric,Numeric: ID 1388,7043,"Older, Fewer Partners, Gender Skewed",7047,"Diverse Demographics, Average Customer Base"
1389,numeric,Numeric: ID 1389,7043,"Older, Fewer Partners, Gender Skewed",7047,"Diverse Demographics, Average Customer Base"
1390,numeric,Numeric: ID 1390,7045,"Younger, Fewer Partners, Gender Balanced",7048,"Younger, Single Customers: Engagement Focus"
1391,numeric,Numeric: ID 1391,7043,"Older, Fewer Partners, Gender Skewed",7047,"Diverse Demographics, Average Customer Base"
1392,numeric,Numeric: ID 1392,7043,"Older, Fewer Partners, Gender Skewed",7047,"Diverse Demographics, Average Customer Base"
1393,numeric,Numeric: ID 1393,7043,"Older, Fewer Partners, Gender Skewed",7047,"Diverse Demographics, Average Customer Base"
1394,numeric,Numeric: ID 1394,7045,"Younger, Fewer Partners, Gender Balanced",7048,"Younger, Single Customers: Engagement Focus"
1395,numeric,Numeric: ID 1395,7044,"Balanced Demographics, Average Customer",7047,"Diverse Demographics, Average Customer Base"
1396,numeric,Numeric: ID 1396,7043,"Older, Fewer Partners, Gender Skewed",7047,"Diverse Demographics, Average Customer Base"
1397,numeric,Numeric: ID 1397,7043,"Older, Fewer Partners, Gender Skewed",7047,"Diverse Demographics, Average Customer Base"
1398,numeric,Numeric: ID 1398,7043,"Older, Fewer Partners, Gender Skewed",7047,"Diverse Demographics, Average Customer Base"
1399,numeric,Numeric: ID 1399,7043,"Older, Fewer Partners, Gender Skewed",7047,"Diverse Demographics, Average Customer Base"
1400,numeric,Numeric: ID 1400,7043,"Older, Fewer Partners, Gender Skewed",7047,"Diverse Demographics, Average Customer Base"
1401,numeric,Numeric: ID 1401,7043,"Older, Fewer Partners, Gender Skewed",7047,"Diverse Demographics, Average Customer Base"
1402,numeric,Numeric: ID 1402,7043,"Older, Fewer Partners, Gender Skewed",7047,"Diverse Demographics, Average Customer Base"
1403,numeric,Numeric: ID 1403,7044,"Balanced Demographics, Average Customer",7047,"Diverse Demographics, Average Customer Base"
1404,numeric,Numeric: ID 1404,7043,"Older, Fewer Partners, Gender Skewed",7047,"Diverse Demographics, Average Customer Base"
1405,numeric,Numeric: ID 1405,7043,"Older, Fewer Partners, Gender Skewed",7047,"Diverse Demographics, Average Customer Base"
1406,numeric,Numeric: ID 1406,7043,"Older, Fewer Partners, Gender Skewed",7047,"Diverse Demographics, Average Customer Base"
1407,numeric,Numeric: ID 1407,7043,"Older, Fewer Partners, Gender Skewed",7047,"Diverse Demographics, Average Customer Base"
1408,numeric,Numeric: ID 1408,7043,"Older, Fewer Partners, Gender Skewed",7047,"Diverse Demographics, Average Customer Base"
1409,numeric,Numeric: ID 1409,7043,"Older, Fewer Partners, Gender Skewed",7047,"Diverse Demographics, Average Customer Base"
1410,numeric,Numeric: ID 1410,7043,"Older, Fewer Partners, Gender Skewed",7047,"Diverse Demographics, Average Customer Base"
1411,numeric,Numeric: ID 1411,7043,"Older, Fewer Partners, Gender Skewed",7047,"Diverse Demographics, Average Customer Base"
1412,numeric,Numeric: ID 1412,7043,"Older, Fewer Partners, Gender Skewed",7047,"Diverse Demographics, Average Customer Base"
1413,numeric,Numeric: ID 1413,7043,"Older, Fewer Partners, Gender Skewed",7047,"Diverse Demographics, Average Customer Base"
1414,numeric,Numeric: ID 1414,7045,"Younger, Fewer Partners, Gender Balanced",7048,"Younger, Single Customers: Engagement Focus"
1415,numeric,Numeric: ID 1415,7043,"Older, Fewer Partners, Gender Skewed",7047,"Diverse Demographics, Average Customer Base"
1416,numeric,Numeric: ID 1416,7043,"Older, Fewer Partners, Gender Skewed",7047,"Diverse Demographics, Average Customer Base"
1417,numeric,Numeric: ID 1417,7043,"Older, Fewer Partners, Gender Skewed",7047,"Diverse Demographics, Average Customer Base"
1418,numeric,Numeric: ID 1418,7043,"Older, Fewer Partners, Gender Skewed",7047,"Diverse Demographics, Average Customer Base"
1419,numeric,Numeric: ID 1419,7043,"Older, Fewer Partners, Gender Skewed",7047,"Diverse Demographics, Average Customer Base"
1420,numeric,Numeric: ID 1420,7044,"Balanced Demographics, Average Customer",7047,"Diverse Demographics, Average Customer Base"
1421,numeric,Numeric: ID 1421,7043,"Older, Fewer Partners, Gender Skewed",7047,"Diverse Demographics, Average Customer Base"
1422,numeric,Numeric: ID 1422,7043,"Older, Fewer Partners, Gender Skewed",7047,"Diverse Demographics, Average Customer Base"
1423,numeric,Numeric: ID 1423,7043,"Older, Fewer Partners, Gender Skewed",7047,"Diverse Demographics, Average Customer Base"
1424,numeric,Numeric: ID 1424,7043,"Older, Fewer Partners, Gender Skewed",7047,"Diverse Demographics, Average Customer Base"
1425,numeric,Numeric: ID 1425,7043,"Older, Fewer Partners, Gender Skewed",7047,"Diverse Demographics, Average Customer Base"
1426,numeric,Numeric: ID 1426,7043,"Older, Fewer Partners, Gender Skewed",7047,"Diverse Demographics, Average Customer Base"
1427,numeric,Numeric: ID 1427,7043,"Older, Fewer Partners, Gender Skewed",7047,"Diverse Demographics, Average Customer Base"
1428,numeric,Numeric: ID 1428,7043,"Older, Fewer Partners, Gender Skewed",7047,"Diverse Demographics, Average Customer Base"
1429,numeric,Numeric: ID 1429,7043,"Older, Fewer Partners, Gender Skewed",7047,"Diverse Demographics, Average Customer Base"
1430,numeric,Numeric: ID 1430,7045,"Younger, Fewer Partners, Gender Balanced",7048,"Younger, Single Customers: Engagement Focus"
1431,numeric,Numeric: ID 1431,7043,"Older, Fewer Partners, Gender Skewed",7047,"Diverse Demographics, Average Customer Base"
1432,numeric,Numeric: ID 1432,7043,"Older, Fewer Partners, Gender Skewed",7047,"Diverse Demographics, Average Customer Base"
1433,numeric,Numeric: ID 1433,7044,"Balanced Demographics, Average Customer",7047,"Diverse Demographics, Average Customer Base"
1434,numeric,Numeric: ID 1434,7043,"Older, Fewer Partners, Gender Skewed",7047,"Diverse Demographics, Average Customer Base"
1435,numeric,Numeric: ID 1435,7043,"Older, Fewer Partners, Gender Skewed",7047,"Diverse Demographics, Average Customer Base"
1436,numeric,Numeric: ID 1436,7043,"Older, Fewer Partners, Gender Skewed",7047,"Diverse Demographics, Average Customer Base"
1437,numeric,Numeric: ID 1437,7043,"Older, Fewer Partners, Gender Skewed",7047,"Diverse Demographics, Average Customer Base"
1438,numeric,Numeric: ID 1438,7043,"Older, Fewer Partners, Gender Skewed",7047,"Diverse Demographics, Average Customer Base"
1439,numeric,Numeric: ID 1439,7043,"Older, Fewer Partners, Gender Skewed",7047,"Diverse Demographics, Average Customer Base"
1440,numeric,Numeric: ID 1440,7043,"Older, Fewer Partners, Gender Skewed",7047,"Diverse Demographics, Average Customer Base"
1441,numeric,Numeric: ID 1441,7043,"Older, Fewer Partners, Gender Skewed",7047,"Diverse Demographics, Average Customer Base"
1442,numeric,Numeric: ID 1442,7043,"Older, Fewer Partners, Gender Skewed",7047,"Diverse Demographics, Average Customer Base"
1443,numeric,Numeric: ID 1443,7043,"Older, Fewer Partners, Gender Skewed",7047,"Diverse Demographics, Average Customer Base"
1444,numeric,Numeric: ID 1444,7043,"Older, Fewer Partners, Gender Skewed",7047,"Diverse Demographics, Average Customer Base"
1445,numeric,Numeric: ID 1445,7044,"Balanced Demographics, Average Customer",7047,"Diverse Demographics, Average Customer Base"
1446,numeric,Numeric: ID 1446,7043,"Older, Fewer Partners, Gender Skewed",7047,"Diverse Demographics, Average Customer Base"
1447,numeric,Numeric: ID 1447,7043,"Older, Fewer Partners, Gender Skewed",7047,"Diverse Demographics, Average Customer Base"
1448,numeric,Numeric: ID 1448,7043,"Older, Fewer Partners, Gender Skewed",7047,"Diverse Demographics, Average Customer Base"
1449,numeric,Numeric: ID 1449,7043,"Older, Fewer Partners, Gender Skewed",7047,"Diverse Demographics, Average Customer Base"
1450,numeric,Numeric: ID 1450,7043,"Older, Fewer Partners, Gender Skewed",7047,"Diverse Demographics, Average Customer Base"
1451,numeric,Numeric: ID 1451,7043,"Older, Fewer Partners, Gender Skewed",7047,"Diverse Demographics, Average Customer Base"
1452,numeric,Numeric: ID 1452,7043,"Older, Fewer Partners, Gender Skewed",7047,"Diverse Demographics, Average Customer Base"
1453,numeric,Numeric: ID 1453,7043,"Older, Fewer Partners, Gender Skewed",7047,"Diverse Demographics, Average Customer Base"
1454,numeric,Numeric: ID 1454,7044,"Balanced Demographics, Average Customer",7047,"Diverse Demographics, Average Customer Base"
1455,numeric,Numeric: ID 1455,7043,"Older, Fewer Partners, Gender Skewed",7047,"Diverse Demographics, Average Customer Base"
1456,numeric,Numeric: ID 1456,7045,"Younger, Fewer Partners, Gender Balanced",7048,"Younger, Single Customers: Engagement Focus"
1457,numeric,Numeric: ID 1457,7043,"Older, Fewer Partners, Gender Skewed",7047,"Diverse Demographics, Average Customer Base"
1458,numeric,Numeric: ID 1458,7043,"Older, Fewer Partners, Gender Skewed",7047,"Diverse Demographics, Average Customer Base"
1459,numeric,Numeric: ID 1459,7043,"Older, Fewer Partners, Gender Skewed",7047,"Diverse Demographics, Average Customer Base"
1460,numeric,Numeric: ID 1460,7043,"Older, Fewer Partners, Gender Skewed",7047,"Diverse Demographics, Average Customer Base"
1461,numeric,Numeric: ID 1461,7043,"Older, Fewer Partners, Gender Skewed",7047,"Diverse Demographics, Average Customer Base"
1462,numeric,Numeric: ID 1462,7043,"Older, Fewer Partners, Gender Skewed",7047,"Diverse Demographics, Average Customer Base"
1463,numeric,Numeric: ID 1463,7044,"Balanced Demographics, Average Customer",7047,"Diverse Demographics, Average Customer Base"
1464,numeric,Numeric: ID 1464,7043,"Older, Fewer Partners, Gender Skewed",7047,"Diverse Demographics, Average Customer Base"
1465,numeric,Numeric: ID 1465,7043,"Older, Fewer Partners, Gender Skewed",7047,"Diverse Demographics, Average Customer Base"
1466,numeric,Numeric: ID 1466,7043,"Older, Fewer Partners, Gender Skewed",7047,"Diverse Demographics, Average Customer Base"
1467,numeric,Numeric: ID 1467,7043,"Older, Fewer Partners, Gender Skewed",7047,"Diverse Demographics, Average Customer Base"
1468,numeric,Numeric: ID 1468,7043,"Older, Fewer Partners, Gender Skewed",7047,"Diverse Demographics, Average Customer Base"
1469,numeric,Numeric: ID 1469,7043,"Older, Fewer Partners, Gender Skewed",7047,"Diverse Demographics, Average Customer Base"
1470,numeric,Numeric: ID 1470,7043,"Older, Fewer Partners, Gender Skewed",7047,"Diverse Demographics, Average Customer Base"
1471,numeric,Numeric: ID 1471,7045,"Younger, Fewer Partners, Gender Balanced",7048,"Younger, Single Customers: Engagement Focus"
1472,numeric,Numeric: ID 1472,7043,"Older, Fewer Partners, Gender Skewed",7047,"Diverse Demographics, Average Customer Base"
1473,numeric,Numeric: ID 1473,7043,"Older, Fewer Partners, Gender Skewed",7047,"Diverse Demographics, Average Customer Base"
1474,numeric,Numeric: ID 1474,7043,"Older, Fewer Partners, Gender Skewed",7047,"Diverse Demographics, Average Customer Base"
1475,numeric,Numeric: ID 1475,7043,"Older, Fewer Partners, Gender Skewed",7047,"Diverse Demographics, Average Customer Base"
1476,numeric,Numeric: ID 1476,7043,"Older, Fewer Partners, Gender Skewed",7047,"Diverse Demographics, Average Customer Base"
1477,numeric,Numeric: ID 1477,7043,"Older, Fewer Partners, Gender Skewed",7047,"Diverse Demographics, Average Customer Base"
1478,numeric,Numeric: ID 1478,7043,"Older, Fewer Partners, Gender Skewed",7047,"Diverse Demographics, Average Customer Base"
1479,numeric,Numeric: ID 1479,7044,"Balanced Demographics, Average Customer",7047,"Diverse Demographics, Average Customer Base"
1480,numeric,Numeric: ID 1480,7043,"Older, Fewer Partners, Gender Skewed",7047,"Diverse Demographics, Average Customer Base"
1481,numeric,Numeric: ID 1481,7043,"Older, Fewer Partners, Gender Skewed",7047,"Diverse Demographics, Average Customer Base"
1482,numeric,Numeric: ID 1482,7045,"Younger, Fewer Partners, Gender Balanced",7048,"Younger, Single Customers: Engagement Focus"
1483,numeric,Numeric: ID 1483,7043,"Older, Fewer Partners, Gender Skewed",7047,"Diverse Demographics, Average Customer Base"
1484,numeric,Numeric: ID 1484,7043,"Older, Fewer Partners, Gender Skewed",7047,"Diverse Demographics, Average Customer Base"
1485,numeric,Numeric: ID 1485,7043,"Older, Fewer Partners, Gender Skewed",7047,"Diverse Demographics, Average Customer Base"
1486,numeric,Numeric: ID 1486,7045,"Younger, Fewer Partners, Gender Balanced",7048,"Younger, Single Customers: Engagement Focus"
1487,numeric,Numeric: ID 1487,7043,"Older, Fewer Partners, Gender Skewed",7047,"Diverse Demographics, Average Customer Base"
1488,numeric,Numeric: ID 1488,7045,"Younger, Fewer Partners, Gender Balanced",7048,"Younger, Single Customers: Engagement Focus"
1489,numeric,Numeric: ID 1489,7044,"Balanced Demographics, Average Customer",7047,"Diverse Demographics, Average Customer Base"
1490,numeric,Numeric: ID 1490,7045,"Younger, Fewer Partners, Gender Balanced",7048,"Younger, Single Customers: Engagement Focus"
1491,numeric,Numeric: ID 1491,7043,"Older, Fewer Partners, Gender Skewed",7047,"Diverse Demographics, Average Customer Base"
1492,numeric,Numeric: ID 1492,7043,"Older, Fewer Partners, Gender Skewed",7047,"Diverse Demographics, Average Customer Base"
1493,numeric,Numeric: ID 1493,7043,"Older, Fewer Partners, Gender Skewed",7047,"Diverse Demographics, Average Customer Base"
1494,numeric,Numeric: ID 1494,7045,"Younger, Fewer Partners, Gender Balanced",7048,"Younger, Single Customers: Engagement Focus"
1495,numeric,Numeric: ID 1495,7043,"Older, Fewer Partners, Gender Skewed",7047,"Diverse Demographics, Average Customer Base"
1496,numeric,Numeric: ID 1496,7043,"Older, Fewer Partners, Gender Skewed",7047,"Diverse Demographics, Average Customer Base"
1497,numeric,Numeric: ID 1497,7043,"Older, Fewer Partners, Gender Skewed",7047,"Diverse Demographics, Average Customer Base"
1498,numeric,Numeric: ID 1498,7043,"Older, Fewer Partners, Gender Skewed",7047,"Diverse Demographics, Average Customer Base"
1499,numeric,Numeric: ID 1499,7045,"Younger, Fewer Partners, Gender Balanced",7048,"Younger, Single Customers: Engagement Focus"
1500,numeric,Numeric: ID 1500,7043,"Older, Fewer Partners, Gender Skewed",7047,"Diverse Demographics, Average Customer Base"
1501,numeric,Numeric: ID 1501,7043,"Older, Fewer Partners, Gender Skewed",7047,"Diverse Demographics, Average Customer Base"
1502,numeric,Numeric: ID 1502,7045,"Younger, Fewer Partners, Gender Balanced",7048,"Younger, Single Customers: Engagement Focus"
1503,numeric,Numeric: ID 1503,7044,"Balanced Demographics, Average Customer",7047,"Diverse Demographics, Average Customer Base"
1504,numeric,Numeric: ID 1504,7043,"Older, Fewer Partners, Gender Skewed",7047,"Diverse Demographics, Average Customer Base"
1505,numeric,Numeric: ID 1505,7043,"Older, Fewer Partners, Gender Skewed",7047,"Diverse Demographics, Average Customer Base"
1506,numeric,Numeric: ID 1506,7043,"Older, Fewer Partners, Gender Skewed",7047,"Diverse Demographics, Average Customer Base"
1507,numeric,Numeric: ID 1507,7043,"Older, Fewer Partners, Gender Skewed",7047,"Diverse Demographics, Average Customer Base"
1508,numeric,Numeric: ID 1508,7043,"Older, Fewer Partners, Gender Skewed",7047,"Diverse Demographics, Average Customer Base"
1509,numeric,Numeric: ID 1509,7043,"Older, Fewer Partners, Gender Skewed",7047,"Diverse Demographics, Average Customer Base"
1510,numeric,Numeric: ID 1510,7043,"Older, Fewer Partners, Gender Skewed",7047,"Diverse Demographics, Average Customer Base"
1511,numeric,Numeric: ID 1511,7043,"Older, Fewer Partners, Gender Skewed",7047,"Diverse Demographics, Average Customer Base"
1512,numeric,Numeric: ID 1512,7043,"Older, Fewer Partners, Gender Skewed",7047,"Diverse Demographics, Average Customer Base"
1513,numeric,Numeric: ID 1513,7043,"Older, Fewer Partners, Gender Skewed",7047,"Diverse Demographics, Average Customer Base"
1514,numeric,Numeric: ID 1514,7043,"Older, Fewer Partners, Gender Skewed",7047,"Diverse Demographics, Average Customer Base"
1515,numeric,Numeric: ID 1515,7043,"Older, Fewer Partners, Gender Skewed",7047,"Diverse Demographics, Average Customer Base"
1516,numeric,Numeric: ID 1516,7043,"Older, Fewer Partners, Gender Skewed",7047,"Diverse Demographics, Average Customer Base"
1517,numeric,Numeric: ID 1517,7043,"Older, Fewer Partners, Gender Skewed",7047,"Diverse Demographics, Average Customer Base"
1518,numeric,Numeric: ID 1518,7045,"Younger, Fewer Partners, Gender Balanced",7048,"Younger, Single Customers: Engagement Focus"
1519,numeric,Numeric: ID 1519,7043,"Older, Fewer Partners, Gender Skewed",7047,"Diverse Demographics, Average Customer Base"
1520,numeric,Numeric: ID 1520,7043,"Older, Fewer Partners, Gender Skewed",7047,"Diverse Demographics, Average Customer Base"
1521,numeric,Numeric: ID 1521,7043,"Older, Fewer Partners, Gender Skewed",7047,"Diverse Demographics, Average Customer Base"
1522,numeric,Numeric: ID 1522,7043,"Older, Fewer Partners, Gender Skewed",7047,"Diverse Demographics, Average Customer Base"
1523,numeric,Numeric: ID 1523,7043,"Older, Fewer Partners, Gender Skewed",7047,"Diverse Demographics, Average Customer Base"
1524,numeric,Numeric: ID 1524,7043,"Older, Fewer Partners, Gender Skewed",7047,"Diverse Demographics, Average Customer Base"
1525,numeric,Numeric: ID 1525,7043,"Older, Fewer Partners, Gender Skewed",7047,"Diverse Demographics, Average Customer Base"
1526,numeric,Numeric: ID 1526,7043,"Older, Fewer Partners, Gender Skewed",7047,"Diverse Demographics, Average Customer Base"
1527,numeric,Numeric: ID 1527,7043,"Older, Fewer Partners, Gender Skewed",7047,"Diverse Demographics, Average Customer Base"
1528,numeric,Numeric: ID 1528,7043,"Older, Fewer Partners, Gender Skewed",7047,"Diverse Demographics, Average Customer Base"
1529,numeric,Numeric: ID 1529,7043,"Older, Fewer Partners, Gender Skewed",7047,"Diverse Demographics, Average Customer Base"
1530,numeric,Numeric: ID 1530,7044,"Balanced Demographics, Average Customer",7047,"Diverse Demographics, Average Customer Base"
1531,numeric,Numeric: ID 1531,7043,"Older, Fewer Partners, Gender Skewed",7047,"Diverse Demographics, Average Customer Base"
1532,numeric,Numeric: ID 1532,7045,"Younger, Fewer Partners, Gender Balanced",7048,"Younger, Single Customers: Engagement Focus"
1533,numeric,Numeric: ID 1533,7043,"Older, Fewer Partners, Gender Skewed",7047,"Diverse Demographics, Average Customer Base"
1534,numeric,Numeric: ID 1534,7043,"Older, Fewer Partners, Gender Skewed",7047,"Diverse Demographics, Average Customer Base"
1535,numeric,Numeric: ID 1535,7043,"Older, Fewer Partners, Gender Skewed",7047,"Diverse Demographics, Average Customer Base"
1536,numeric,Numeric: ID 1536,7043,"Older, Fewer Partners, Gender Skewed",7047,"Diverse Demographics, Average Customer Base"
1537,numeric,Numeric: ID 1537,7043,"Older, Fewer Partners, Gender Skewed",7047,"Diverse Demographics, Average Customer Base"
1538,numeric,Numeric: ID 1538,7043,"Older, Fewer Partners, Gender Skewed",7047,"Diverse Demographics, Average Customer Base"
1539,numeric,Numeric: ID 1539,7043,"Older, Fewer Partners, Gender Skewed",7047,"Diverse Demographics, Average Customer Base"
1540,numeric,Numeric: ID 1540,7043,"Older, Fewer Partners, Gender Skewed",7047,"Diverse Demographics, Average Customer Base"
1541,numeric,Numeric: ID 1541,7044,"Balanced Demographics, Average Customer",7047,"Diverse Demographics, Average Customer Base"
1542,numeric,Numeric: ID 1542,7043,"Older, Fewer Partners, Gender Skewed",7047,"Diverse Demographics, Average Customer Base"
1543,numeric,Numeric: ID 1543,7043,"Older, Fewer Partners, Gender Skewed",7047,"Diverse Demographics, Average Customer Base"
1544,numeric,Numeric: ID 1544,7043,"Older, Fewer Partners, Gender Skewed",7047,"Diverse Demographics, Average Customer Base"
1545,numeric,Numeric: ID 1545,7043,"Older, Fewer Partners, Gender Skewed",7047,"Diverse Demographics, Average Customer Base"
1546,numeric,Numeric: ID 1546,7043,"Older, Fewer Partners, Gender Skewed",7047,"Diverse Demographics, Average Customer Base"
1547,numeric,Numeric: ID 1547,7043,"Older, Fewer Partners, Gender Skewed",7047,"Diverse Demographics, Average Customer Base"
1548,numeric,Numeric: ID 1548,7045,"Younger, Fewer Partners, Gender Balanced",7048,"Younger, Single Customers: Engagement Focus"
1549,numeric,Numeric: ID 1549,7043,"Older, Fewer Partners, Gender Skewed",7047,"Diverse Demographics, Average Customer Base"
1550,numeric,Numeric: ID 1550,7043,"Older, Fewer Partners, Gender Skewed",7047,"Diverse Demographics, Average Customer Base"
1551,numeric,Numeric: ID 1551,7043,"Older, Fewer Partners, Gender Skewed",7047,"Diverse Demographics, Average Customer Base"
1552,numeric,Numeric: ID 1552,7043,"Older, Fewer Partners, Gender Skewed",7047,"Diverse Demographics, Average Customer Base"
1553,numeric,Numeric: ID 1553,7043,"Older, Fewer Partners, Gender Skewed",7047,"Diverse Demographics, Average Customer Base"
1554,numeric,Numeric: ID 1554,7044,"Balanced Demographics, Average Customer",7047,"Diverse Demographics, Average Customer Base"
1555,numeric,Numeric: ID 1555,7044,"Balanced Demographics, Average Customer",7047,"Diverse Demographics, Average Customer Base"
1556,numeric,Numeric: ID 1556,7043,"Older, Fewer Partners, Gender Skewed",7047,"Diverse Demographics, Average Customer Base"
1557,numeric,Numeric: ID 1557,7044,"Balanced Demographics, Average Customer",7047,"Diverse Demographics, Average Customer Base"
1558,numeric,Numeric: ID 1558,7043,"Older, Fewer Partners, Gender Skewed",7047,"Diverse Demographics, Average Customer Base"
1559,numeric,Numeric: ID 1559,7044,"Balanced Demographics, Average Customer",7047,"Diverse Demographics, Average Customer Base"
1560,numeric,Numeric: ID 1560,7043,"Older, Fewer Partners, Gender Skewed",7047,"Diverse Demographics, Average Customer Base"
1561,numeric,Numeric: ID 1561,7043,"Older, Fewer Partners, Gender Skewed",7047,"Diverse Demographics, Average Customer Base"
1562,numeric,Numeric: ID 1562,7045,"Younger, Fewer Partners, Gender Balanced",7048,"Younger, Single Customers: Engagement Focus"
1563,numeric,Numeric: ID 1563,7043,"Older, Fewer Partners, Gender Skewed",7047,"Diverse Demographics, Average Customer Base"
1564,numeric,Numeric: ID 1564,7043,"Older, Fewer Partners, Gender Skewed",7047,"Diverse Demographics, Average Customer Base"
1565,numeric,Numeric: ID 1565,7043,"Older, Fewer Partners, Gender Skewed",7047,"Diverse Demographics, Average Customer Base"
1566,numeric,Numeric: ID 1566,7043,"Older, Fewer Partners, Gender Skewed",7047,"Diverse Demographics, Average Customer Base"
1567,numeric,Numeric: ID 1567,7043,"Older, Fewer Partners, Gender Skewed",7047,"Diverse Demographics, Average Customer Base"
1568,numeric,Numeric: ID 1568,7043,"Older, Fewer Partners, Gender Skewed",7047,"Diverse Demographics, Average Customer Base"
1569,numeric,Numeric: ID 1569,7044,"Balanced Demographics, Average Customer",7047,"Diverse Demographics, Average Customer Base"
1570,numeric,Numeric: ID 1570,7043,"Older, Fewer Partners, Gender Skewed",7047,"Diverse Demographics, Average Customer Base"
1571,numeric,Numeric: ID 1571,7043,"Older, Fewer Partners, Gender Skewed",7047,"Diverse Demographics, Average Customer Base"
1572,numeric,Numeric: ID 1572,7043,"Older, Fewer Partners, Gender Skewed",7047,"Diverse Demographics, Average Customer Base"
1573,numeric,Numeric: ID 1573,7045,"Younger, Fewer Partners, Gender Balanced",7048,"Younger, Single Customers: Engagement Focus"
1574,numeric,Numeric: ID 1574,7043,"Older, Fewer Partners, Gender Skewed",7047,"Diverse Demographics, Average Customer Base"
1575,numeric,Numeric: ID 1575,7043,"Older, Fewer Partners, Gender Skewed",7047,"Diverse Demographics, Average Customer Base"
1576,numeric,Numeric: ID 1576,7043,"Older, Fewer Partners, Gender Skewed",7047,"Diverse Demographics, Average Customer Base"
1577,numeric,Numeric: ID 1577,7044,"Balanced Demographics, Average Customer",7047,"Diverse Demographics, Average Customer Base"
1578,numeric,Numeric: ID 1578,7043,"Older, Fewer Partners, Gender Skewed",7047,"Diverse Demographics, Average Customer Base"
1579,numeric,Numeric: ID 1579,7043,"Older, Fewer Partners, Gender Skewed",7047,"Diverse Demographics, Average Customer Base"
1580,numeric,Numeric: ID 1580,7043,"Older, Fewer Partners, Gender Skewed",7047,"Diverse Demographics, Average Customer Base"
1581,numeric,Numeric: ID 1581,7043,"Older, Fewer Partners, Gender Skewed",7047,"Diverse Demographics, Average Customer Base"
1582,numeric,Numeric: ID 1582,7043,"Older, Fewer Partners, Gender Skewed",7047,"Diverse Demographics, Average Customer Base"
1583,numeric,Numeric: ID 1583,7043,"Older, Fewer Partners, Gender Skewed",7047,"Diverse Demographics, Average Customer Base"
1584,numeric,Numeric: ID 1584,7043,"Older, Fewer Partners, Gender Skewed",7047,"Diverse Demographics, Average Customer Base"
1585,numeric,Numeric: ID 1585,7043,"Older, Fewer Partners, Gender Skewed",7047,"Diverse Demographics, Average Customer Base"
1586,numeric,Numeric: ID 1586,7043,"Older, Fewer Partners, Gender Skewed",7047,"Diverse Demographics, Average Customer Base"
1587,numeric,Numeric: ID 1587,7043,"Older, Fewer Partners, Gender Skewed",7047,"Diverse Demographics, Average Customer Base"
1588,numeric,Numeric: ID 1588,7043,"Older, Fewer Partners, Gender Skewed",7047,"Diverse Demographics, Average Customer Base"
1589,numeric,Numeric: ID 1589,7043,"Older, Fewer Partners, Gender Skewed",7047,"Diverse Demographics, Average Customer Base"
1590,numeric,Numeric: ID 1590,7043,"Older, Fewer Partners, Gender Skewed",7047,"Diverse Demographics, Average Customer Base"
1591,numeric,Numeric: ID 1591,7043,"Older, Fewer Partners, Gender Skewed",7047,"Diverse Demographics, Average Customer Base"
1592,numeric,Numeric: ID 1592,7044,"Balanced Demographics, Average Customer",7047,"Diverse Demographics, Average Customer Base"
1593,numeric,Numeric: ID 1593,7043,"Older, Fewer Partners, Gender Skewed",7047,"Diverse Demographics, Average Customer Base"
1594,numeric,Numeric: ID 1594,7043,"Older, Fewer Partners, Gender Skewed",7047,"Diverse Demographics, Average Customer Base"
1595,numeric,Numeric: ID 1595,7043,"Older, Fewer Partners, Gender Skewed",7047,"Diverse Demographics, Average Customer Base"
1596,numeric,Numeric: ID 1596,7043,"Older, Fewer Partners, Gender Skewed",7047,"Diverse Demographics, Average Customer Base"
1597,numeric,Numeric: ID 1597,7044,"Balanced Demographics, Average Customer",7047,"Diverse Demographics, Average Customer Base"
1598,numeric,Numeric: ID 1598,7043,"Older, Fewer Partners, Gender Skewed",7047,"Diverse Demographics, Average Customer Base"
1599,numeric,Numeric: ID 1599,7044,"Balanced Demographics, Average Customer",7047,"Diverse Demographics, Average Customer Base"
1600,numeric,Numeric: ID 1600,7043,"Older, Fewer Partners, Gender Skewed",7047,"Diverse Demographics, Average Customer Base"
1601,numeric,Numeric: ID 1601,7043,"Older, Fewer Partners, Gender Skewed",7047,"Diverse Demographics, Average Customer Base"
1602,numeric,Numeric: ID 1602,7044,"Balanced Demographics, Average Customer",7047,"Diverse Demographics, Average Customer Base"
1603,numeric,Numeric: ID 1603,7043,"Older, Fewer Partners, Gender Skewed",7047,"Diverse Demographics, Average Customer Base"
1604,numeric,Numeric: ID 1604,7043,"Older, Fewer Partners, Gender Skewed",7047,"Diverse Demographics, Average Customer Base"
1605,numeric,Numeric: ID 1605,7044,"Balanced Demographics, Average Customer",7047,"Diverse Demographics, Average Customer Base"
1606,numeric,Numeric: ID 1606,7044,"Balanced Demographics, Average Customer",7047,"Diverse Demographics, Average Customer Base"
1607,numeric,Numeric: ID 1607,7043,"Older, Fewer Partners, Gender Skewed",7047,"Diverse Demographics, Average Customer Base"
1608,numeric,Numeric: ID 1608,7043,"Older, Fewer Partners, Gender Skewed",7047,"Diverse Demographics, Average Customer Base"
1609,numeric,Numeric: ID 1609,7043,"Older, Fewer Partners, Gender Skewed",7047,"Diverse Demographics, Average Customer Base"
1610,numeric,Numeric: ID 1610,7043,"Older, Fewer Partners, Gender Skewed",7047,"Diverse Demographics, Average Customer Base"
1611,numeric,Numeric: ID 1611,7043,"Older, Fewer Partners, Gender Skewed",7047,"Diverse Demographics, Average Customer Base"
1612,numeric,Numeric: ID 1612,7043,"Older, Fewer Partners, Gender Skewed",7047,"Diverse Demographics, Average Customer Base"
1613,numeric,Numeric: ID 1613,7043,"Older, Fewer Partners, Gender Skewed",7047,"Diverse Demographics, Average Customer Base"
1614,numeric,Numeric: ID 1614,7043,"Older, Fewer Partners, Gender Skewed",7047,"Diverse Demographics, Average Customer Base"
1615,numeric,Numeric: ID 1615,7043,"Older, Fewer Partners, Gender Skewed",7047,"Diverse Demographics, Average Customer Base"
1616,numeric,Numeric: ID 1616,7043,"Older, Fewer Partners, Gender Skewed",7047,"Diverse Demographics, Average Customer Base"
1617,numeric,Numeric: ID 1617,7043,"Older, Fewer Partners, Gender Skewed",7047,"Diverse Demographics, Average Customer Base"
1618,numeric,Numeric: ID 1618,7043,"Older, Fewer Partners, Gender Skewed",7047,"Diverse Demographics, Average Customer Base"
1619,numeric,Numeric: ID 1619,7043,"Older, Fewer Partners, Gender Skewed",7047,"Diverse Demographics, Average Customer Base"
1620,numeric,Numeric: ID 1620,7043,"Older, Fewer Partners, Gender Skewed",7047,"Diverse Demographics, Average Customer Base"
1621,numeric,Numeric: ID 1621,7043,"Older, Fewer Partners, Gender Skewed",7047,"Diverse Demographics, Average Customer Base"
1622,numeric,Numeric: ID 1622,7043,"Older, Fewer Partners, Gender Skewed",7047,"Diverse Demographics, Average Customer Base"
1623,numeric,Numeric: ID 1623,7043,"Older, Fewer Partners, Gender Skewed",7047,"Diverse Demographics, Average Customer Base"
1624,numeric,Numeric: ID 1624,7045,"Younger, Fewer Partners, Gender Balanced",7048,"Younger, Single Customers: Engagement Focus"
1625,numeric,Numeric: ID 1625,7045,"Younger, Fewer Partners, Gender Balanced",7048,"Younger, Single Customers: Engagement Focus"
1626,numeric,Numeric: ID 1626,7043,"Older, Fewer Partners, Gender Skewed",7047,"Diverse Demographics, Average Customer Base"
1627,numeric,Numeric: ID 1627,7043,"Older, Fewer Partners, Gender Skewed",7047,"Diverse Demographics, Average Customer Base"
1628,numeric,Numeric: ID 1628,7043,"Older, Fewer Partners, Gender Skewed",7047,"Diverse Demographics, Average Customer Base"
1629,numeric,Numeric: ID 1629,7043,"Older, Fewer Partners, Gender Skewed",7047,"Diverse Demographics, Average Customer Base"
1630,numeric,Numeric: ID 1630,7044,"Balanced Demographics, Average Customer",7047,"Diverse Demographics, Average Customer Base"
1631,numeric,Numeric: ID 1631,7043,"Older, Fewer Partners, Gender Skewed",7047,"Diverse Demographics, Average Customer Base"
1632,numeric,Numeric: ID 1632,7043,"Older, Fewer Partners, Gender Skewed",7047,"Diverse Demographics, Average Customer Base"
1633,numeric,Numeric: ID 1633,7043,"Older, Fewer Partners, Gender Skewed",7047,"Diverse Demographics, Average Customer Base"
1634,numeric,Numeric: ID 1634,7043,"Older, Fewer Partners, Gender Skewed",7047,"Diverse Demographics, Average Customer Base"
1635,numeric,Numeric: ID 1635,7043,"Older, Fewer Partners, Gender Skewed",7047,"Diverse Demographics, Average Customer Base"
1636,numeric,Numeric: ID 1636,7043,"Older, Fewer Partners, Gender Skewed",7047,"Diverse Demographics, Average Customer Base"
1637,numeric,Numeric: ID 1637,7043,"Older, Fewer Partners, Gender Skewed",7047,"Diverse Demographics, Average Customer Base"
1638,numeric,Numeric: ID 1638,7043,"Older, Fewer Partners, Gender Skewed",7047,"Diverse Demographics, Average Customer Base"
1639,numeric,Numeric: ID 1639,7043,"Older, Fewer Partners, Gender Skewed",7047,"Diverse Demographics, Average Customer Base"
1640,numeric,Numeric: ID 1640,7043,"Older, Fewer Partners, Gender Skewed",7047,"Diverse Demographics, Average Customer Base"
1641,numeric,Numeric: ID 1641,7043,"Older, Fewer Partners, Gender Skewed",7047,"Diverse Demographics, Average Customer Base"
1642,numeric,Numeric: ID 1642,7043,"Older, Fewer Partners, Gender Skewed",7047,"Diverse Demographics, Average Customer Base"
1643,numeric,Numeric: ID 1643,7043,"Older, Fewer Partners, Gender Skewed",7047,"Diverse Demographics, Average Customer Base"
1644,numeric,Numeric: ID 1644,7044,"Balanced Demographics, Average Customer",7047,"Diverse Demographics, Average Customer Base"
1645,numeric,Numeric: ID 1645,7043,"Older, Fewer Partners, Gender Skewed",7047,"Diverse Demographics, Average Customer Base"
1646,numeric,Numeric: ID 1646,7043,"Older, Fewer Partners, Gender Skewed",7047,"Diverse Demographics, Average Customer Base"
1647,numeric,Numeric: ID 1647,7043,"Older, Fewer Partners, Gender Skewed",7047,"Diverse Demographics, Average Customer Base"
1648,numeric,Numeric: ID 1648,7043,"Older, Fewer Partners, Gender Skewed",7047,"Diverse Demographics, Average Customer Base"
1649,numeric,Numeric: ID 1649,7044,"Balanced Demographics, Average Customer",7047,"Diverse Demographics, Average Customer Base"
1650,numeric,Numeric: ID 1650,7043,"Older, Fewer Partners, Gender Skewed",7047,"Diverse Demographics, Average Customer Base"
1651,numeric,Numeric: ID 1651,7043,"Older, Fewer Partners, Gender Skewed",7047,"Diverse Demographics, Average Customer Base"
1652,numeric,Numeric: ID 1652,7043,"Older, Fewer Partners, Gender Skewed",7047,"Diverse Demographics, Average Customer Base"
1653,numeric,Numeric: ID 1653,7044,"Balanced Demographics, Average Customer",7047,"Diverse Demographics, Average Customer Base"
1654,numeric,Numeric: ID 1654,7043,"Older, Fewer Partners, Gender Skewed",7047,"Diverse Demographics, Average Customer Base"
1655,numeric,Numeric: ID 1655,7043,"Older, Fewer Partners, Gender Skewed",7047,"Diverse Demographics, Average Customer Base"
1656,numeric,Numeric: ID 1656,7043,"Older, Fewer Partners, Gender Skewed",7047,"Diverse Demographics, Average Customer Base"
1657,numeric,Numeric: ID 1657,7043,"Older, Fewer Partners, Gender Skewed",7047,"Diverse Demographics, Average Customer Base"
1658,numeric,Numeric: ID 1658,7045,"Younger, Fewer Partners, Gender Balanced",7048,"Younger, Single Customers: Engagement Focus"
1659,numeric,Numeric: ID 1659,7043,"Older, Fewer Partners, Gender Skewed",7047,"Diverse Demographics, Average Customer Base"
1660,numeric,Numeric: ID 1660,7043,"Older, Fewer Partners, Gender Skewed",7047,"Diverse Demographics, Average Customer Base"
1661,numeric,Numeric: ID 1661,7043,"Older, Fewer Partners, Gender Skewed",7047,"Diverse Demographics, Average Customer Base"
1662,numeric,Numeric: ID 1662,7043,"Older, Fewer Partners, Gender Skewed",7047,"Diverse Demographics, Average Customer Base"
1663,numeric,Numeric: ID 1663,7045,"Younger, Fewer Partners, Gender Balanced",7048,"Younger, Single Customers: Engagement Focus"
1664,numeric,Numeric: ID 1664,7043,"Older, Fewer Partners, Gender Skewed",7047,"Diverse Demographics, Average Customer Base"
1665,numeric,Numeric: ID 1665,7043,"Older, Fewer Partners, Gender Skewed",7047,"Diverse Demographics, Average Customer Base"
1666,numeric,Numeric: ID 1666,7043,"Older, Fewer Partners, Gender Skewed",7047,"Diverse Demographics, Average Customer Base"
1667,numeric,Numeric: ID 1667,7043,"Older, Fewer Partners, Gender Skewed",7047,"Diverse Demographics, Average Customer Base"
1668,numeric,Numeric: ID 1668,7043,"Older, Fewer Partners, Gender Skewed",7047,"Diverse Demographics, Average Customer Base"
1669,numeric,Numeric: ID 1669,7043,"Older, Fewer Partners, Gender Skewed",7047,"Diverse Demographics, Average Customer Base"
1670,numeric,Numeric: ID 1670,7045,"Younger, Fewer Partners, Gender Balanced",7048,"Younger, Single Customers: Engagement Focus"
1671,numeric,Numeric: ID 1671,7043,"Older, Fewer Partners, Gender Skewed",7047,"Diverse Demographics, Average Customer Base"
1672,numeric,Numeric: ID 1672,7043,"Older, Fewer Partners, Gender Skewed",7047,"Diverse Demographics, Average Customer Base"
1673,numeric,Numeric: ID 1673,7043,"Older, Fewer Partners, Gender Skewed",7047,"Diverse Demographics, Average Customer Base"
1674,numeric,Numeric: ID 1674,7043,"Older, Fewer Partners, Gender Skewed",7047,"Diverse Demographics, Average Customer Base"
1675,numeric,Numeric: ID 1675,7043,"Older, Fewer Partners, Gender Skewed",7047,"Diverse Demographics, Average Customer Base"
1676,numeric,Numeric: ID 1676,7043,"Older, Fewer Partners, Gender Skewed",7047,"Diverse Demographics, Average Customer Base"
1677,numeric,Numeric: ID 1677,7043,"Older, Fewer Partners, Gender Skewed",7047,"Diverse Demographics, Average Customer Base"
1678,numeric,Numeric: ID 1678,7043,"Older, Fewer Partners, Gender Skewed",7047,"Diverse Demographics, Average Customer Base"
1679,numeric,Numeric: ID 1679,7043,"Older, Fewer Partners, Gender Skewed",7047,"Diverse Demographics, Average Customer Base"
1680,numeric,Numeric: ID 1680,7045,"Younger, Fewer Partners, Gender Balanced",7048,"Younger, Single Customers: Engagement Focus"
1681,numeric,Numeric: ID 1681,7043,"Older, Fewer Partners, Gender Skewed",7047,"Diverse Demographics, Average Customer Base"
1682,numeric,Numeric: ID 1682,7043,"Older, Fewer Partners, Gender Skewed",7047,"Diverse Demographics, Average Customer Base"
1683,numeric,Numeric: ID 1683,7043,"Older, Fewer Partners, Gender Skewed",7047,"Diverse Demographics, Average Customer Base"
1684,numeric,Numeric: ID 1684,7043,"Older, Fewer Partners, Gender Skewed",7047,"Diverse Demographics, Average Customer Base"
1685,numeric,Numeric: ID 1685,7044,"Balanced Demographics, Average Customer",7047,"Diverse Demographics, Average Customer Base"
1686,numeric,Numeric: ID 1686,7043,"Older, Fewer Partners, Gender Skewed",7047,"Diverse Demographics, Average Customer Base"
1687,numeric,Numeric: ID 1687,7043,"Older, Fewer Partners, Gender Skewed",7047,"Diverse Demographics, Average Customer Base"
1688,numeric,Numeric: ID 1688,7043,"Older, Fewer Partners, Gender Skewed",7047,"Diverse Demographics, Average Customer Base"
1689,numeric,Numeric: ID 1689,7045,"Younger, Fewer Partners, Gender Balanced",7048,"Younger, Single Customers: Engagement Focus"
1690,numeric,Numeric: ID 1690,7043,"Older, Fewer Partners, Gender Skewed",7047,"Diverse Demographics, Average Customer Base"
1691,numeric,Numeric: ID 1691,7043,"Older, Fewer Partners, Gender Skewed",7047,"Diverse Demographics, Average Customer Base"
1692,numeric,Numeric: ID 1692,7043,"Older, Fewer Partners, Gender Skewed",7047,"Diverse Demographics, Average Customer Base"
1693,numeric,Numeric: ID 1693,7043,"Older, Fewer Partners, Gender Skewed",7047,"Diverse Demographics, Average Customer Base"
1694,numeric,Numeric: ID 1694,7043,"Older, Fewer Partners, Gender Skewed",7047,"Diverse Demographics, Average Customer Base"
1695,numeric,Numeric: ID 1695,7043,"Older, Fewer Partners, Gender Skewed",7047,"Diverse Demographics, Average Customer Base"
1696,numeric,Numeric: ID 1696,7044,"Balanced Demographics, Average Customer",7047,"Diverse Demographics, Average Customer Base"
1697,numeric,Numeric: ID 1697,7043,"Older, Fewer Partners, Gender Skewed",7047,"Diverse Demographics, Average Customer Base"
1698,numeric,Numeric: ID 1698,7043,"Older, Fewer Partners, Gender Skewed",7047,"Diverse Demographics, Average Customer Base"
1699,numeric,Numeric: ID 1699,7043,"Older, Fewer Partners, Gender Skewed",7047,"Diverse Demographics, Average Customer Base"
1700,numeric,Numeric: ID 1700,7043,"Older, Fewer Partners, Gender Skewed",7047,"Diverse Demographics, Average Customer Base"
1701,numeric,Numeric: ID 1701,7043,"Older, Fewer Partners, Gender Skewed",7047,"Diverse Demographics, Average Customer Base"
1702,numeric,Numeric: ID 1702,7043,"Older, Fewer Partners, Gender Skewed",7047,"Diverse Demographics, Average Customer Base"
1703,numeric,Numeric: ID 1703,7043,"Older, Fewer Partners, Gender Skewed",7047,"Diverse Demographics, Average Customer Base"
1704,numeric,Numeric: ID 1704,7043,"Older, Fewer Partners, Gender Skewed",7047,"Diverse Demographics, Average Customer Base"
1705,numeric,Numeric: ID 1705,7043,"Older, Fewer Partners, Gender Skewed",7047,"Diverse Demographics, Average Customer Base"
1706,numeric,Numeric: ID 1706,7043,"Older, Fewer Partners, Gender Skewed",7047,"Diverse Demographics, Average Customer Base"
1707,numeric,Numeric: ID 1707,7043,"Older, Fewer Partners, Gender Skewed",7047,"Diverse Demographics, Average Customer Base"
1708,numeric,Numeric: ID 1708,7043,"Older, Fewer Partners, Gender Skewed",7047,"Diverse Demographics, Average Customer Base"
1709,numeric,Numeric: ID 1709,7043,"Older, Fewer Partners, Gender Skewed",7047,"Diverse Demographics, Average Customer Base"
1710,numeric,Numeric: ID 1710,7045,"Younger, Fewer Partners, Gender Balanced",7048,"Younger, Single Customers: Engagement Focus"
1711,numeric,Numeric: ID 1711,7043,"Older, Fewer Partners, Gender Skewed",7047,"Diverse Demographics, Average Customer Base"
1712,numeric,Numeric: ID 1712,7043,"Older, Fewer Partners, Gender Skewed",7047,"Diverse Demographics, Average Customer Base"
1713,numeric,Numeric: ID 1713,7043,"Older, Fewer Partners, Gender Skewed",7047,"Diverse Demographics, Average Customer Base"
1714,numeric,Numeric: ID 1714,7043,"Older, Fewer Partners, Gender Skewed",7047,"Diverse Demographics, Average Customer Base"
1715,numeric,Numeric: ID 1715,7043,"Older, Fewer Partners, Gender Skewed",7047,"Diverse Demographics, Average Customer Base"
1716,numeric,Numeric: ID 1716,7043,"Older, Fewer Partners, Gender Skewed",7047,"Diverse Demographics, Average Customer Base"
1717,numeric,Numeric: ID 1717,7043,"Older, Fewer Partners, Gender Skewed",7047,"Diverse Demographics, Average Customer Base"
1718,numeric,Numeric: ID 1718,7043,"Older, Fewer Partners, Gender Skewed",7047,"Diverse Demographics, Average Customer Base"
1719,numeric,Numeric: ID 1719,7044,"Balanced Demographics, Average Customer",7047,"Diverse Demographics, Average Customer Base"
1720,numeric,Numeric: ID 1720,7044,"Balanced Demographics, Average Customer",7047,"Diverse Demographics, Average Customer Base"
1721,numeric,Numeric: ID 1721,7043,"Older, Fewer Partners, Gender Skewed",7047,"Diverse Demographics, Average Customer Base"
1722,numeric,Numeric: ID 1722,7043,"Older, Fewer Partners, Gender Skewed",7047,"Diverse Demographics, Average Customer Base"
1723,numeric,Numeric: ID 1723,7043,"Older, Fewer Partners, Gender Skewed",7047,"Diverse Demographics, Average Customer Base"
1724,numeric,Numeric: ID 1724,7043,"Older, Fewer Partners, Gender Skewed",7047,"Diverse Demographics, Average Customer Base"
1725,numeric,Numeric: ID 1725,7043,"Older, Fewer Partners, Gender Skewed",7047,"Diverse Demographics, Average Customer Base"
1726,numeric,Numeric: ID 1726,7043,"Older, Fewer Partners, Gender Skewed",7047,"Diverse Demographics, Average Customer Base"
1727,numeric,Numeric: ID 1727,7043,"Older, Fewer Partners, Gender Skewed",7047,"Diverse Demographics, Average Customer Base"
1728,numeric,Numeric: ID 1728,7043,"Older, Fewer Partners, Gender Skewed",7047,"Diverse Demographics, Average Customer Base"
1729,numeric,Numeric: ID 1729,7043,"Older, Fewer Partners, Gender Skewed",7047,"Diverse Demographics, Average Customer Base"
1730,numeric,Numeric: ID 1730,7043,"Older, Fewer Partners, Gender Skewed",7047,"Diverse Demographics, Average Customer Base"
1731,numeric,Numeric: ID 1731,7043,"Older, Fewer Partners, Gender Skewed",7047,"Diverse Demographics, Average Customer Base"
1732,numeric,Numeric: ID 1732,7043,"Older, Fewer Partners, Gender Skewed",7047,"Diverse Demographics, Average Customer Base"
1733,numeric,Numeric: ID 1733,7043,"Older, Fewer Partners, Gender Skewed",7047,"Diverse Demographics, Average Customer Base"
1734,numeric,Numeric: ID 1734,7043,"Older, Fewer Partners, Gender Skewed",7047,"Diverse Demographics, Average Customer Base"
1735,numeric,Numeric: ID 1735,7043,"Older, Fewer Partners, Gender Skewed",7047,"Diverse Demographics, Average Customer Base"
1736,numeric,Numeric: ID 1736,7043,"Older, Fewer Partners, Gender Skewed",7047,"Diverse Demographics, Average Customer Base"
1737,numeric,Numeric: ID 1737,7043,"Older, Fewer Partners, Gender Skewed",7047,"Diverse Demographics, Average Customer Base"
1738,numeric,Numeric: ID 1738,7045,"Younger, Fewer Partners, Gender Balanced",7048,"Younger, Single Customers: Engagement Focus"
1739,numeric,Numeric: ID 1739,7043,"Older, Fewer Partners, Gender Skewed",7047,"Diverse Demographics, Average Customer Base"
1740,numeric,Numeric: ID 1740,7043,"Older, Fewer Partners, Gender Skewed",7047,"Diverse Demographics, Average Customer Base"
1741,numeric,Numeric: ID 1741,7043,"Older, Fewer Partners, Gender Skewed",7047,"Diverse Demographics, Average Customer Base"
1742,numeric,Numeric: ID 1742,7043,"Older, Fewer Partners, Gender Skewed",7047,"Diverse Demographics, Average Customer Base"
1743,numeric,Numeric: ID 1743,7044,"Balanced Demographics, Average Customer",7047,"Diverse Demographics, Average Customer Base"
1744,numeric,Numeric: ID 1744,7043,"Older, Fewer Partners, Gender Skewed",7047,"Diverse Demographics, Average Customer Base"
1745,numeric,Numeric: ID 1745,7043,"Older, Fewer Partners, Gender Skewed",7047,"Diverse Demographics, Average Customer Base"
1746,numeric,Numeric: ID 1746,7044,"Balanced Demographics, Average Customer",7047,"Diverse Demographics, Average Customer Base"
1747,numeric,Numeric: ID 1747,7043,"Older, Fewer Partners, Gender Skewed",7047,"Diverse Demographics, Average Customer Base"
1748,numeric,Numeric: ID 1748,7043,"Older, Fewer Partners, Gender Skewed",7047,"Diverse Demographics, Average Customer Base"
1749,numeric,Numeric: ID 1749,7044,"Balanced Demographics, Average Customer",7047,"Diverse Demographics, Average Customer Base"
1750,numeric,Numeric: ID 1750,7043,"Older, Fewer Partners, Gender Skewed",7047,"Diverse Demographics, Average Customer Base"
1751,numeric,Numeric: ID 1751,7045,"Younger, Fewer Partners, Gender Balanced",7048,"Younger, Single Customers: Engagement Focus"
1752,numeric,Numeric: ID 1752,7043,"Older, Fewer Partners, Gender Skewed",7047,"Diverse Demographics, Average Customer Base"
1753,numeric,Numeric: ID 1753,7043,"Older, Fewer Partners, Gender Skewed",7047,"Diverse Demographics, Average Customer Base"
1754,numeric,Numeric: ID 1754,7043,"Older, Fewer Partners, Gender Skewed",7047,"Diverse Demographics, Average Customer Base"
1755,numeric,Numeric: ID 1755,7043,"Older, Fewer Partners, Gender Skewed",7047,"Diverse Demographics, Average Customer Base"
1756,numeric,Numeric: ID 1756,7043,"Older, Fewer Partners, Gender Skewed",7047,"Diverse Demographics, Average Customer Base"
1757,numeric,Numeric: ID 1757,7043,"Older, Fewer Partners, Gender Skewed",7047,"Diverse Demographics, Average Customer Base"
1758,numeric,Numeric: ID 1758,7043,"Older, Fewer Partners, Gender Skewed",7047,"Diverse Demographics, Average Customer Base"
1759,numeric,Numeric: ID 1759,7043,"Older, Fewer Partners, Gender Skewed",7047,"Diverse Demographics, Average Customer Base"
1760,numeric,Numeric: ID 1760,7043,"Older, Fewer Partners, Gender Skewed",7047,"Diverse Demographics, Average Customer Base"
1761,numeric,Numeric: ID 1761,7043,"Older, Fewer Partners, Gender Skewed",7047,"Diverse Demographics, Average Customer Base"
1762,numeric,Numeric: ID 1762,7043,"Older, Fewer Partners, Gender Skewed",7047,"Diverse Demographics, Average Customer Base"
1763,numeric,Numeric: ID 1763,7043,"Older, Fewer Partners, Gender Skewed",7047,"Diverse Demographics, Average Customer Base"
1764,numeric,Numeric: ID 1764,7043,"Older, Fewer Partners, Gender Skewed",7047,"Diverse Demographics, Average Customer Base"
1765,numeric,Numeric: ID 1765,7043,"Older, Fewer Partners, Gender Skewed",7047,"Diverse Demographics, Average Customer Base"
1766,numeric,Numeric: ID 1766,7043,"Older, Fewer Partners, Gender Skewed",7047,"Diverse Demographics, Average Customer Base"
1767,numeric,Numeric: ID 1767,7043,"Older, Fewer Partners, Gender Skewed",7047,"Diverse Demographics, Average Customer Base"
1768,numeric,Numeric: ID 1768,7043,"Older, Fewer Partners, Gender Skewed",7047,"Diverse Demographics, Average Customer Base"
1769,numeric,Numeric: ID 1769,7043,"Older, Fewer Partners, Gender Skewed",7047,"Diverse Demographics, Average Customer Base"
1770,numeric,Numeric: ID 1770,7044,"Balanced Demographics, Average Customer",7047,"Diverse Demographics, Average Customer Base"
1771,numeric,Numeric: ID 1771,7043,"Older, Fewer Partners, Gender Skewed",7047,"Diverse Demographics, Average Customer Base"
1772,numeric,Numeric: ID 1772,7043,"Older, Fewer Partners, Gender Skewed",7047,"Diverse Demographics, Average Customer Base"
1773,numeric,Numeric: ID 1773,7043,"Older, Fewer Partners, Gender Skewed",7047,"Diverse Demographics, Average Customer Base"
1774,numeric,Numeric: ID 1774,7043,"Older, Fewer Partners, Gender Skewed",7047,"Diverse Demographics, Average Customer Base"
1775,numeric,Numeric: ID 1775,7043,"Older, Fewer Partners, Gender Skewed",7047,"Diverse Demographics, Average Customer Base"
1776,numeric,Numeric: ID 1776,7043,"Older, Fewer Partners, Gender Skewed",7047,"Diverse Demographics, Average Customer Base"
1777,numeric,Numeric: ID 1777,7043,"Older, Fewer Partners, Gender Skewed",7047,"Diverse Demographics, Average Customer Base"
1778,numeric,Numeric: ID 1778,7043,"Older, Fewer Partners, Gender Skewed",7047,"Diverse Demographics, Average Customer Base"
1779,numeric,Numeric: ID 1779,7043,"Older, Fewer Partners, Gender Skewed",7047,"Diverse Demographics, Average Customer Base"
1780,numeric,Numeric: ID 1780,7043,"Older, Fewer Partners, Gender Skewed",7047,"Diverse Demographics, Average Customer Base"
1781,numeric,Numeric: ID 1781,7043,"Older, Fewer Partners, Gender Skewed",7047,"Diverse Demographics, Average Customer Base"
1782,numeric,Numeric: ID 1782,7043,"Older, Fewer Partners, Gender Skewed",7047,"Diverse Demographics, Average Customer Base"
1783,numeric,Numeric: ID 1783,7044,"Balanced Demographics, Average Customer",7047,"Diverse Demographics, Average Customer Base"
1784,numeric,Numeric: ID 1784,7043,"Older, Fewer Partners, Gender Skewed",7047,"Diverse Demographics, Average Customer Base"
1785,numeric,Numeric: ID 1785,7043,"Older, Fewer Partners, Gender Skewed",7047,"Diverse Demographics, Average Customer Base"
1786,numeric,Numeric: ID 1786,7043,"Older, Fewer Partners, Gender Skewed",7047,"Diverse Demographics, Average Customer Base"
1787,numeric,Numeric: ID 1787,7043,"Older, Fewer Partners, Gender Skewed",7047,"Diverse Demographics, Average Customer Base"
1788,numeric,Numeric: ID 1788,7043,"Older, Fewer Partners, Gender Skewed",7047,"Diverse Demographics, Average Customer Base"
1789,numeric,Numeric: ID 1789,7043,"Older, Fewer Partners, Gender Skewed",7047,"Diverse Demographics, Average Customer Base"
1790,numeric,Numeric: ID 1790,7043,"Older, Fewer Partners, Gender Skewed",7047,"Diverse Demographics, Average Customer Base"
1791,numeric,Numeric: ID 1791,7043,"Older, Fewer Partners, Gender Skewed",7047,"Diverse Demographics, Average Customer Base"
1792,numeric,Numeric: ID 1792,7045,"Younger, Fewer Partners, Gender Balanced",7048,"Younger, Single Customers: Engagement Focus"
1793,numeric,Numeric: ID 1793,7044,"Balanced Demographics, Average Customer",7047,"Diverse Demographics, Average Customer Base"
1794,numeric,Numeric: ID 1794,7045,"Younger, Fewer Partners, Gender Balanced",7048,"Younger, Single Customers: Engagement Focus"
1795,numeric,Numeric: ID 1795,7043,"Older, Fewer Partners, Gender Skewed",7047,"Diverse Demographics, Average Customer Base"
1796,numeric,Numeric: ID 1796,7043,"Older, Fewer Partners, Gender Skewed",7047,"Diverse Demographics, Average Customer Base"
1797,numeric,Numeric: ID 1797,7043,"Older, Fewer Partners, Gender Skewed",7047,"Diverse Demographics, Average Customer Base"
1798,numeric,Numeric: ID 1798,7044,"Balanced Demographics, Average Customer",7047,"Diverse Demographics, Average Customer Base"
1799,numeric,Numeric: ID 1799,7044,"Balanced Demographics, Average Customer",7047,"Diverse Demographics, Average Customer Base"
1800,numeric,Numeric: ID 1800,7044,"Balanced Demographics, Average Customer",7047,"Diverse Demographics, Average Customer Base"
1801,numeric,Numeric: ID 1801,7043,"Older, Fewer Partners, Gender Skewed",7047,"Diverse Demographics, Average Customer Base"
1802,numeric,Numeric: ID 1802,7043,"Older, Fewer Partners, Gender Skewed",7047,"Diverse Demographics, Average Customer Base"
1803,numeric,Numeric: ID 1803,7043,"Older, Fewer Partners, Gender Skewed",7047,"Diverse Demographics, Average Customer Base"
1804,numeric,Numeric: ID 1804,7043,"Older, Fewer Partners, Gender Skewed",7047,"Diverse Demographics, Average Customer Base"
1805,numeric,Numeric: ID 1805,7043,"Older, Fewer Partners, Gender Skewed",7047,"Diverse Demographics, Average Customer Base"
1806,numeric,Numeric: ID 1806,7043,"Older, Fewer Partners, Gender Skewed",7047,"Diverse Demographics, Average Customer Base"
1807,numeric,Numeric: ID 1807,7043,"Older, Fewer Partners, Gender Skewed",7047,"Diverse Demographics, Average Customer Base"
1808,numeric,Numeric: ID 1808,7043,"Older, Fewer Partners, Gender Skewed",7047,"Diverse Demographics, Average Customer Base"
1809,numeric,Numeric: ID 1809,7043,"Older, Fewer Partners, Gender Skewed",7047,"Diverse Demographics, Average Customer Base"
1810,numeric,Numeric: ID 1810,7043,"Older, Fewer Partners, Gender Skewed",7047,"Diverse Demographics, Average Customer Base"
1811,numeric,Numeric: ID 1811,7043,"Older, Fewer Partners, Gender Skewed",7047,"Diverse Demographics, Average Customer Base"
1812,numeric,Numeric: ID 1812,7043,"Older, Fewer Partners, Gender Skewed",7047,"Diverse Demographics, Average Customer Base"
1813,numeric,Numeric: ID 1813,7043,"Older, Fewer Partners, Gender Skewed",7047,"Diverse Demographics, Average Customer Base"
1814,numeric,Numeric: ID 1814,7043,"Older, Fewer Partners, Gender Skewed",7047,"Diverse Demographics, Average Customer Base"
1815,numeric,Numeric: ID 1815,7043,"Older, Fewer Partners, Gender Skewed",7047,"Diverse Demographics, Average Customer Base"
1816,numeric,Numeric: ID 1816,7043,"Older, Fewer Partners, Gender Skewed",7047,"Diverse Demographics, Average Customer Base"
1817,numeric,Numeric: ID 1817,7044,"Balanced Demographics, Average Customer",7047,"Diverse Demographics, Average Customer Base"
1818,numeric,Numeric: ID 1818,7043,"Older, Fewer Partners, Gender Skewed",7047,"Diverse Demographics, Average Customer Base"
1819,numeric,Numeric: ID 1819,7043,"Older, Fewer Partners, Gender Skewed",7047,"Diverse Demographics, Average Customer Base"
1820,numeric,Numeric: ID 1820,7043,"Older, Fewer Partners, Gender Skewed",7047,"Diverse Demographics, Average Customer Base"
1821,numeric,Numeric: ID 1821,7043,"Older, Fewer Partners, Gender Skewed",7047,"Diverse Demographics, Average Customer Base"
1822,numeric,Numeric: ID 1822,7043,"Older, Fewer Partners, Gender Skewed",7047,"Diverse Demographics, Average Customer Base"
1823,numeric,Numeric: ID 1823,7044,"Balanced Demographics, Average Customer",7047,"Diverse Demographics, Average Customer Base"
1824,numeric,Numeric: ID 1824,7043,"Older, Fewer Partners, Gender Skewed",7047,"Diverse Demographics, Average Customer Base"
1825,numeric,Numeric: ID 1825,7043,"Older, Fewer Partners, Gender Skewed",7047,"Diverse Demographics, Average Customer Base"
1826,numeric,Numeric: ID 1826,7043,"Older, Fewer Partners, Gender Skewed",7047,"Diverse Demographics, Average Customer Base"
1827,numeric,Numeric: ID 1827,7043,"Older, Fewer Partners, Gender Skewed",7047,"Diverse Demographics, Average Customer Base"
1828,numeric,Numeric: ID 1828,7043,"Older, Fewer Partners, Gender Skewed",7047,"Diverse Demographics, Average Customer Base"
1829,numeric,Numeric: ID 1829,7043,"Older, Fewer Partners, Gender Skewed",7047,"Diverse Demographics, Average Customer Base"
1830,numeric,Numeric: ID 1830,7043,"Older, Fewer Partners, Gender Skewed",7047,"Diverse Demographics, Average Customer Base"
1831,numeric,Numeric: ID 1831,7043,"Older, Fewer Partners, Gender Skewed",7047,"Diverse Demographics, Average Customer Base"
1832,numeric,Numeric: ID 1832,7043,"Older, Fewer Partners, Gender Skewed",7047,"Diverse Demographics, Average Customer Base"
1833,numeric,Numeric: ID 1833,7043,"Older, Fewer Partners, Gender Skewed",7047,"Diverse Demographics, Average Customer Base"
1834,numeric,Numeric: ID 1834,7043,"Older, Fewer Partners, Gender Skewed",7047,"Diverse Demographics, Average Customer Base"
1835,numeric,Numeric: ID 1835,7043,"Older, Fewer Partners, Gender Skewed",7047,"Diverse Demographics, Average Customer Base"
1836,numeric,Numeric: ID 1836,7043,"Older, Fewer Partners, Gender Skewed",7047,"Diverse Demographics, Average Customer Base"
1837,numeric,Numeric: ID 1837,7043,"Older, Fewer Partners, Gender Skewed",7047,"Diverse Demographics, Average Customer Base"
1838,numeric,Numeric: ID 1838,7043,"Older, Fewer Partners, Gender Skewed",7047,"Diverse Demographics, Average Customer Base"
1839,numeric,Numeric: ID 1839,7044,"Balanced Demographics, Average Customer",7047,"Diverse Demographics, Average Customer Base"
1840,numeric,Numeric: ID 1840,7043,"Older, Fewer Partners, Gender Skewed",7047,"Diverse Demographics, Average Customer Base"
1841,numeric,Numeric: ID 1841,7043,"Older, Fewer Partners, Gender Skewed",7047,"Diverse Demographics, Average Customer Base"
1842,numeric,Numeric: ID 1842,7043,"Older, Fewer Partners, Gender Skewed",7047,"Diverse Demographics, Average Customer Base"
1843,numeric,Numeric: ID 1843,7043,"Older, Fewer Partners, Gender Skewed",7047,"Diverse Demographics, Average Customer Base"
1844,numeric,Numeric: ID 1844,7043,"Older, Fewer Partners, Gender Skewed",7047,"Diverse Demographics, Average Customer Base"
1845,numeric,Numeric: ID 1845,7043,"Older, Fewer Partners, Gender Skewed",7047,"Diverse Demographics, Average Customer Base"
1846,numeric,Numeric: ID 1846,7043,"Older, Fewer Partners, Gender Skewed",7047,"Diverse Demographics, Average Customer Base"
1847,numeric,Numeric: ID 1847,7045,"Younger, Fewer Partners, Gender Balanced",7048,"Younger, Single Customers: Engagement Focus"
1848,numeric,Numeric: ID 1848,7043,"Older, Fewer Partners, Gender Skewed",7047,"Diverse Demographics, Average Customer Base"
1849,numeric,Numeric: ID 1849,7043,"Older, Fewer Partners, Gender Skewed",7047,"Diverse Demographics, Average Customer Base"
1850,numeric,Numeric: ID 1850,7043,"Older, Fewer Partners, Gender Skewed",7047,"Diverse Demographics, Average Customer Base"
1851,numeric,Numeric: ID 1851,7044,"Balanced Demographics, Average Customer",7047,"Diverse Demographics, Average Customer Base"
1852,numeric,Numeric: ID 1852,7043,"Older, Fewer Partners, Gender Skewed",7047,"Diverse Demographics, Average Customer Base"
1853,numeric,Numeric: ID 1853,7043,"Older, Fewer Partners, Gender Skewed",7047,"Diverse Demographics, Average Customer Base"
1854,numeric,Numeric: ID 1854,7043,"Older, Fewer Partners, Gender Skewed",7047,"Diverse Demographics, Average Customer Base"
1855,numeric,Numeric: ID 1855,7043,"Older, Fewer Partners, Gender Skewed",7047,"Diverse Demographics, Average Customer Base"
1856,numeric,Numeric: ID 1856,7044,"Balanced Demographics, Average Customer",7047,"Diverse Demographics, Average Customer Base"
1857,numeric,Numeric: ID 1857,7043,"Older, Fewer Partners, Gender Skewed",7047,"Diverse Demographics, Average Customer Base"
1858,numeric,Numeric: ID 1858,7043,"Older, Fewer Partners, Gender Skewed",7047,"Diverse Demographics, Average Customer Base"
1859,numeric,Numeric: ID 1859,7043,"Older, Fewer Partners, Gender Skewed",7047,"Diverse Demographics, Average Customer Base"
1860,numeric,Numeric: ID 1860,7043,"Older, Fewer Partners, Gender Skewed",7047,"Diverse Demographics, Average Customer Base"
1861,numeric,Numeric: ID 1861,7043,"Older, Fewer Partners, Gender Skewed",7047,"Diverse Demographics, Average Customer Base"
1862,numeric,Numeric: ID 1862,7043,"Older, Fewer Partners, Gender Skewed",7047,"Diverse Demographics, Average Customer Base"
1863,numeric,Numeric: ID 1863,7043,"Older, Fewer Partners, Gender Skewed",7047,"Diverse Demographics, Average Customer Base"
1864,numeric,Numeric: ID 1864,7043,"Older, Fewer Partners, Gender Skewed",7047,"Diverse Demographics, Average Customer Base"
1865,numeric,Numeric: ID 1865,7043,"Older, Fewer Partners, Gender Skewed",7047,"Diverse Demographics, Average Customer Base"
1866,numeric,Numeric: ID 1866,7043,"Older, Fewer Partners, Gender Skewed",7047,"Diverse Demographics, Average Customer Base"
1867,numeric,Numeric: ID 1867,7043,"Older, Fewer Partners, Gender Skewed",7047,"Diverse Demographics, Average Customer Base"
1868,numeric,Numeric: ID 1868,7043,"Older, Fewer Partners, Gender Skewed",7047,"Diverse Demographics, Average Customer Base"
1869,numeric,Numeric: ID 1869,7044,"Balanced Demographics, Average Customer",7047,"Diverse Demographics, Average Customer Base"
1870,numeric,Numeric: ID 1870,7046,"Neutral Demographic Mix, Partner Inclined",7047,"Diverse Demographics, Average Customer Base"
1871,numeric,Numeric: ID 1871,7044,"Balanced Demographics, Average Customer",7047,"Diverse Demographics, Average Customer Base"
1872,numeric,Numeric: ID 1872,7046,"Neutral Demographic Mix, Partner Inclined",7047,"Diverse Demographics, Average Customer Base"
1873,numeric,Numeric: ID 1873,7044,"Balanced Demographics, Average Customer",7047,"Diverse Demographics, Average Customer Base"
1874,numeric,Numeric: ID 1874,7046,"Neutral Demographic Mix, Partner Inclined",7047,"Diverse Demographics, Average Customer Base"
1875,numeric,Numeric: ID 1875,7046,"Neutral Demographic Mix, Partner Inclined",7047,"Diverse Demographics, Average Customer Base"
1876,numeric,Numeric: ID 1876,7045,"Younger, Fewer Partners, Gender Balanced",7048,"Younger, Single Customers: Engagement Focus"
1877,numeric,Numeric: ID 1877,7046,"Neutral Demographic Mix, Partner Inclined",7047,"Diverse Demographics, Average Customer Base"
1878,numeric,Numeric: ID 1878,7046,"Neutral Demographic Mix, Partner Inclined",7047,"Diverse Demographics, Average Customer Base"
1879,numeric,Numeric: ID 1879,7046,"Neutral Demographic Mix, Partner Inclined",7047,"Diverse Demographics, Average Customer Base"
1880,numeric,Numeric: ID 1880,7045,"Younger, Fewer Partners, Gender Balanced",7048,"Younger, Single Customers: Engagement Focus"
1881,numeric,Numeric: ID 1881,7046,"Neutral Demographic Mix, Partner Inclined",7047,"Diverse Demographics, Average Customer Base"
1882,numeric,Numeric: ID 1882,7046,"Neutral Demographic Mix, Partner Inclined",7047,"Diverse Demographics, Average Customer Base"
1883,numeric,Numeric: ID 1883,7045,"Younger, Fewer Partners, Gender Balanced",7048,"Younger, Single Customers: Engagement Focus"
1884,numeric,Numeric: ID 1884,7046,"Neutral Demographic Mix, Partner Inclined",7047,"Diverse Demographics, Average Customer Base"
1885,numeric,Numeric: ID 1885,7046,"Neutral Demographic Mix, Partner Inclined",7047,"Diverse Demographics, Average Customer Base"
1886,numeric,Numeric: ID 1886,7046,"Neutral Demographic Mix, Partner Inclined",7047,"Diverse Demographics, Average Customer Base"
1887,numeric,Numeric: ID 1887,7046,"Neutral Demographic Mix, Partner Inclined",7047,"Diverse Demographics, Average Customer Base"
1888,numeric,Numeric: ID 1888,7046,"Neutral Demographic Mix, Partner Inclined",7047,"Diverse Demographics, Average Customer Base"
1889,numeric,Numeric: ID 1889,7046,"Neutral Demographic Mix, Partner Inclined",7047,"Diverse Demographics, Average Customer Base"
1890,numeric,Numeric: ID 1890,7046,"Neutral Demographic Mix, Partner Inclined",7047,"Diverse Demographics, Average Customer Base"
1891,numeric,Numeric: ID 1891,7045,"Younger, Fewer Partners, Gender Balanced",7048,"Younger, Single Customers: Engagement Focus"
1892,numeric,Numeric: ID 1892,7046,"Neutral Demographic Mix, Partner Inclined",7047,"Diverse Demographics, Average Customer Base"
1893,numeric,Numeric: ID 1893,7046,"Neutral Demographic Mix, Partner Inclined",7047,"Diverse Demographics, Average Customer Base"
1894,numeric,Numeric: ID 1894,7046,"Neutral Demographic Mix, Partner Inclined",7047,"Diverse Demographics, Average Customer Base"
1895,numeric,Numeric: ID 1895,7046,"Neutral Demographic Mix, Partner Inclined",7047,"Diverse Demographics, Average Customer Base"
1896,numeric,Numeric: ID 1896,7046,"Neutral Demographic Mix, Partner Inclined",7047,"Diverse Demographics, Average Customer Base"
1897,numeric,Numeric: ID 1897,7045,"Younger, Fewer Partners, Gender Balanced",7048,"Younger, Single Customers: Engagement Focus"
1898,numeric,Numeric: ID 1898,7046,"Neutral Demographic Mix, Partner Inclined",7047,"Diverse Demographics, Average Customer Base"
1899,numeric,Numeric: ID 1899,7046,"Neutral Demographic Mix, Partner Inclined",7047,"Diverse Demographics, Average Customer Base"
1900,numeric,Numeric: ID 1900,7046,"Neutral Demographic Mix, Partner Inclined",7047,"Diverse Demographics, Average Customer Base"
1901,numeric,Numeric: ID 1901,7046,"Neutral Demographic Mix, Partner Inclined",7047,"Diverse Demographics, Average Customer Base"
1902,numeric,Numeric: ID 1902,7046,"Neutral Demographic Mix, Partner Inclined",7047,"Diverse Demographics, Average Customer Base"
1903,numeric,Numeric: ID 1903,7046,"Neutral Demographic Mix, Partner Inclined",7047,"Diverse Demographics, Average Customer Base"
1904,numeric,Numeric: ID 1904,7046,"Neutral Demographic Mix, Partner Inclined",7047,"Diverse Demographics, Average Customer Base"
1905,numeric,Numeric: ID 1905,7046,"Neutral Demographic Mix, Partner Inclined",7047,"Diverse Demographics, Average Customer Base"
1906,numeric,Numeric: ID 1906,7046,"Neutral Demographic Mix, Partner Inclined",7047,"Diverse Demographics, Average Customer Base"
1907,numeric,Numeric: ID 1907,7046,"Neutral Demographic Mix, Partner Inclined",7047,"Diverse Demographics, Average Customer Base"
1908,numeric,Numeric: ID 1908,7046,"Neutral Demographic Mix, Partner Inclined",7047,"Diverse Demographics, Average Customer Base"
1909,numeric,Numeric: ID 1909,7045,"Younger, Fewer Partners, Gender Balanced",7048,"Younger, Single Customers: Engagement Focus"
1910,numeric,Numeric: ID 1910,7046,"Neutral Demographic Mix, Partner Inclined",7047,"Diverse Demographics, Average Customer Base"
1911,numeric,Numeric: ID 1911,7046,"Neutral Demographic Mix, Partner Inclined",7047,"Diverse Demographics, Average Customer Base"
1912,numeric,Numeric: ID 1912,7046,"Neutral Demographic Mix, Partner Inclined",7047,"Diverse Demographics, Average Customer Base"
1913,numeric,Numeric: ID 1913,7044,"Balanced Demographics, Average Customer",7047,"Diverse Demographics, Average Customer Base"
1914,numeric,Numeric: ID 1914,7046,"Neutral Demographic Mix, Partner Inclined",7047,"Diverse Demographics, Average Customer Base"
1915,numeric,Numeric: ID 1915,7046,"Neutral Demographic Mix, Partner Inclined",7047,"Diverse Demographics, Average Customer Base"
1916,numeric,Numeric: ID 1916,7046,"Neutral Demographic Mix, Partner Inclined",7047,"Diverse Demographics, Average Customer Base"
1917,numeric,Numeric: ID 1917,7046,"Neutral Demographic Mix, Partner Inclined",7047,"Diverse Demographics, Average Customer Base"
1918,numeric,Numeric: ID 1918,7045,"Younger, Fewer Partners, Gender Balanced",7048,"Younger, Single Customers: Engagement Focus"
1919,numeric,Numeric: ID 1919,7046,"Neutral Demographic Mix, Partner Inclined",7047,"Diverse Demographics, Average Customer Base"
1920,numeric,Numeric: ID 1920,7046,"Neutral Demographic Mix, Partner Inclined",7047,"Diverse Demographics, Average Customer Base"
1921,numeric,Numeric: ID 1921,7045,"Younger, Fewer Partners, Gender Balanced",7048,"Younger, Single Customers: Engagement Focus"
1922,numeric,Numeric: ID 1922,7046,"Neutral Demographic Mix, Partner Inclined",7047,"Diverse Demographics, Average Customer Base"
1923,numeric,Numeric: ID 1923,7045,"Younger, Fewer Partners, Gender Balanced",7048,"Younger, Single Customers: Engagement Focus"
1924,numeric,Numeric: ID 1924,7046,"Neutral Demographic Mix, Partner Inclined",7047,"Diverse Demographics, Average Customer Base"
1925,numeric,Numeric: ID 1925,7046,"Neutral Demographic Mix, Partner Inclined",7047,"Diverse Demographics, Average Customer Base"
1926,numeric,Numeric: ID 1926,7046,"Neutral Demographic Mix, Partner Inclined",7047,"Diverse Demographics, Average Customer Base"
1927,numeric,Numeric: ID 1927,7046,"Neutral Demographic Mix, Partner Inclined",7047,"Diverse Demographics, Average Customer Base"
1928,numeric,Numeric: ID 1928,7046,"Neutral Demographic Mix, Partner Inclined",7047,"Diverse Demographics, Average Customer Base"
1929,numeric,Numeric: ID 1929,7045,"Younger, Fewer Partners, Gender Balanced",7048,"Younger, Single Customers: Engagement Focus"
1930,numeric,Numeric: ID 1930,7044,"Balanced Demographics, Average Customer",7047,"Diverse Demographics, Average Customer Base"
1931,numeric,Numeric: ID 1931,7046,"Neutral Demographic Mix, Partner Inclined",7047,"Diverse Demographics, Average Customer Base"
1932,numeric,Numeric: ID 1932,7045,"Younger, Fewer Partners, Gender Balanced",7048,"Younger, Single Customers: Engagement Focus"
1933,numeric,Numeric: ID 1933,7046,"Neutral Demographic Mix, Partner Inclined",7047,"Diverse Demographics, Average Customer Base"
1934,numeric,Numeric: ID 1934,7046,"Neutral Demographic Mix, Partner Inclined",7047,"Diverse Demographics, Average Customer Base"
1935,numeric,Numeric: ID 1935,7045,"Younger, Fewer Partners, Gender Balanced",7048,"Younger, Single Customers: Engagement Focus"
1936,numeric,Numeric: ID 1936,7045,"Younger, Fewer Partners, Gender Balanced",7048,"Younger, Single Customers: Engagement Focus"
1937,numeric,Numeric: ID 1937,7044,"Balanced Demographics, Average Customer",7047,"Diverse Demographics, Average Customer Base"
1938,numeric,Numeric: ID 1938,7046,"Neutral Demographic Mix, Partner Inclined",7047,"Diverse Demographics, Average Customer Base"
1939,numeric,Numeric: ID 1939,7046,"Neutral Demographic Mix, Partner Inclined",7047,"Diverse Demographics, Average Customer Base"
1940,numeric,Numeric: ID 1940,7046,"Neutral Demographic Mix, Partner Inclined",7047,"Diverse Demographics, Average Customer Base"
1941,numeric,Numeric: ID 1941,7046,"Neutral Demographic Mix, Partner Inclined",7047,"Diverse Demographics, Average Customer Base"
1942,numeric,Numeric: ID 1942,7046,"Neutral Demographic Mix, Partner Inclined",7047,"Diverse Demographics, Average Customer Base"
1943,numeric,Numeric: ID 1943,7046,"Neutral Demographic Mix, Partner Inclined",7047,"Diverse Demographics, Average Customer Base"
1944,numeric,Numeric: ID 1944,7045,"Younger, Fewer Partners, Gender Balanced",7048,"Younger, Single Customers: Engagement Focus"
1945,numeric,Numeric: ID 1945,7045,"Younger, Fewer Partners, Gender Balanced",7048,"Younger, Single Customers: Engagement Focus"
1946,numeric,Numeric: ID 1946,7045,"Younger, Fewer Partners, Gender Balanced",7048,"Younger, Single Customers: Engagement Focus"
1947,numeric,Numeric: ID 1947,7046,"Neutral Demographic Mix, Partner Inclined",7047,"Diverse Demographics, Average Customer Base"
1948,numeric,Numeric: ID 1948,7044,"Balanced Demographics, Average Customer",7047,"Diverse Demographics, Average Customer Base"
1949,numeric,Numeric: ID 1949,7044,"Balanced Demographics, Average Customer",7047,"Diverse Demographics, Average Customer Base"
1950,numeric,Numeric: ID 1950,7046,"Neutral Demographic Mix, Partner Inclined",7047,"Diverse Demographics, Average Customer Base"
1951,numeric,Numeric: ID 1951,7044,"Balanced Demographics, Average Customer",7047,"Diverse Demographics, Average Customer Base"
1952,numeric,Numeric: ID 1952,7046,"Neutral Demographic Mix, Partner Inclined",7047,"Diverse Demographics, Average Customer Base"
1953,numeric,Numeric: ID 1953,7045,"Younger, Fewer Partners, Gender Balanced",7048,"Younger, Single Customers: Engagement Focus"
1954,numeric,Numeric: ID 1954,7046,"Neutral Demographic Mix, Partner Inclined",7047,"Diverse Demographics, Average Customer Base"
1955,numeric,Numeric: ID 1955,7046,"Neutral Demographic Mix, Partner Inclined",7047,"Diverse Demographics, Average Customer Base"
1956,numeric,Numeric: ID 1956,7044,"Balanced Demographics, Average Customer",7047,"Diverse Demographics, Average Customer Base"
1957,numeric,Numeric: ID 1957,7046,"Neutral Demographic Mix, Partner Inclined",7047,"Diverse Demographics, Average Customer Base"
1958,numeric,Numeric: ID 1958,7044,"Balanced Demographics, Average Customer",7047,"Diverse Demographics, Average Customer Base"
1959,numeric,Numeric: ID 1959,7045,"Younger, Fewer Partners, Gender Balanced",7048,"Younger, Single Customers: Engagement Focus"
1960,numeric,Numeric: ID 1960,7046,"Neutral Demographic Mix, Partner Inclined",7047,"Diverse Demographics, Average Customer Base"
1961,numeric,Numeric: ID 1961,7046,"Neutral Demographic Mix, Partner Inclined",7047,"Diverse Demographics, Average Customer Base"
1962,numeric,Numeric: ID 1962,7045,"Younger, Fewer Partners, Gender Balanced",7048,"Younger, Single Customers: Engagement Focus"
1963,numeric,Numeric: ID 1963,7046,"Neutral Demographic Mix, Partner Inclined",7047,"Diverse Demographics, Average Customer Base"
1964,numeric,Numeric: ID 1964,7045,"Younger, Fewer Partners, Gender Balanced",7048,"Younger, Single Customers: Engagement Focus"
1965,numeric,Numeric: ID 1965,7046,"Neutral Demographic Mix, Partner Inclined",7047,"Diverse Demographics, Average Customer Base"
1966,numeric,Numeric: ID 1966,7045,"Younger, Fewer Partners, Gender Balanced",7048,"Younger, Single Customers: Engagement Focus"
1967,numeric,Numeric: ID 1967,7045,"Younger, Fewer Partners, Gender Balanced",7048,"Younger, Single Customers: Engagement Focus"
1968,numeric,Numeric: ID 1968,7044,"Balanced Demographics, Average Customer",7047,"Diverse Demographics, Average Customer Base"
1969,numeric,Numeric: ID 1969,7046,"Neutral Demographic Mix, Partner Inclined",7047,"Diverse Demographics, Average Customer Base"
1970,numeric,Numeric: ID 1970,7046,"Neutral Demographic Mix, Partner Inclined",7047,"Diverse Demographics, Average Customer Base"
1971,numeric,Numeric: ID 1971,7045,"Younger, Fewer Partners, Gender Balanced",7048,"Younger, Single Customers: Engagement Focus"
1972,numeric,Numeric: ID 1972,7046,"Neutral Demographic Mix, Partner Inclined",7047,"Diverse Demographics, Average Customer Base"
1973,numeric,Numeric: ID 1973,7045,"Younger, Fewer Partners, Gender Balanced",7048,"Younger, Single Customers: Engagement Focus"
1974,numeric,Numeric: ID 1974,7045,"Younger, Fewer Partners, Gender Balanced",7048,"Younger, Single Customers: Engagement Focus"
1975,numeric,Numeric: ID 1975,7046,"Neutral Demographic Mix, Partner Inclined",7047,"Diverse Demographics, Average Customer Base"
1976,numeric,Numeric: ID 1976,7046,"Neutral Demographic Mix, Partner Inclined",7047,"Diverse Demographics, Average Customer Base"
1977,numeric,Numeric: ID 1977,7046,"Neutral Demographic Mix, Partner Inclined",7047,"Diverse Demographics, Average Customer Base"
1978,numeric,Numeric: ID 1978,7045,"Younger, Fewer Partners, Gender Balanced",7048,"Younger, Single Customers: Engagement Focus"
1979,numeric,Numeric: ID 1979,7046,"Neutral Demographic Mix, Partner Inclined",7047,"Diverse Demographics, Average Customer Base"
1980,numeric,Numeric: ID 1980,7045,"Younger, Fewer Partners, Gender Balanced",7048,"Younger, Single Customers: Engagement Focus"
1981,numeric,Numeric: ID 1981,7046,"Neutral Demographic Mix, Partner Inclined",7047,"Diverse Demographics, Average Customer Base"
1982,numeric,Numeric: ID 1982,7046,"Neutral Demographic Mix, Partner Inclined",7047,"Diverse Demographics, Average Customer Base"
1983,numeric,Numeric: ID 1983,7046,"Neutral Demographic Mix, Partner Inclined",7047,"Diverse Demographics, Average Customer Base"
1984,numeric,Numeric: ID 1984,7046,"Neutral Demographic Mix, Partner Inclined",7047,"Diverse Demographics, Average Customer Base"
1985,numeric,Numeric: ID 1985,7046,"Neutral Demographic Mix, Partner Inclined",7047,"Diverse Demographics, Average Customer Base"
1986,numeric,Numeric: ID 1986,7045,"Younger, Fewer Partners, Gender Balanced",7048,"Younger, Single Customers: Engagement Focus"
1987,numeric,Numeric: ID 1987,7046,"Neutral Demographic Mix, Partner Inclined",7047,"Diverse Demographics, Average Customer Base"
1988,numeric,Numeric: ID 1988,7046,"Neutral Demographic Mix, Partner Inclined",7047,"Diverse Demographics, Average Customer Base"
1989,numeric,Numeric: ID 1989,7045,"Younger, Fewer Partners, Gender Balanced",7048,"Younger, Single Customers: Engagement Focus"
1990,numeric,Numeric: ID 1990,7046,"Neutral Demographic Mix, Partner Inclined",7047,"Diverse Demographics, Average Customer Base"
1991,numeric,Numeric: ID 1991,7045,"Younger, Fewer Partners, Gender Balanced",7048,"Younger, Single Customers: Engagement Focus"
1992,numeric,Numeric: ID 1992,7046,"Neutral Demographic Mix, Partner Inclined",7047,"Diverse Demographics, Average Customer Base"
1993,numeric,Numeric: ID 1993,7046,"Neutral Demographic Mix, Partner Inclined",7047,"Diverse Demographics, Average Customer Base"
1994,numeric,Numeric: ID 1994,7046,"Neutral Demographic Mix, Partner Inclined",7047,"Diverse Demographics, Average Customer Base"
1995,numeric,Numeric: ID 1995,7045,"Younger, Fewer Partners, Gender Balanced",7048,"Younger, Single Customers: Engagement Focus"
1996,numeric,Numeric: ID 1996,7045,"Younger, Fewer Partners, Gender Balanced",7048,"Younger, Single Customers: Engagement Focus"
1997,numeric,Numeric: ID 1997,7046,"Neutral Demographic Mix, Partner Inclined",7047,"Diverse Demographics, Average Customer Base"
1998,numeric,Numeric: ID 1998,7045,"Younger, Fewer Partners, Gender Balanced",7048,"Younger, Single Customers: Engagement Focus"
1999,numeric,Numeric: ID 1999,7046,"Neutral Demographic Mix, Partner Inclined",7047,"Diverse Demographics, Average Customer Base"
2000,numeric,Numeric: ID 2000,7046,"Neutral Demographic Mix, Partner Inclined",7047,"Diverse Demographics, Average Customer Base"
2001,numeric,Numeric: ID 2001,7045,"Younger, Fewer Partners, Gender Balanced",7048,"Younger, Single Customers: Engagement Focus"
2002,numeric,Numeric: ID 2002,7045,"Younger, Fewer Partners, Gender Balanced",7048,"Younger, Single Customers: Engagement Focus"
2003,numeric,Numeric: ID 2003,7046,"Neutral Demographic Mix, Partner Inclined",7047,"Diverse Demographics, Average Customer Base"
2004,numeric,Numeric: ID 2004,7045,"Younger, Fewer Partners, Gender Balanced",7048,"Younger, Single Customers: Engagement Focus"
2005,numeric,Numeric: ID 2005,7046,"Neutral Demographic Mix, Partner Inclined",7047,"Diverse Demographics, Average Customer Base"
2006,numeric,Numeric: ID 2006,7046,"Neutral Demographic Mix, Partner Inclined",7047,"Diverse Demographics, Average Customer Base"
2007,numeric,Numeric: ID 2007,7046,"Neutral Demographic Mix, Partner Inclined",7047,"Diverse Demographics, Average Customer Base"
2008,numeric,Numeric: ID 2008,7044,"Balanced Demographics, Average Customer",7047,"Diverse Demographics, Average Customer Base"
2009,numeric,Numeric: ID 2009,7045,"Younger, Fewer Partners, Gender Balanced",7048,"Younger, Single Customers: Engagement Focus"
2010,numeric,Numeric: ID 2010,7046,"Neutral Demographic Mix, Partner Inclined",7047,"Diverse Demographics, Average Customer Base"
2011,numeric,Numeric: ID 2011,7046,"Neutral Demographic Mix, Partner Inclined",7047,"Diverse Demographics, Average Customer Base"
2012,numeric,Numeric: ID 2012,7045,"Younger, Fewer Partners, Gender Balanced",7048,"Younger, Single Customers: Engagement Focus"
2013,numeric,Numeric: ID 2013,7046,"Neutral Demographic Mix, Partner Inclined",7047,"Diverse Demographics, Average Customer Base"
2014,numeric,Numeric: ID 2014,7045,"Younger, Fewer Partners, Gender Balanced",7048,"Younger, Single Customers: Engagement Focus"
2015,numeric,Numeric: ID 2015,7046,"Neutral Demographic Mix, Partner Inclined",7047,"Diverse Demographics, Average Customer Base"
2016,numeric,Numeric: ID 2016,7045,"Younger, Fewer Partners, Gender Balanced",7048,"Younger, Single Customers: Engagement Focus"
2017,numeric,Numeric: ID 2017,7046,"Neutral Demographic Mix, Partner Inclined",7047,"Diverse Demographics, Average Customer Base"
2018,numeric,Numeric: ID 2018,7046,"Neutral Demographic Mix, Partner Inclined",7047,"Diverse Demographics, Average Customer Base"
2019,numeric,Numeric: ID 2019,7045,"Younger, Fewer Partners, Gender Balanced",7048,"Younger, Single Customers: Engagement Focus"
2020,numeric,Numeric: ID 2020,7046,"Neutral Demographic Mix, Partner Inclined",7047,"Diverse Demographics, Average Customer Base"
2021,numeric,Numeric: ID 2021,7046,"Neutral Demographic Mix, Partner Inclined",7047,"Diverse Demographics, Average Customer Base"
2022,numeric,Numeric: ID 2022,7046,"Neutral Demographic Mix, Partner Inclined",7047,"Diverse Demographics, Average Customer Base"
2023,numeric,Numeric: ID 2023,7046,"Neutral Demographic Mix, Partner Inclined",7047,"Diverse Demographics, Average Customer Base"
2024,numeric,Numeric: ID 2024,7046,"Neutral Demographic Mix, Partner Inclined",7047,"Diverse Demographics, Average Customer Base"
2025,numeric,Numeric: ID 2025,7046,"Neutral Demographic Mix, Partner Inclined",7047,"Diverse Demographics, Average Customer Base"
2026,numeric,Numeric: ID 2026,7044,"Balanced Demographics, Average Customer",7047,"Diverse Demographics, Average Customer Base"
2027,numeric,Numeric: ID 2027,7046,"Neutral Demographic Mix, Partner Inclined",7047,"Diverse Demographics, Average Customer Base"
2028,numeric,Numeric: ID 2028,7044,"Balanced Demographics, Average Customer",7047,"Diverse Demographics, Average Customer Base"
2029,numeric,Numeric: ID 2029,7045,"Younger, Fewer Partners, Gender Balanced",7048,"Younger, Single Customers: Engagement Focus"
2030,numeric,Numeric: ID 2030,7045,"Younger, Fewer Partners, Gender Balanced",7048,"Younger, Single Customers: Engagement Focus"
2031,numeric,Numeric: ID 2031,7046,"Neutral Demographic Mix, Partner Inclined",7047,"Diverse Demographics, Average Customer Base"
2032,numeric,Numeric: ID 2032,7044,"Balanced Demographics, Average Customer",7047,"Diverse Demographics, Average Customer Base"
2033,numeric,Numeric: ID 2033,7044,"Balanced Demographics, Average Customer",7047,"Diverse Demographics, Average Customer Base"
2034,numeric,Numeric: ID 2034,7044,"Balanced Demographics, Average Customer",7047,"Diverse Demographics, Average Customer Base"
2035,numeric,Numeric: ID 2035,7046,"Neutral Demographic Mix, Partner Inclined",7047,"Diverse Demographics, Average Customer Base"
2036,numeric,Numeric: ID 2036,7046,"Neutral Demographic Mix, Partner Inclined",7047,"Diverse Demographics, Average Customer Base"
2037,numeric,Numeric: ID 2037,7045,"Younger, Fewer Partners, Gender Balanced",7048,"Younger, Single Customers: Engagement Focus"
2038,numeric,Numeric: ID 2038,7045,"Younger, Fewer Partners, Gender Balanced",7048,"Younger, Single Customers: Engagement Focus"
2039,numeric,Numeric: ID 2039,7045,"Younger, Fewer Partners, Gender Balanced",7048,"Younger, Single Customers: Engagement Focus"
2040,numeric,Numeric: ID 2040,7044,"Balanced Demographics, Average Customer",7047,"Diverse Demographics, Average Customer Base"
2041,numeric,Numeric: ID 2041,7046,"Neutral Demographic Mix, Partner Inclined",7047,"Diverse Demographics, Average Customer Base"
2042,numeric,Numeric: ID 2042,7046,"Neutral Demographic Mix, Partner Inclined",7047,"Diverse Demographics, Average Customer Base"
2043,numeric,Numeric: ID 2043,7046,"Neutral Demographic Mix, Partner Inclined",7047,"Diverse Demographics, Average Customer Base"
2044,numeric,Numeric: ID 2044,7046,"Neutral Demographic Mix, Partner Inclined",7047,"Diverse Demographics, Average Customer Base"
2045,numeric,Numeric: ID 2045,7046,"Neutral Demographic Mix, Partner Inclined",7047,"Diverse Demographics, Average Customer Base"
2046,numeric,Numeric: ID 2046,7045,"Younger, Fewer Partners, Gender Balanced",7048,"Younger, Single Customers: Engagement Focus"
2047,numeric,Numeric: ID 2047,7045,"Younger, Fewer Partners, Gender Balanced",7048,"Younger, Single Customers: Engagement Focus"
2048,numeric,Numeric: ID 2048,7044,"Balanced Demographics, Average Customer",7047,"Diverse Demographics, Average Customer Base"
2049,numeric,Numeric: ID 2049,7046,"Neutral Demographic Mix, Partner Inclined",7047,"Diverse Demographics, Average Customer Base"
2050,numeric,Numeric: ID 2050,7045,"Younger, Fewer Partners, Gender Balanced",7048,"Younger, Single Customers: Engagement Focus"
2051,numeric,Numeric: ID 2051,7046,"Neutral Demographic Mix, Partner Inclined",7047,"Diverse Demographics, Average Customer Base"
2052,numeric,Numeric: ID 2052,7046,"Neutral Demographic Mix, Partner Inclined",7047,"Diverse Demographics, Average Customer Base"
2053,numeric,Numeric: ID 2053,7046,"Neutral Demographic Mix, Partner Inclined",7047,"Diverse Demographics, Average Customer Base"
2054,numeric,Numeric: ID 2054,7046,"Neutral Demographic Mix, Partner Inclined",7047,"Diverse Demographics, Average Customer Base"
2055,numeric,Numeric: ID 2055,7046,"Neutral Demographic Mix, Partner Inclined",7047,"Diverse Demographics, Average Customer Base"
2056,numeric,Numeric: ID 2056,7046,"Neutral Demographic Mix, Partner Inclined",7047,"Diverse Demographics, Average Customer Base"
2057,numeric,Numeric: ID 2057,7046,"Neutral Demographic Mix, Partner Inclined",7047,"Diverse Demographics, Average Customer Base"
2058,numeric,Numeric: ID 2058,7046,"Neutral Demographic Mix, Partner Inclined",7047,"Diverse Demographics, Average Customer Base"
2059,numeric,Numeric: ID 2059,7046,"Neutral Demographic Mix, Partner Inclined",7047,"Diverse Demographics, Average Customer Base"
2060,numeric,Numeric: ID 2060,7046,"Neutral Demographic Mix, Partner Inclined",7047,"Diverse Demographics, Average Customer Base"
2061,numeric,Numeric: ID 2061,7045,"Younger, Fewer Partners, Gender Balanced",7048,"Younger, Single Customers: Engagement Focus"
2062,numeric,Numeric: ID 2062,7044,"Balanced Demographics, Average Customer",7047,"Diverse Demographics, Average Customer Base"
2063,numeric,Numeric: ID 2063,7046,"Neutral Demographic Mix, Partner Inclined",7047,"Diverse Demographics, Average Customer Base"
2064,numeric,Numeric: ID 2064,7046,"Neutral Demographic Mix, Partner Inclined",7047,"Diverse Demographics, Average Customer Base"
2065,numeric,Numeric: ID 2065,7044,"Balanced Demographics, Average Customer",7047,"Diverse Demographics, Average Customer Base"
2066,numeric,Numeric: ID 2066,7046,"Neutral Demographic Mix, Partner Inclined",7047,"Diverse Demographics, Average Customer Base"
2067,numeric,Numeric: ID 2067,7044,"Balanced Demographics, Average Customer",7047,"Diverse Demographics, Average Customer Base"
2068,numeric,Numeric: ID 2068,7046,"Neutral Demographic Mix, Partner Inclined",7047,"Diverse Demographics, Average Customer Base"
2069,numeric,Numeric: ID 2069,7046,"Neutral Demographic Mix, Partner Inclined",7047,"Diverse Demographics, Average Customer Base"
2070,numeric,Numeric: ID 2070,7045,"Younger, Fewer Partners, Gender Balanced",7048,"Younger, Single Customers: Engagement Focus"
2071,numeric,Numeric: ID 2071,7046,"Neutral Demographic Mix, Partner Inclined",7047,"Diverse Demographics, Average Customer Base"
2072,numeric,Numeric: ID 2072,7045,"Younger, Fewer Partners, Gender Balanced",7048,"Younger, Single Customers: Engagement Focus"
2073,numeric,Numeric: ID 2073,7046,"Neutral Demographic Mix, Partner Inclined",7047,"Diverse Demographics, Average Customer Base"
2074,numeric,Numeric: ID 2074,7046,"Neutral Demographic Mix, Partner Inclined",7047,"Diverse Demographics, Average Customer Base"
2075,numeric,Numeric: ID 2075,7046,"Neutral Demographic Mix, Partner Inclined",7047,"Diverse Demographics, Average Customer Base"
2076,numeric,Numeric: ID 2076,7044,"Balanced Demographics, Average Customer",7047,"Diverse Demographics, Average Customer Base"
2077,numeric,Numeric: ID 2077,7046,"Neutral Demographic Mix, Partner Inclined",7047,"Diverse Demographics, Average Customer Base"
2078,numeric,Numeric: ID 2078,7046,"Neutral Demographic Mix, Partner Inclined",7047,"Diverse Demographics, Average Customer Base"
2079,numeric,Numeric: ID 2079,7046,"Neutral Demographic Mix, Partner Inclined",7047,"Diverse Demographics, Average Customer Base"
2080,numeric,Numeric: ID 2080,7045,"Younger, Fewer Partners, Gender Balanced",7048,"Younger, Single Customers: Engagement Focus"
2081,numeric,Numeric: ID 2081,7046,"Neutral Demographic Mix, Partner Inclined",7047,"Diverse Demographics, Average Customer Base"
2082,numeric,Numeric: ID 2082,7046,"Neutral Demographic Mix, Partner Inclined",7047,"Diverse Demographics, Average Customer Base"
2083,numeric,Numeric: ID 2083,7046,"Neutral Demographic Mix, Partner Inclined",7047,"Diverse Demographics, Average Customer Base"
2084,numeric,Numeric: ID 2084,7046,"Neutral Demographic Mix, Partner Inclined",7047,"Diverse Demographics, Average Customer Base"
2085,numeric,Numeric: ID 2085,7046,"Neutral Demographic Mix, Partner Inclined",7047,"Diverse Demographics, Average Customer Base"
2086,numeric,Numeric: ID 2086,7046,"Neutral Demographic Mix, Partner Inclined",7047,"Diverse Demographics, Average Customer Base"
2087,numeric,Numeric: ID 2087,7045,"Younger, Fewer Partners, Gender Balanced",7048,"Younger, Single Customers: Engagement Focus"
2088,numeric,Numeric: ID 2088,7045,"Younger, Fewer Partners, Gender Balanced",7048,"Younger, Single Customers: Engagement Focus"
2089,numeric,Numeric: ID 2089,7046,"Neutral Demographic Mix, Partner Inclined",7047,"Diverse Demographics, Average Customer Base"
2090,numeric,Numeric: ID 2090,7046,"Neutral Demographic Mix, Partner Inclined",7047,"Diverse Demographics, Average Customer Base"
2091,numeric,Numeric: ID 2091,7046,"Neutral Demographic Mix, Partner Inclined",7047,"Diverse Demographics, Average Customer Base"
2092,numeric,Numeric: ID 2092,7046,"Neutral Demographic Mix, Partner Inclined",7047,"Diverse Demographics, Average Customer Base"
2093,numeric,Numeric: ID 2093,7046,"Neutral Demographic Mix, Partner Inclined",7047,"Diverse Demographics, Average Customer Base"
2094,numeric,Numeric: ID 2094,7044,"Balanced Demographics, Average Customer",7047,"Diverse Demographics, Average Customer Base"
2095,numeric,Numeric: ID 2095,7046,"Neutral Demographic Mix, Partner Inclined",7047,"Diverse Demographics, Average Customer Base"
2096,numeric,Numeric: ID 2096,7045,"Younger, Fewer Partners, Gender Balanced",7048,"Younger, Single Customers: Engagement Focus"
2097,numeric,Numeric: ID 2097,7046,"Neutral Demographic Mix, Partner Inclined",7047,"Diverse Demographics, Average Customer Base"
2098,numeric,Numeric: ID 2098,7046,"Neutral Demographic Mix, Partner Inclined",7047,"Diverse Demographics, Average Customer Base"
2099,numeric,Numeric: ID 2099,7046,"Neutral Demographic Mix, Partner Inclined",7047,"Diverse Demographics, Average Customer Base"
2100,numeric,Numeric: ID 2100,7045,"Younger, Fewer Partners, Gender Balanced",7048,"Younger, Single Customers: Engagement Focus"
2101,numeric,Numeric: ID 2101,7046,"Neutral Demographic Mix, Partner Inclined",7047,"Diverse Demographics, Average Customer Base"
2102,numeric,Numeric: ID 2102,7046,"Neutral Demographic Mix, Partner Inclined",7047,"Diverse Demographics, Average Customer Base"
2103,numeric,Numeric: ID 2103,7046,"Neutral Demographic Mix, Partner Inclined",7047,"Diverse Demographics, Average Customer Base"
2104,numeric,Numeric: ID 2104,7046,"Neutral Demographic Mix, Partner Inclined",7047,"Diverse Demographics, Average Customer Base"
2105,numeric,Numeric: ID 2105,7045,"Younger, Fewer Partners, Gender Balanced",7048,"Younger, Single Customers: Engagement Focus"
2106,numeric,Numeric: ID 2106,7046,"Neutral Demographic Mix, Partner Inclined",7047,"Diverse Demographics, Average Customer Base"
2107,numeric,Numeric: ID 2107,7044,"Balanced Demographics, Average Customer",7047,"Diverse Demographics, Average Customer Base"
2108,numeric,Numeric: ID 2108,7046,"Neutral Demographic Mix, Partner Inclined",7047,"Diverse Demographics, Average Customer Base"
2109,numeric,Numeric: ID 2109,7046,"Neutral Demographic Mix, Partner Inclined",7047,"Diverse Demographics, Average Customer Base"
2110,numeric,Numeric: ID 2110,7044,"Balanced Demographics, Average Customer",7047,"Diverse Demographics, Average Customer Base"
2111,numeric,Numeric: ID 2111,7046,"Neutral Demographic Mix, Partner Inclined",7047,"Diverse Demographics, Average Customer Base"
2112,numeric,Numeric: ID 2112,7046,"Neutral Demographic Mix, Partner Inclined",7047,"Diverse Demographics, Average Customer Base"
2113,numeric,Numeric: ID 2113,7044,"Balanced Demographics, Average Customer",7047,"Diverse Demographics, Average Customer Base"
2114,numeric,Numeric: ID 2114,7046,"Neutral Demographic Mix, Partner Inclined",7047,"Diverse Demographics, Average Customer Base"
2115,numeric,Numeric: ID 2115,7045,"Younger, Fewer Partners, Gender Balanced",7048,"Younger, Single Customers: Engagement Focus"
2116,numeric,Numeric: ID 2116,7045,"Younger, Fewer Partners, Gender Balanced",7048,"Younger, Single Customers: Engagement Focus"
2117,numeric,Numeric: ID 2117,7046,"Neutral Demographic Mix, Partner Inclined",7047,"Diverse Demographics, Average Customer Base"
2118,numeric,Numeric: ID 2118,7046,"Neutral Demographic Mix, Partner Inclined",7047,"Diverse Demographics, Average Customer Base"
2119,numeric,Numeric: ID 2119,7046,"Neutral Demographic Mix, Partner Inclined",7047,"Diverse Demographics, Average Customer Base"
2120,numeric,Numeric: ID 2120,7046,"Neutral Demographic Mix, Partner Inclined",7047,"Diverse Demographics, Average Customer Base"
2121,numeric,Numeric: ID 2121,7046,"Neutral Demographic Mix, Partner Inclined",7047,"Diverse Demographics, Average Customer Base"
2122,numeric,Numeric: ID 2122,7046,"Neutral Demographic Mix, Partner Inclined",7047,"Diverse Demographics, Average Customer Base"
2123,numeric,Numeric: ID 2123,7045,"Younger, Fewer Partners, Gender Balanced",7048,"Younger, Single Customers: Engagement Focus"
2124,numeric,Numeric: ID 2124,7045,"Younger, Fewer Partners, Gender Balanced",7048,"Younger, Single Customers: Engagement Focus"
2125,numeric,Numeric: ID 2125,7046,"Neutral Demographic Mix, Partner Inclined",7047,"Diverse Demographics, Average Customer Base"
2126,numeric,Numeric: ID 2126,7045,"Younger, Fewer Partners, Gender Balanced",7048,"Younger, Single Customers: Engagement Focus"
2127,numeric,Numeric: ID 2127,7044,"Balanced Demographics, Average Customer",7047,"Diverse Demographics, Average Customer Base"
2128,numeric,Numeric: ID 2128,7046,"Neutral Demographic Mix, Partner Inclined",7047,"Diverse Demographics, Average Customer Base"
2129,numeric,Numeric: ID 2129,7046,"Neutral Demographic Mix, Partner Inclined",7047,"Diverse Demographics, Average Customer Base"
2130,numeric,Numeric: ID 2130,7046,"Neutral Demographic Mix, Partner Inclined",7047,"Diverse Demographics, Average Customer Base"
2131,numeric,Numeric: ID 2131,7046,"Neutral Demographic Mix, Partner Inclined",7047,"Diverse Demographics, Average Customer Base"
2132,numeric,Numeric: ID 2132,7046,"Neutral Demographic Mix, Partner Inclined",7047,"Diverse Demographics, Average Customer Base"
2133,numeric,Numeric: ID 2133,7046,"Neutral Demographic Mix, Partner Inclined",7047,"Diverse Demographics, Average Customer Base"
2134,numeric,Numeric: ID 2134,7046,"Neutral Demographic Mix, Partner Inclined",7047,"Diverse Demographics, Average Customer Base"
2135,numeric,Numeric: ID 2135,7045,"Younger, Fewer Partners, Gender Balanced",7048,"Younger, Single Customers: Engagement Focus"
2136,numeric,Numeric: ID 2136,7046,"Neutral Demographic Mix, Partner Inclined",7047,"Diverse Demographics, Average Customer Base"
2137,numeric,Numeric: ID 2137,7046,"Neutral Demographic Mix, Partner Inclined",7047,"Diverse Demographics, Average Customer Base"
2138,numeric,Numeric: ID 2138,7045,"Younger, Fewer Partners, Gender Balanced",7048,"Younger, Single Customers: Engagement Focus"
2139,numeric,Numeric: ID 2139,7046,"Neutral Demographic Mix, Partner Inclined",7047,"Diverse Demographics, Average Customer Base"
2140,numeric,Numeric: ID 2140,7046,"Neutral Demographic Mix, Partner Inclined",7047,"Diverse Demographics, Average Customer Base"
2141,numeric,Numeric: ID 2141,7045,"Younger, Fewer Partners, Gender Balanced",7048,"Younger, Single Customers: Engagement Focus"
2142,numeric,Numeric: ID 2142,7046,"Neutral Demographic Mix, Partner Inclined",7047,"Diverse Demographics, Average Customer Base"
2143,numeric,Numeric: ID 2143,7046,"Neutral Demographic Mix, Partner Inclined",7047,"Diverse Demographics, Average Customer Base"
2144,numeric,Numeric: ID 2144,7045,"Younger, Fewer Partners, Gender Balanced",7048,"Younger, Single Customers: Engagement Focus"
2145,numeric,Numeric: ID 2145,7044,"Balanced Demographics, Average Customer",7047,"Diverse Demographics, Average Customer Base"
2146,numeric,Numeric: ID 2146,7046,"Neutral Demographic Mix, Partner Inclined",7047,"Diverse Demographics, Average Customer Base"
2147,numeric,Numeric: ID 2147,7046,"Neutral Demographic Mix, Partner Inclined",7047,"Diverse Demographics, Average Customer Base"
2148,numeric,Numeric: ID 2148,7046,"Neutral Demographic Mix, Partner Inclined",7047,"Diverse Demographics, Average Customer Base"
2149,numeric,Numeric: ID 2149,7044,"Balanced Demographics, Average Customer",7047,"Diverse Demographics, Average Customer Base"
2150,numeric,Numeric: ID 2150,7046,"Neutral Demographic Mix, Partner Inclined",7047,"Diverse Demographics, Average Customer Base"
2151,numeric,Numeric: ID 2151,7046,"Neutral Demographic Mix, Partner Inclined",7047,"Diverse Demographics, Average Customer Base"
2152,numeric,Numeric: ID 2152,7046,"Neutral Demographic Mix, Partner Inclined",7047,"Diverse Demographics, Average Customer Base"
2153,numeric,Numeric: ID 2153,7044,"Balanced Demographics, Average Customer",7047,"Diverse Demographics, Average Customer Base"
2154,numeric,Numeric: ID 2154,7046,"Neutral Demographic Mix, Partner Inclined",7047,"Diverse Demographics, Average Customer Base"
2155,numeric,Numeric: ID 2155,7044,"Balanced Demographics, Average Customer",7047,"Diverse Demographics, Average Customer Base"
2156,numeric,Numeric: ID 2156,7046,"Neutral Demographic Mix, Partner Inclined",7047,"Diverse Demographics, Average Customer Base"
2157,numeric,Numeric: ID 2157,7046,"Neutral Demographic Mix, Partner Inclined",7047,"Diverse Demographics, Average Customer Base"
2158,numeric,Numeric: ID 2158,7046,"Neutral Demographic Mix, Partner Inclined",7047,"Diverse Demographics, Average Customer Base"
2159,numeric,Numeric: ID 2159,7046,"Neutral Demographic Mix, Partner Inclined",7047,"Diverse Demographics, Average Customer Base"
2160,numeric,Numeric: ID 2160,7046,"Neutral Demographic Mix, Partner Inclined",7047,"Diverse Demographics, Average Customer Base"
2161,numeric,Numeric: ID 2161,7045,"Younger, Fewer Partners, Gender Balanced",7048,"Younger, Single Customers: Engagement Focus"
2162,numeric,Numeric: ID 2162,7046,"Neutral Demographic Mix, Partner Inclined",7047,"Diverse Demographics, Average Customer Base"
2163,numeric,Numeric: ID 2163,7046,"Neutral Demographic Mix, Partner Inclined",7047,"Diverse Demographics, Average Customer Base"
2164,numeric,Numeric: ID 2164,7046,"Neutral Demographic Mix, Partner Inclined",7047,"Diverse Demographics, Average Customer Base"
2165,numeric,Numeric: ID 2165,7044,"Balanced Demographics, Average Customer",7047,"Diverse Demographics, Average Customer Base"
2166,numeric,Numeric: ID 2166,7045,"Younger, Fewer Partners, Gender Balanced",7048,"Younger, Single Customers: Engagement Focus"
2167,numeric,Numeric: ID 2167,7045,"Younger, Fewer Partners, Gender Balanced",7048,"Younger, Single Customers: Engagement Focus"
2168,numeric,Numeric: ID 2168,7045,"Younger, Fewer Partners, Gender Balanced",7048,"Younger, Single Customers: Engagement Focus"
2169,numeric,Numeric: ID 2169,7046,"Neutral Demographic Mix, Partner Inclined",7047,"Diverse Demographics, Average Customer Base"
2170,numeric,Numeric: ID 2170,7045,"Younger, Fewer Partners, Gender Balanced",7048,"Younger, Single Customers: Engagement Focus"
2171,numeric,Numeric: ID 2171,7045,"Younger, Fewer Partners, Gender Balanced",7048,"Younger, Single Customers: Engagement Focus"
2172,numeric,Numeric: ID 2172,7046,"Neutral Demographic Mix, Partner Inclined",7047,"Diverse Demographics, Average Customer Base"
2173,numeric,Numeric: ID 2173,7046,"Neutral Demographic Mix, Partner Inclined",7047,"Diverse Demographics, Average Customer Base"
2174,numeric,Numeric: ID 2174,7045,"Younger, Fewer Partners, Gender Balanced",7048,"Younger, Single Customers: Engagement Focus"
2175,numeric,Numeric: ID 2175,7046,"Neutral Demographic Mix, Partner Inclined",7047,"Diverse Demographics, Average Customer Base"
2176,numeric,Numeric: ID 2176,7046,"Neutral Demographic Mix, Partner Inclined",7047,"Diverse Demographics, Average Customer Base"
2177,numeric,Numeric: ID 2177,7046,"Neutral Demographic Mix, Partner Inclined",7047,"Diverse Demographics, Average Customer Base"
2178,numeric,Numeric: ID 2178,7046,"Neutral Demographic Mix, Partner Inclined",7047,"Diverse Demographics, Average Customer Base"
2179,numeric,Numeric: ID 2179,7046,"Neutral Demographic Mix, Partner Inclined",7047,"Diverse Demographics, Average Customer Base"
2180,numeric,Numeric: ID 2180,7045,"Younger, Fewer Partners, Gender Balanced",7048,"Younger, Single Customers: Engagement Focus"
2181,numeric,Numeric: ID 2181,7045,"Younger, Fewer Partners, Gender Balanced",7048,"Younger, Single Customers: Engagement Focus"
2182,numeric,Numeric: ID 2182,7046,"Neutral Demographic Mix, Partner Inclined",7047,"Diverse Demographics, Average Customer Base"
2183,numeric,Numeric: ID 2183,7046,"Neutral Demographic Mix, Partner Inclined",7047,"Diverse Demographics, Average Customer Base"
2184,numeric,Numeric: ID 2184,7045,"Younger, Fewer Partners, Gender Balanced",7048,"Younger, Single Customers: Engagement Focus"
2185,numeric,Numeric: ID 2185,7044,"Balanced Demographics, Average Customer",7047,"Diverse Demographics, Average Customer Base"
2186,numeric,Numeric: ID 2186,7046,"Neutral Demographic Mix, Partner Inclined",7047,"Diverse Demographics, Average Customer Base"
2187,numeric,Numeric: ID 2187,7046,"Neutral Demographic Mix, Partner Inclined",7047,"Diverse Demographics, Average Customer Base"
2188,numeric,Numeric: ID 2188,7046,"Neutral Demographic Mix, Partner Inclined",7047,"Diverse Demographics, Average Customer Base"
2189,numeric,Numeric: ID 2189,7046,"Neutral Demographic Mix, Partner Inclined",7047,"Diverse Demographics, Average Customer Base"
2190,numeric,Numeric: ID 2190,7046,"Neutral Demographic Mix, Partner Inclined",7047,"Diverse Demographics, Average Customer Base"
2191,numeric,Numeric: ID 2191,7044,"Balanced Demographics, Average Customer",7047,"Diverse Demographics, Average Customer Base"
2192,numeric,Numeric: ID 2192,7046,"Neutral Demographic Mix, Partner Inclined",7047,"Diverse Demographics, Average Customer Base"
2193,numeric,Numeric: ID 2193,7045,"Younger, Fewer Partners, Gender Balanced",7048,"Younger, Single Customers: Engagement Focus"
2194,numeric,Numeric: ID 2194,7044,"Balanced Demographics, Average Customer",7047,"Diverse Demographics, Average Customer Base"
2195,numeric,Numeric: ID 2195,7045,"Younger, Fewer Partners, Gender Balanced",7048,"Younger, Single Customers: Engagement Focus"
2196,numeric,Numeric: ID 2196,7046,"Neutral Demographic Mix, Partner Inclined",7047,"Diverse Demographics, Average Customer Base"
2197,numeric,Numeric: ID 2197,7046,"Neutral Demographic Mix, Partner Inclined",7047,"Diverse Demographics, Average Customer Base"
2198,numeric,Numeric: ID 2198,7046,"Neutral Demographic Mix, Partner Inclined",7047,"Diverse Demographics, Average Customer Base"
2199,numeric,Numeric: ID 2199,7046,"Neutral Demographic Mix, Partner Inclined",7047,"Diverse Demographics, Average Customer Base"
2200,numeric,Numeric: ID 2200,7046,"Neutral Demographic Mix, Partner Inclined",7047,"Diverse Demographics, Average Customer Base"
2201,numeric,Numeric: ID 2201,7046,"Neutral Demographic Mix, Partner Inclined",7047,"Diverse Demographics, Average Customer Base"
2202,numeric,Numeric: ID 2202,7046,"Neutral Demographic Mix, Partner Inclined",7047,"Diverse Demographics, Average Customer Base"
2203,numeric,Numeric: ID 2203,7046,"Neutral Demographic Mix, Partner Inclined",7047,"Diverse Demographics, Average Customer Base"
2204,numeric,Numeric: ID 2204,7045,"Younger, Fewer Partners, Gender Balanced",7048,"Younger, Single Customers: Engagement Focus"
2205,numeric,Numeric: ID 2205,7046,"Neutral Demographic Mix, Partner Inclined",7047,"Diverse Demographics, Average Customer Base"
2206,numeric,Numeric: ID 2206,7046,"Neutral Demographic Mix, Partner Inclined",7047,"Diverse Demographics, Average Customer Base"
2207,numeric,Numeric: ID 2207,7045,"Younger, Fewer Partners, Gender Balanced",7048,"Younger, Single Customers: Engagement Focus"
2208,numeric,Numeric: ID 2208,7046,"Neutral Demographic Mix, Partner Inclined",7047,"Diverse Demographics, Average Customer Base"
2209,numeric,Numeric: ID 2209,7044,"Balanced Demographics, Average Customer",7047,"Diverse Demographics, Average Customer Base"
2210,numeric,Numeric: ID 2210,7045,"Younger, Fewer Partners, Gender Balanced",7048,"Younger, Single Customers: Engagement Focus"
2211,numeric,Numeric: ID 2211,7046,"Neutral Demographic Mix, Partner Inclined",7047,"Diverse Demographics, Average Customer Base"
2212,numeric,Numeric: ID 2212,7046,"Neutral Demographic Mix, Partner Inclined",7047,"Diverse Demographics, Average Customer Base"
2213,numeric,Numeric: ID 2213,7046,"Neutral Demographic Mix, Partner Inclined",7047,"Diverse Demographics, Average Customer Base"
2214,numeric,Numeric: ID 2214,7045,"Younger, Fewer Partners, Gender Balanced",7048,"Younger, Single Customers: Engagement Focus"
2215,numeric,Numeric: ID 2215,7046,"Neutral Demographic Mix, Partner Inclined",7047,"Diverse Demographics, Average Customer Base"
2216,numeric,Numeric: ID 2216,7045,"Younger, Fewer Partners, Gender Balanced",7048,"Younger, Single Customers: Engagement Focus"
2217,numeric,Numeric: ID 2217,7046,"Neutral Demographic Mix, Partner Inclined",7047,"Diverse Demographics, Average Customer Base"
2218,numeric,Numeric: ID 2218,7046,"Neutral Demographic Mix, Partner Inclined",7047,"Diverse Demographics, Average Customer Base"
2219,numeric,Numeric: ID 2219,7044,"Balanced Demographics, Average Customer",7047,"Diverse Demographics, Average Customer Base"
2220,numeric,Numeric: ID 2220,7046,"Neutral Demographic Mix, Partner Inclined",7047,"Diverse Demographics, Average Customer Base"
2221,numeric,Numeric: ID 2221,7046,"Neutral Demographic Mix, Partner Inclined",7047,"Diverse Demographics, Average Customer Base"
2222,numeric,Numeric: ID 2222,7045,"Younger, Fewer Partners, Gender Balanced",7048,"Younger, Single Customers: Engagement Focus"
2223,numeric,Numeric: ID 2223,7045,"Younger, Fewer Partners, Gender Balanced",7048,"Younger, Single Customers: Engagement Focus"
2224,numeric,Numeric: ID 2224,7046,"Neutral Demographic Mix, Partner Inclined",7047,"Diverse Demographics, Average Customer Base"
2225,numeric,Numeric: ID 2225,7046,"Neutral Demographic Mix, Partner Inclined",7047,"Diverse Demographics, Average Customer Base"
2226,numeric,Numeric: ID 2226,7046,"Neutral Demographic Mix, Partner Inclined",7047,"Diverse Demographics, Average Customer Base"
2227,numeric,Numeric: ID 2227,7046,"Neutral Demographic Mix, Partner Inclined",7047,"Diverse Demographics, Average Customer Base"
2228,numeric,Numeric: ID 2228,7045,"Younger, Fewer Partners, Gender Balanced",7048,"Younger, Single Customers: Engagement Focus"
2229,numeric,Numeric: ID 2229,7046,"Neutral Demographic Mix, Partner Inclined",7047,"Diverse Demographics, Average Customer Base"
2230,numeric,Numeric: ID 2230,7046,"Neutral Demographic Mix, Partner Inclined",7047,"Diverse Demographics, Average Customer Base"
2231,numeric,Numeric: ID 2231,7046,"Neutral Demographic Mix, Partner Inclined",7047,"Diverse Demographics, Average Customer Base"
2232,numeric,Numeric: ID 2232,7046,"Neutral Demographic Mix, Partner Inclined",7047,"Diverse Demographics, Average Customer Base"
2233,numeric,Numeric: ID 2233,7046,"Neutral Demographic Mix, Partner Inclined",7047,"Diverse Demographics, Average Customer Base"
2234,numeric,Numeric: ID 2234,7044,"Balanced Demographics, Average Customer",7047,"Diverse Demographics, Average Customer Base"
2235,numeric,Numeric: ID 2235,7046,"Neutral Demographic Mix, Partner Inclined",7047,"Diverse Demographics, Average Customer Base"
2236,numeric,Numeric: ID 2236,7046,"Neutral Demographic Mix, Partner Inclined",7047,"Diverse Demographics, Average Customer Base"
2237,numeric,Numeric: ID 2237,7046,"Neutral Demographic Mix, Partner Inclined",7047,"Diverse Demographics, Average Customer Base"
2238,numeric,Numeric: ID 2238,7045,"Younger, Fewer Partners, Gender Balanced",7048,"Younger, Single Customers: Engagement Focus"
2239,numeric,Numeric: ID 2239,7046,"Neutral Demographic Mix, Partner Inclined",7047,"Diverse Demographics, Average Customer Base"
2240,numeric,Numeric: ID 2240,7045,"Younger, Fewer Partners, Gender Balanced",7048,"Younger, Single Customers: Engagement Focus"
2241,numeric,Numeric: ID 2241,7046,"Neutral Demographic Mix, Partner Inclined",7047,"Diverse Demographics, Average Customer Base"
2242,numeric,Numeric: ID 2242,7046,"Neutral Demographic Mix, Partner Inclined",7047,"Diverse Demographics, Average Customer Base"
2243,numeric,Numeric: ID 2243,7046,"Neutral Demographic Mix, Partner Inclined",7047,"Diverse Demographics, Average Customer Base"
2244,numeric,Numeric: ID 2244,7046,"Neutral Demographic Mix, Partner Inclined",7047,"Diverse Demographics, Average Customer Base"
2245,numeric,Numeric: ID 2245,7046,"Neutral Demographic Mix, Partner Inclined",7047,"Diverse Demographics, Average Customer Base"
2246,numeric,Numeric: ID 2246,7046,"Neutral Demographic Mix, Partner Inclined",7047,"Diverse Demographics, Average Customer Base"
2247,numeric,Numeric: ID 2247,7045,"Younger, Fewer Partners, Gender Balanced",7048,"Younger, Single Customers: Engagement Focus"
2248,numeric,Numeric: ID 2248,7046,"Neutral Demographic Mix, Partner Inclined",7047,"Diverse Demographics, Average Customer Base"
2249,numeric,Numeric: ID 2249,7046,"Neutral Demographic Mix, Partner Inclined",7047,"Diverse Demographics, Average Customer Base"
2250,numeric,Numeric: ID 2250,7046,"Neutral Demographic Mix, Partner Inclined",7047,"Diverse Demographics, Average Customer Base"
2251,numeric,Numeric: ID 2251,7046,"Neutral Demographic Mix, Partner Inclined",7047,"Diverse Demographics, Average Customer Base"
2252,numeric,Numeric: ID 2252,7046,"Neutral Demographic Mix, Partner Inclined",7047,"Diverse Demographics, Average Customer Base"
2253,numeric,Numeric: ID 2253,7046,"Neutral Demographic Mix, Partner Inclined",7047,"Diverse Demographics, Average Customer Base"
2254,numeric,Numeric: ID 2254,7045,"Younger, Fewer Partners, Gender Balanced",7048,"Younger, Single Customers: Engagement Focus"
2255,numeric,Numeric: ID 2255,7046,"Neutral Demographic Mix, Partner Inclined",7047,"Diverse Demographics, Average Customer Base"
2256,numeric,Numeric: ID 2256,7046,"Neutral Demographic Mix, Partner Inclined",7047,"Diverse Demographics, Average Customer Base"
2257,numeric,Numeric: ID 2257,7046,"Neutral Demographic Mix, Partner Inclined",7047,"Diverse Demographics, Average Customer Base"
2258,numeric,Numeric: ID 2258,7046,"Neutral Demographic Mix, Partner Inclined",7047,"Diverse Demographics, Average Customer Base"
2259,numeric,Numeric: ID 2259,7046,"Neutral Demographic Mix, Partner Inclined",7047,"Diverse Demographics, Average Customer Base"
2260,numeric,Numeric: ID 2260,7046,"Neutral Demographic Mix, Partner Inclined",7047,"Diverse Demographics, Average Customer Base"
2261,numeric,Numeric: ID 2261,7045,"Younger, Fewer Partners, Gender Balanced",7048,"Younger, Single Customers: Engagement Focus"
2262,numeric,Numeric: ID 2262,7046,"Neutral Demographic Mix, Partner Inclined",7047,"Diverse Demographics, Average Customer Base"
2263,numeric,Numeric: ID 2263,7045,"Younger, Fewer Partners, Gender Balanced",7048,"Younger, Single Customers: Engagement Focus"
2264,numeric,Numeric: ID 2264,7045,"Younger, Fewer Partners, Gender Balanced",7048,"Younger, Single Customers: Engagement Focus"
2265,numeric,Numeric: ID 2265,7046,"Neutral Demographic Mix, Partner Inclined",7047,"Diverse Demographics, Average Customer Base"
2266,numeric,Numeric: ID 2266,7046,"Neutral Demographic Mix, Partner Inclined",7047,"Diverse Demographics, Average Customer Base"
2267,numeric,Numeric: ID 2267,7046,"Neutral Demographic Mix, Partner Inclined",7047,"Diverse Demographics, Average Customer Base"
2268,numeric,Numeric: ID 2268,7046,"Neutral Demographic Mix, Partner Inclined",7047,"Diverse Demographics, Average Customer Base"
2269,numeric,Numeric: ID 2269,7046,"Neutral Demographic Mix, Partner Inclined",7047,"Diverse Demographics, Average Customer Base"
2270,numeric,Numeric: ID 2270,7046,"Neutral Demographic Mix, Partner Inclined",7047,"Diverse Demographics, Average Customer Base"
2271,numeric,Numeric: ID 2271,7046,"Neutral Demographic Mix, Partner Inclined",7047,"Diverse Demographics, Average Customer Base"
2272,numeric,Numeric: ID 2272,7046,"Neutral Demographic Mix, Partner Inclined",7047,"Diverse Demographics, Average Customer Base"
2273,numeric,Numeric: ID 2273,7046,"Neutral Demographic Mix, Partner Inclined",7047,"Diverse Demographics, Average Customer Base"
2274,numeric,Numeric: ID 2274,7045,"Younger, Fewer Partners, Gender Balanced",7048,"Younger, Single Customers: Engagement Focus"
2275,numeric,Numeric: ID 2275,7046,"Neutral Demographic Mix, Partner Inclined",7047,"Diverse Demographics, Average Customer Base"
2276,numeric,Numeric: ID 2276,7046,"Neutral Demographic Mix, Partner Inclined",7047,"Diverse Demographics, Average Customer Base"
2277,numeric,Numeric: ID 2277,7046,"Neutral Demographic Mix, Partner Inclined",7047,"Diverse Demographics, Average Customer Base"
2278,numeric,Numeric: ID 2278,7045,"Younger, Fewer Partners, Gender Balanced",7048,"Younger, Single Customers: Engagement Focus"
2279,numeric,Numeric: ID 2279,7046,"Neutral Demographic Mix, Partner Inclined",7047,"Diverse Demographics, Average Customer Base"
2280,numeric,Numeric: ID 2280,7046,"Neutral Demographic Mix, Partner Inclined",7047,"Diverse Demographics, Average Customer Base"
2281,numeric,Numeric: ID 2281,7045,"Younger, Fewer Partners, Gender Balanced",7048,"Younger, Single Customers: Engagement Focus"
2282,numeric,Numeric: ID 2282,7045,"Younger, Fewer Partners, Gender Balanced",7048,"Younger, Single Customers: Engagement Focus"
2283,numeric,Numeric: ID 2283,7046,"Neutral Demographic Mix, Partner Inclined",7047,"Diverse Demographics, Average Customer Base"
2284,numeric,Numeric: ID 2284,7045,"Younger, Fewer Partners, Gender Balanced",7048,"Younger, Single Customers: Engagement Focus"
2285,numeric,Numeric: ID 2285,7046,"Neutral Demographic Mix, Partner Inclined",7047,"Diverse Demographics, Average Customer Base"
2286,numeric,Numeric: ID 2286,7046,"Neutral Demographic Mix, Partner Inclined",7047,"Diverse Demographics, Average Customer Base"
2287,numeric,Numeric: ID 2287,7046,"Neutral Demographic Mix, Partner Inclined",7047,"Diverse Demographics, Average Customer Base"
2288,numeric,Numeric: ID 2288,7046,"Neutral Demographic Mix, Partner Inclined",7047,"Diverse Demographics, Average Customer Base"
2289,numeric,Numeric: ID 2289,7045,"Younger, Fewer Partners, Gender Balanced",7048,"Younger, Single Customers: Engagement Focus"
2290,numeric,Numeric: ID 2290,7046,"Neutral Demographic Mix, Partner Inclined",7047,"Diverse Demographics, Average Customer Base"
2291,numeric,Numeric: ID 2291,7046,"Neutral Demographic Mix, Partner Inclined",7047,"Diverse Demographics, Average Customer Base"
2292,numeric,Numeric: ID 2292,7046,"Neutral Demographic Mix, Partner Inclined",7047,"Diverse Demographics, Average Customer Base"
2293,numeric,Numeric: ID 2293,7046,"Neutral Demographic Mix, Partner Inclined",7047,"Diverse Demographics, Average Customer Base"
2294,numeric,Numeric: ID 2294,7046,"Neutral Demographic Mix, Partner Inclined",7047,"Diverse Demographics, Average Customer Base"
2295,numeric,Numeric: ID 2295,7046,"Neutral Demographic Mix, Partner Inclined",7047,"Diverse Demographics, Average Customer Base"
2296,numeric,Numeric: ID 2296,7044,"Balanced Demographics, Average Customer",7047,"Diverse Demographics, Average Customer Base"
2297,numeric,Numeric: ID 2297,7045,"Younger, Fewer Partners, Gender Balanced",7048,"Younger, Single Customers: Engagement Focus"
2298,numeric,Numeric: ID 2298,7046,"Neutral Demographic Mix, Partner Inclined",7047,"Diverse Demographics, Average Customer Base"
2299,numeric,Numeric: ID 2299,7046,"Neutral Demographic Mix, Partner Inclined",7047,"Diverse Demographics, Average Customer Base"
2300,numeric,Numeric: ID 2300,7046,"Neutral Demographic Mix, Partner Inclined",7047,"Diverse Demographics, Average Customer Base"
2301,numeric,Numeric: ID 2301,7046,"Neutral Demographic Mix, Partner Inclined",7047,"Diverse Demographics, Average Customer Base"
2302,numeric,Numeric: ID 2302,7046,"Neutral Demographic Mix, Partner Inclined",7047,"Diverse Demographics, Average Customer Base"
2303,numeric,Numeric: ID 2303,7046,"Neutral Demographic Mix, Partner Inclined",7047,"Diverse Demographics, Average Customer Base"
2304,numeric,Numeric: ID 2304,7046,"Neutral Demographic Mix, Partner Inclined",7047,"Diverse Demographics, Average Customer Base"
2305,numeric,Numeric: ID 2305,7045,"Younger, Fewer Partners, Gender Balanced",7048,"Younger, Single Customers: Engagement Focus"
2306,numeric,Numeric: ID 2306,7045,"Younger, Fewer Partners, Gender Balanced",7048,"Younger, Single Customers: Engagement Focus"
2307,numeric,Numeric: ID 2307,7045,"Younger, Fewer Partners, Gender Balanced",7048,"Younger, Single Customers: Engagement Focus"
2308,numeric,Numeric: ID 2308,7046,"Neutral Demographic Mix, Partner Inclined",7047,"Diverse Demographics, Average Customer Base"
2309,numeric,Numeric: ID 2309,7045,"Younger, Fewer Partners, Gender Balanced",7048,"Younger, Single Customers: Engagement Focus"
2310,numeric,Numeric: ID 2310,7046,"Neutral Demographic Mix, Partner Inclined",7047,"Diverse Demographics, Average Customer Base"
2311,numeric,Numeric: ID 2311,7046,"Neutral Demographic Mix, Partner Inclined",7047,"Diverse Demographics, Average Customer Base"
2312,numeric,Numeric: ID 2312,7046,"Neutral Demographic Mix, Partner Inclined",7047,"Diverse Demographics, Average Customer Base"
2313,numeric,Numeric: ID 2313,7045,"Younger, Fewer Partners, Gender Balanced",7048,"Younger, Single Customers: Engagement Focus"
2314,numeric,Numeric: ID 2314,7046,"Neutral Demographic Mix, Partner Inclined",7047,"Diverse Demographics, Average Customer Base"
2315,numeric,Numeric: ID 2315,7046,"Neutral Demographic Mix, Partner Inclined",7047,"Diverse Demographics, Average Customer Base"
2316,numeric,Numeric: ID 2316,7046,"Neutral Demographic Mix, Partner Inclined",7047,"Diverse Demographics, Average Customer Base"
2317,numeric,Numeric: ID 2317,7044,"Balanced Demographics, Average Customer",7047,"Diverse Demographics, Average Customer Base"
2318,numeric,Numeric: ID 2318,7046,"Neutral Demographic Mix, Partner Inclined",7047,"Diverse Demographics, Average Customer Base"
2319,numeric,Numeric: ID 2319,7046,"Neutral Demographic Mix, Partner Inclined",7047,"Diverse Demographics, Average Customer Base"
2320,numeric,Numeric: ID 2320,7045,"Younger, Fewer Partners, Gender Balanced",7048,"Younger, Single Customers: Engagement Focus"
2321,numeric,Numeric: ID 2321,7046,"Neutral Demographic Mix, Partner Inclined",7047,"Diverse Demographics, Average Customer Base"
2322,numeric,Numeric: ID 2322,7045,"Younger, Fewer Partners, Gender Balanced",7048,"Younger, Single Customers: Engagement Focus"
2323,numeric,Numeric: ID 2323,7046,"Neutral Demographic Mix, Partner Inclined",7047,"Diverse Demographics, Average Customer Base"
2324,numeric,Numeric: ID 2324,7046,"Neutral Demographic Mix, Partner Inclined",7047,"Diverse Demographics, Average Customer Base"
2325,numeric,Numeric: ID 2325,7046,"Neutral Demographic Mix, Partner Inclined",7047,"Diverse Demographics, Average Customer Base"
2326,numeric,Numeric: ID 2326,7046,"Neutral Demographic Mix, Partner Inclined",7047,"Diverse Demographics, Average Customer Base"
2327,numeric,Numeric: ID 2327,7046,"Neutral Demographic Mix, Partner Inclined",7047,"Diverse Demographics, Average Customer Base"
2328,numeric,Numeric: ID 2328,7046,"Neutral Demographic Mix, Partner Inclined",7047,"Diverse Demographics, Average Customer Base"
2329,numeric,Numeric: ID 2329,7046,"Neutral Demographic Mix, Partner Inclined",7047,"Diverse Demographics, Average Customer Base"
2330,numeric,Numeric: ID 2330,7045,"Younger, Fewer Partners, Gender Balanced",7048,"Younger, Single Customers: Engagement Focus"
2331,numeric,Numeric: ID 2331,7046,"Neutral Demographic Mix, Partner Inclined",7047,"Diverse Demographics, Average Customer Base"
2332,numeric,Numeric: ID 2332,7046,"Neutral Demographic Mix, Partner Inclined",7047,"Diverse Demographics, Average Customer Base"
2333,numeric,Numeric: ID 2333,7046,"Neutral Demographic Mix, Partner Inclined",7047,"Diverse Demographics, Average Customer Base"
2334,numeric,Numeric: ID 2334,7044,"Balanced Demographics, Average Customer",7047,"Diverse Demographics, Average Customer Base"
2335,numeric,Numeric: ID 2335,7046,"Neutral Demographic Mix, Partner Inclined",7047,"Diverse Demographics, Average Customer Base"
2336,numeric,Numeric: ID 2336,7046,"Neutral Demographic Mix, Partner Inclined",7047,"Diverse Demographics, Average Customer Base"
2337,numeric,Numeric: ID 2337,7046,"Neutral Demographic Mix, Partner Inclined",7047,"Diverse Demographics, Average Customer Base"
2338,numeric,Numeric: ID 2338,7044,"Balanced Demographics, Average Customer",7047,"Diverse Demographics, Average Customer Base"
2339,numeric,Numeric: ID 2339,7046,"Neutral Demographic Mix, Partner Inclined",7047,"Diverse Demographics, Average Customer Base"
2340,numeric,Numeric: ID 2340,7046,"Neutral Demographic Mix, Partner Inclined",7047,"Diverse Demographics, Average Customer Base"
2341,numeric,Numeric: ID 2341,7045,"Younger, Fewer Partners, Gender Balanced",7048,"Younger, Single Customers: Engagement Focus"
2342,numeric,Numeric: ID 2342,7046,"Neutral Demographic Mix, Partner Inclined",7047,"Diverse Demographics, Average Customer Base"
2343,numeric,Numeric: ID 2343,7046,"Neutral Demographic Mix, Partner Inclined",7047,"Diverse Demographics, Average Customer Base"
2344,numeric,Numeric: ID 2344,7046,"Neutral Demographic Mix, Partner Inclined",7047,"Diverse Demographics, Average Customer Base"
2345,numeric,Numeric: ID 2345,7046,"Neutral Demographic Mix, Partner Inclined",7047,"Diverse Demographics, Average Customer Base"
2346,numeric,Numeric: ID 2346,7046,"Neutral Demographic Mix, Partner Inclined",7047,"Diverse Demographics, Average Customer Base"
2347,numeric,Numeric: ID 2347,7046,"Neutral Demographic Mix, Partner Inclined",7047,"Diverse Demographics, Average Customer Base"
2348,numeric,Numeric: ID 2348,7045,"Younger, Fewer Partners, Gender Balanced",7048,"Younger, Single Customers: Engagement Focus"
2349,numeric,Numeric: ID 2349,7044,"Balanced Demographics, Average Customer",7047,"Diverse Demographics, Average Customer Base"
2350,numeric,Numeric: ID 2350,7046,"Neutral Demographic Mix, Partner Inclined",7047,"Diverse Demographics, Average Customer Base"
2351,numeric,Numeric: ID 2351,7046,"Neutral Demographic Mix, Partner Inclined",7047,"Diverse Demographics, Average Customer Base"
2352,numeric,Numeric: ID 2352,7045,"Younger, Fewer Partners, Gender Balanced",7048,"Younger, Single Customers: Engagement Focus"
2353,numeric,Numeric: ID 2353,7046,"Neutral Demographic Mix, Partner Inclined",7047,"Diverse Demographics, Average Customer Base"
2354,numeric,Numeric: ID 2354,7045,"Younger, Fewer Partners, Gender Balanced",7048,"Younger, Single Customers: Engagement Focus"
2355,numeric,Numeric: ID 2355,7046,"Neutral Demographic Mix, Partner Inclined",7047,"Diverse Demographics, Average Customer Base"
2356,numeric,Numeric: ID 2356,7046,"Neutral Demographic Mix, Partner Inclined",7047,"Diverse Demographics, Average Customer Base"
2357,numeric,Numeric: ID 2357,7045,"Younger, Fewer Partners, Gender Balanced",7048,"Younger, Single Customers: Engagement Focus"
2358,numeric,Numeric: ID 2358,7045,"Younger, Fewer Partners, Gender Balanced",7048,"Younger, Single Customers: Engagement Focus"
2359,numeric,Numeric: ID 2359,7046,"Neutral Demographic Mix, Partner Inclined",7047,"Diverse Demographics, Average Customer Base"
2360,numeric,Numeric: ID 2360,7046,"Neutral Demographic Mix, Partner Inclined",7047,"Diverse Demographics, Average Customer Base"
2361,numeric,Numeric: ID 2361,7046,"Neutral Demographic Mix, Partner Inclined",7047,"Diverse Demographics, Average Customer Base"
2362,numeric,Numeric: ID 2362,7045,"Younger, Fewer Partners, Gender Balanced",7048,"Younger, Single Customers: Engagement Focus"
2363,numeric,Numeric: ID 2363,7046,"Neutral Demographic Mix, Partner Inclined",7047,"Diverse Demographics, Average Customer Base"
2364,numeric,Numeric: ID 2364,7045,"Younger, Fewer Partners, Gender Balanced",7048,"Younger, Single Customers: Engagement Focus"
2365,numeric,Numeric: ID 2365,7046,"Neutral Demographic Mix, Partner Inclined",7047,"Diverse Demographics, Average Customer Base"
2366,numeric,Numeric: ID 2366,7045,"Younger, Fewer Partners, Gender Balanced",7048,"Younger, Single Customers: Engagement Focus"
2367,numeric,Numeric: ID 2367,7046,"Neutral Demographic Mix, Partner Inclined",7047,"Diverse Demographics, Average Customer Base"
2368,numeric,Numeric: ID 2368,7044,"Balanced Demographics, Average Customer",7047,"Diverse Demographics, Average Customer Base"
2369,numeric,Numeric: ID 2369,7044,"Balanced Demographics, Average Customer",7047,"Diverse Demographics, Average Customer Base"
2370,numeric,Numeric: ID 2370,7045,"Younger, Fewer Partners, Gender Balanced",7048,"Younger, Single Customers: Engagement Focus"
2371,numeric,Numeric: ID 2371,7045,"Younger, Fewer Partners, Gender Balanced",7048,"Younger, Single Customers: Engagement Focus"
2372,numeric,Numeric: ID 2372,7045,"Younger, Fewer Partners, Gender Balanced",7048,"Younger, Single Customers: Engagement Focus"
2373,numeric,Numeric: ID 2373,7046,"Neutral Demographic Mix, Partner Inclined",7047,"Diverse Demographics, Average Customer Base"
2374,numeric,Numeric: ID 2374,7045,"Younger, Fewer Partners, Gender Balanced",7048,"Younger, Single Customers: Engagement Focus"
2375,numeric,Numeric: ID 2375,7046,"Neutral Demographic Mix, Partner Inclined",7047,"Diverse Demographics, Average Customer Base"
2376,numeric,Numeric: ID 2376,7046,"Neutral Demographic Mix, Partner Inclined",7047,"Diverse Demographics, Average Customer Base"
2377,numeric,Numeric: ID 2377,7046,"Neutral Demographic Mix, Partner Inclined",7047,"Diverse Demographics, Average Customer Base"
2378,numeric,Numeric: ID 2378,7046,"Neutral Demographic Mix, Partner Inclined",7047,"Diverse Demographics, Average Customer Base"
2379,numeric,Numeric: ID 2379,7046,"Neutral Demographic Mix, Partner Inclined",7047,"Diverse Demographics, Average Customer Base"
2380,numeric,Numeric: ID 2380,7046,"Neutral Demographic Mix, Partner Inclined",7047,"Diverse Demographics, Average Customer Base"
2381,numeric,Numeric: ID 2381,7046,"Neutral Demographic Mix, Partner Inclined",7047,"Diverse Demographics, Average Customer Base"
2382,numeric,Numeric: ID 2382,7045,"Younger, Fewer Partners, Gender Balanced",7048,"Younger, Single Customers: Engagement Focus"
2383,numeric,Numeric: ID 2383,7044,"Balanced Demographics, Average Customer",7047,"Diverse Demographics, Average Customer Base"
2384,numeric,Numeric: ID 2384,7046,"Neutral Demographic Mix, Partner Inclined",7047,"Diverse Demographics, Average Customer Base"
2385,numeric,Numeric: ID 2385,7045,"Younger, Fewer Partners, Gender Balanced",7048,"Younger, Single Customers: Engagement Focus"
2386,numeric,Numeric: ID 2386,7046,"Neutral Demographic Mix, Partner Inclined",7047,"Diverse Demographics, Average Customer Base"
2387,numeric,Numeric: ID 2387,7045,"Younger, Fewer Partners, Gender Balanced",7048,"Younger, Single Customers: Engagement Focus"
2388,numeric,Numeric: ID 2388,7045,"Younger, Fewer Partners, Gender Balanced",7048,"Younger, Single Customers: Engagement Focus"
2389,numeric,Numeric: ID 2389,7045,"Younger, Fewer Partners, Gender Balanced",7048,"Younger, Single Customers: Engagement Focus"
2390,numeric,Numeric: ID 2390,7046,"Neutral Demographic Mix, Partner Inclined",7047,"Diverse Demographics, Average Customer Base"
2391,numeric,Numeric: ID 2391,7046,"Neutral Demographic Mix, Partner Inclined",7047,"Diverse Demographics, Average Customer Base"
2392,numeric,Numeric: ID 2392,7046,"Neutral Demographic Mix, Partner Inclined",7047,"Diverse Demographics, Average Customer Base"
2393,numeric,Numeric: ID 2393,7046,"Neutral Demographic Mix, Partner Inclined",7047,"Diverse Demographics, Average Customer Base"
2394,numeric,Numeric: ID 2394,7046,"Neutral Demographic Mix, Partner Inclined",7047,"Diverse Demographics, Average Customer Base"
2395,numeric,Numeric: ID 2395,7046,"Neutral Demographic Mix, Partner Inclined",7047,"Diverse Demographics, Average Customer Base"
2396,numeric,Numeric: ID 2396,7045,"Younger, Fewer Partners, Gender Balanced",7048,"Younger, Single Customers: Engagement Focus"
2397,numeric,Numeric: ID 2397,7046,"Neutral Demographic Mix, Partner Inclined",7047,"Diverse Demographics, Average Customer Base"
2398,numeric,Numeric: ID 2398,7046,"Neutral Demographic Mix, Partner Inclined",7047,"Diverse Demographics, Average Customer Base"
2399,numeric,Numeric: ID 2399,7046,"Neutral Demographic Mix, Partner Inclined",7047,"Diverse Demographics, Average Customer Base"
2400,numeric,Numeric: ID 2400,7046,"Neutral Demographic Mix, Partner Inclined",7047,"Diverse Demographics, Average Customer Base"
2401,numeric,Numeric: ID 2401,7046,"Neutral Demographic Mix, Partner Inclined",7047,"Diverse Demographics, Average Customer Base"
2402,numeric,Numeric: ID 2402,7046,"Neutral Demographic Mix, Partner Inclined",7047,"Diverse Demographics, Average Customer Base"
2403,numeric,Numeric: ID 2403,7045,"Younger, Fewer Partners, Gender Balanced",7048,"Younger, Single Customers: Engagement Focus"
2404,numeric,Numeric: ID 2404,7046,"Neutral Demographic Mix, Partner Inclined",7047,"Diverse Demographics, Average Customer Base"
2405,numeric,Numeric: ID 2405,7045,"Younger, Fewer Partners, Gender Balanced",7048,"Younger, Single Customers: Engagement Focus"
2406,numeric,Numeric: ID 2406,7046,"Neutral Demographic Mix, Partner Inclined",7047,"Diverse Demographics, Average Customer Base"
2407,numeric,Numeric: ID 2407,7044,"Balanced Demographics, Average Customer",7047,"Diverse Demographics, Average Customer Base"
2408,numeric,Numeric: ID 2408,7046,"Neutral Demographic Mix, Partner Inclined",7047,"Diverse Demographics, Average Customer Base"
2409,numeric,Numeric: ID 2409,7044,"Balanced Demographics, Average Customer",7047,"Diverse Demographics, Average Customer Base"
2410,numeric,Numeric: ID 2410,7046,"Neutral Demographic Mix, Partner Inclined",7047,"Diverse Demographics, Average Customer Base"
2411,numeric,Numeric: ID 2411,7045,"Younger, Fewer Partners, Gender Balanced",7048,"Younger, Single Customers: Engagement Focus"
2412,numeric,Numeric: ID 2412,7045,"Younger, Fewer Partners, Gender Balanced",7048,"Younger, Single Customers: Engagement Focus"
2413,numeric,Numeric: ID 2413,7045,"Younger, Fewer Partners, Gender Balanced",7048,"Younger, Single Customers: Engagement Focus"
2414,numeric,Numeric: ID 2414,7045,"Younger, Fewer Partners, Gender Balanced",7048,"Younger, Single Customers: Engagement Focus"
2415,numeric,Numeric: ID 2415,7046,"Neutral Demographic Mix, Partner Inclined",7047,"Diverse Demographics, Average Customer Base"
2416,numeric,Numeric: ID 2416,7046,"Neutral Demographic Mix, Partner Inclined",7047,"Diverse Demographics, Average Customer Base"
2417,numeric,Numeric: ID 2417,7045,"Younger, Fewer Partners, Gender Balanced",7048,"Younger, Single Customers: Engagement Focus"
2418,numeric,Numeric: ID 2418,7046,"Neutral Demographic Mix, Partner Inclined",7047,"Diverse Demographics, Average Customer Base"
2419,numeric,Numeric: ID 2419,7046,"Neutral Demographic Mix, Partner Inclined",7047,"Diverse Demographics, Average Customer Base"
2420,numeric,Numeric: ID 2420,7046,"Neutral Demographic Mix, Partner Inclined",7047,"Diverse Demographics, Average Customer Base"
2421,numeric,Numeric: ID 2421,7044,"Balanced Demographics, Average Customer",7047,"Diverse Demographics, Average Customer Base"
2422,numeric,Numeric: ID 2422,7046,"Neutral Demographic Mix, Partner Inclined",7047,"Diverse Demographics, Average Customer Base"
2423,numeric,Numeric: ID 2423,7046,"Neutral Demographic Mix, Partner Inclined",7047,"Diverse Demographics, Average Customer Base"
2424,numeric,Numeric: ID 2424,7046,"Neutral Demographic Mix, Partner Inclined",7047,"Diverse Demographics, Average Customer Base"
2425,numeric,Numeric: ID 2425,7046,"Neutral Demographic Mix, Partner Inclined",7047,"Diverse Demographics, Average Customer Base"
2426,numeric,Numeric: ID 2426,7046,"Neutral Demographic Mix, Partner Inclined",7047,"Diverse Demographics, Average Customer Base"
2427,numeric,Numeric: ID 2427,7046,"Neutral Demographic Mix, Partner Inclined",7047,"Diverse Demographics, Average Customer Base"
2428,numeric,Numeric: ID 2428,7045,"Younger, Fewer Partners, Gender Balanced",7048,"Younger, Single Customers: Engagement Focus"
2429,numeric,Numeric: ID 2429,7046,"Neutral Demographic Mix, Partner Inclined",7047,"Diverse Demographics, Average Customer Base"
2430,numeric,Numeric: ID 2430,7046,"Neutral Demographic Mix, Partner Inclined",7047,"Diverse Demographics, Average Customer Base"
2431,numeric,Numeric: ID 2431,7046,"Neutral Demographic Mix, Partner Inclined",7047,"Diverse Demographics, Average Customer Base"
2432,numeric,Numeric: ID 2432,7046,"Neutral Demographic Mix, Partner Inclined",7047,"Diverse Demographics, Average Customer Base"
2433,numeric,Numeric: ID 2433,7045,"Younger, Fewer Partners, Gender Balanced",7048,"Younger, Single Customers: Engagement Focus"
2434,numeric,Numeric: ID 2434,7046,"Neutral Demographic Mix, Partner Inclined",7047,"Diverse Demographics, Average Customer Base"
2435,numeric,Numeric: ID 2435,7046,"Neutral Demographic Mix, Partner Inclined",7047,"Diverse Demographics, Average Customer Base"
2436,numeric,Numeric: ID 2436,7046,"Neutral Demographic Mix, Partner Inclined",7047,"Diverse Demographics, Average Customer Base"
2437,numeric,Numeric: ID 2437,7046,"Neutral Demographic Mix, Partner Inclined",7047,"Diverse Demographics, Average Customer Base"
2438,numeric,Numeric: ID 2438,7045,"Younger, Fewer Partners, Gender Balanced",7048,"Younger, Single Customers: Engagement Focus"
2439,numeric,Numeric: ID 2439,7046,"Neutral Demographic Mix, Partner Inclined",7047,"Diverse Demographics, Average Customer Base"
2440,numeric,Numeric: ID 2440,7045,"Younger, Fewer Partners, Gender Balanced",7048,"Younger, Single Customers: Engagement Focus"
2441,numeric,Numeric: ID 2441,7045,"Younger, Fewer Partners, Gender Balanced",7048,"Younger, Single Customers: Engagement Focus"
2442,numeric,Numeric: ID 2442,7046,"Neutral Demographic Mix, Partner Inclined",7047,"Diverse Demographics, Average Customer Base"
2443,numeric,Numeric: ID 2443,7045,"Younger, Fewer Partners, Gender Balanced",7048,"Younger, Single Customers: Engagement Focus"
2444,numeric,Numeric: ID 2444,7046,"Neutral Demographic Mix, Partner Inclined",7047,"Diverse Demographics, Average Customer Base"
2445,numeric,Numeric: ID 2445,7045,"Younger, Fewer Partners, Gender Balanced",7048,"Younger, Single Customers: Engagement Focus"
2446,numeric,Numeric: ID 2446,7044,"Balanced Demographics, Average Customer",7047,"Diverse Demographics, Average Customer Base"
2447,numeric,Numeric: ID 2447,7046,"Neutral Demographic Mix, Partner Inclined",7047,"Diverse Demographics, Average Customer Base"
2448,numeric,Numeric: ID 2448,7045,"Younger, Fewer Partners, Gender Balanced",7048,"Younger, Single Customers: Engagement Focus"
2449,numeric,Numeric: ID 2449,7046,"Neutral Demographic Mix, Partner Inclined",7047,"Diverse Demographics, Average Customer Base"
2450,numeric,Numeric: ID 2450,7046,"Neutral Demographic Mix, Partner Inclined",7047,"Diverse Demographics, Average Customer Base"
2451,numeric,Numeric: ID 2451,7045,"Younger, Fewer Partners, Gender Balanced",7048,"Younger, Single Customers: Engagement Focus"
2452,numeric,Numeric: ID 2452,7046,"Neutral Demographic Mix, Partner Inclined",7047,"Diverse Demographics, Average Customer Base"
2453,numeric,Numeric: ID 2453,7044,"Balanced Demographics, Average Customer",7047,"Diverse Demographics, Average Customer Base"
2454,numeric,Numeric: ID 2454,7046,"Neutral Demographic Mix, Partner Inclined",7047,"Diverse Demographics, Average Customer Base"
2455,numeric,Numeric: ID 2455,7046,"Neutral Demographic Mix, Partner Inclined",7047,"Diverse Demographics, Average Customer Base"
2456,numeric,Numeric: ID 2456,7046,"Neutral Demographic Mix, Partner Inclined",7047,"Diverse Demographics, Average Customer Base"
2457,numeric,Numeric: ID 2457,7046,"Neutral Demographic Mix, Partner Inclined",7047,"Diverse Demographics, Average Customer Base"
2458,numeric,Numeric: ID 2458,7044,"Balanced Demographics, Average Customer",7047,"Diverse Demographics, Average Customer Base"
2459,numeric,Numeric: ID 2459,7046,"Neutral Demographic Mix, Partner Inclined",7047,"Diverse Demographics, Average Customer Base"
2460,numeric,Numeric: ID 2460,7046,"Neutral Demographic Mix, Partner Inclined",7047,"Diverse Demographics, Average Customer Base"
2461,numeric,Numeric: ID 2461,7046,"Neutral Demographic Mix, Partner Inclined",7047,"Diverse Demographics, Average Customer Base"
2462,numeric,Numeric: ID 2462,7046,"Neutral Demographic Mix, Partner Inclined",7047,"Diverse Demographics, Average Customer Base"
2463,numeric,Numeric: ID 2463,7044,"Balanced Demographics, Average Customer",7047,"Diverse Demographics, Average Customer Base"
2464,numeric,Numeric: ID 2464,7046,"Neutral Demographic Mix, Partner Inclined",7047,"Diverse Demographics, Average Customer Base"
2465,numeric,Numeric: ID 2465,7045,"Younger, Fewer Partners, Gender Balanced",7048,"Younger, Single Customers: Engagement Focus"
2466,numeric,Numeric: ID 2466,7046,"Neutral Demographic Mix, Partner Inclined",7047,"Diverse Demographics, Average Customer Base"
2467,numeric,Numeric: ID 2467,7044,"Balanced Demographics, Average Customer",7047,"Diverse Demographics, Average Customer Base"
2468,numeric,Numeric: ID 2468,7046,"Neutral Demographic Mix, Partner Inclined",7047,"Diverse Demographics, Average Customer Base"
2469,numeric,Numeric: ID 2469,7046,"Neutral Demographic Mix, Partner Inclined",7047,"Diverse Demographics, Average Customer Base"
2470,numeric,Numeric: ID 2470,7045,"Younger, Fewer Partners, Gender Balanced",7048,"Younger, Single Customers: Engagement Focus"
2471,numeric,Numeric: ID 2471,7045,"Younger, Fewer Partners, Gender Balanced",7048,"Younger, Single Customers: Engagement Focus"
2472,numeric,Numeric: ID 2472,7046,"Neutral Demographic Mix, Partner Inclined",7047,"Diverse Demographics, Average Customer Base"
2473,numeric,Numeric: ID 2473,7045,"Younger, Fewer Partners, Gender Balanced",7048,"Younger, Single Customers: Engagement Focus"
2474,numeric,Numeric: ID 2474,7046,"Neutral Demographic Mix, Partner Inclined",7047,"Diverse Demographics, Average Customer Base"
2475,numeric,Numeric: ID 2475,7046,"Neutral Demographic Mix, Partner Inclined",7047,"Diverse Demographics, Average Customer Base"
2476,numeric,Numeric: ID 2476,7046,"Neutral Demographic Mix, Partner Inclined",7047,"Diverse Demographics, Average Customer Base"
2477,numeric,Numeric: ID 2477,7046,"Neutral Demographic Mix, Partner Inclined",7047,"Diverse Demographics, Average Customer Base"
2478,numeric,Numeric: ID 2478,7045,"Younger, Fewer Partners, Gender Balanced",7048,"Younger, Single Customers: Engagement Focus"
2479,numeric,Numeric: ID 2479,7044,"Balanced Demographics, Average Customer",7047,"Diverse Demographics, Average Customer Base"
2480,numeric,Numeric: ID 2480,7045,"Younger, Fewer Partners, Gender Balanced",7048,"Younger, Single Customers: Engagement Focus"
2481,numeric,Numeric: ID 2481,7046,"Neutral Demographic Mix, Partner Inclined",7047,"Diverse Demographics, Average Customer Base"
2482,numeric,Numeric: ID 2482,7046,"Neutral Demographic Mix, Partner Inclined",7047,"Diverse Demographics, Average Customer Base"
2483,numeric,Numeric: ID 2483,7046,"Neutral Demographic Mix, Partner Inclined",7047,"Diverse Demographics, Average Customer Base"
2484,numeric,Numeric: ID 2484,7046,"Neutral Demographic Mix, Partner Inclined",7047,"Diverse Demographics, Average Customer Base"
2485,numeric,Numeric: ID 2485,7046,"Neutral Demographic Mix, Partner Inclined",7047,"Diverse Demographics, Average Customer Base"
2486,numeric,Numeric: ID 2486,7046,"Neutral Demographic Mix, Partner Inclined",7047,"Diverse Demographics, Average Customer Base"
2487,numeric,Numeric: ID 2487,7046,"Neutral Demographic Mix, Partner Inclined",7047,"Diverse Demographics, Average Customer Base"
2488,numeric,Numeric: ID 2488,7045,"Younger, Fewer Partners, Gender Balanced",7048,"Younger, Single Customers: Engagement Focus"
2489,numeric,Numeric: ID 2489,7045,"Younger, Fewer Partners, Gender Balanced",7048,"Younger, Single Customers: Engagement Focus"
2490,numeric,Numeric: ID 2490,7044,"Balanced Demographics, Average Customer",7047,"Diverse Demographics, Average Customer Base"
2491,numeric,Numeric: ID 2491,7045,"Younger, Fewer Partners, Gender Balanced",7048,"Younger, Single Customers: Engagement Focus"
2492,numeric,Numeric: ID 2492,7046,"Neutral Demographic Mix, Partner Inclined",7047,"Diverse Demographics, Average Customer Base"
2493,numeric,Numeric: ID 2493,7046,"Neutral Demographic Mix, Partner Inclined",7047,"Diverse Demographics, Average Customer Base"
2494,numeric,Numeric: ID 2494,7046,"Neutral Demographic Mix, Partner Inclined",7047,"Diverse Demographics, Average Customer Base"
2495,numeric,Numeric: ID 2495,7046,"Neutral Demographic Mix, Partner Inclined",7047,"Diverse Demographics, Average Customer Base"
2496,numeric,Numeric: ID 2496,7046,"Neutral Demographic Mix, Partner Inclined",7047,"Diverse Demographics, Average Customer Base"
2497,numeric,Numeric: ID 2497,7045,"Younger, Fewer Partners, Gender Balanced",7048,"Younger, Single Customers: Engagement Focus"
2498,numeric,Numeric: ID 2498,7046,"Neutral Demographic Mix, Partner Inclined",7047,"Diverse Demographics, Average Customer Base"
2499,numeric,Numeric: ID 2499,7044,"Balanced Demographics, Average Customer",7047,"Diverse Demographics, Average Customer Base"
2500,numeric,Numeric: ID 2500,7045,"Younger, Fewer Partners, Gender Balanced",7048,"Younger, Single Customers: Engagement Focus"
2501,numeric,Numeric: ID 2501,7046,"Neutral Demographic Mix, Partner Inclined",7047,"Diverse Demographics, Average Customer Base"
2502,numeric,Numeric: ID 2502,7044,"Balanced Demographics, Average Customer",7047,"Diverse Demographics, Average Customer Base"
2503,numeric,Numeric: ID 2503,7046,"Neutral Demographic Mix, Partner Inclined",7047,"Diverse Demographics, Average Customer Base"
2504,numeric,Numeric: ID 2504,7046,"Neutral Demographic Mix, Partner Inclined",7047,"Diverse Demographics, Average Customer Base"
2505,numeric,Numeric: ID 2505,7046,"Neutral Demographic Mix, Partner Inclined",7047,"Diverse Demographics, Average Customer Base"
2506,numeric,Numeric: ID 2506,7046,"Neutral Demographic Mix, Partner Inclined",7047,"Diverse Demographics, Average Customer Base"
2507,numeric,Numeric: ID 2507,7045,"Younger, Fewer Partners, Gender Balanced",7048,"Younger, Single Customers: Engagement Focus"
2508,numeric,Numeric: ID 2508,7046,"Neutral Demographic Mix, Partner Inclined",7047,"Diverse Demographics, Average Customer Base"
2509,numeric,Numeric: ID 2509,7045,"Younger, Fewer Partners, Gender Balanced",7048,"Younger, Single Customers: Engagement Focus"
2510,numeric,Numeric: ID 2510,7046,"Neutral Demographic Mix, Partner Inclined",7047,"Diverse Demographics, Average Customer Base"
2511,numeric,Numeric: ID 2511,7046,"Neutral Demographic Mix, Partner Inclined",7047,"Diverse Demographics, Average Customer Base"
2512,numeric,Numeric: ID 2512,7044,"Balanced Demographics, Average Customer",7047,"Diverse Demographics, Average Customer Base"
2513,numeric,Numeric: ID 2513,7045,"Younger, Fewer Partners, Gender Balanced",7048,"Younger, Single Customers: Engagement Focus"
2514,numeric,Numeric: ID 2514,7046,"Neutral Demographic Mix, Partner Inclined",7047,"Diverse Demographics, Average Customer Base"
2515,numeric,Numeric: ID 2515,7044,"Balanced Demographics, Average Customer",7047,"Diverse Demographics, Average Customer Base"
2516,numeric,Numeric: ID 2516,7045,"Younger, Fewer Partners, Gender Balanced",7048,"Younger, Single Customers: Engagement Focus"
2517,numeric,Numeric: ID 2517,7045,"Younger, Fewer Partners, Gender Balanced",7048,"Younger, Single Customers: Engagement Focus"
2518,numeric,Numeric: ID 2518,7046,"Neutral Demographic Mix, Partner Inclined",7047,"Diverse Demographics, Average Customer Base"
2519,numeric,Numeric: ID 2519,7046,"Neutral Demographic Mix, Partner Inclined",7047,"Diverse Demographics, Average Customer Base"
2520,numeric,Numeric: ID 2520,7045,"Younger, Fewer Partners, Gender Balanced",7048,"Younger, Single Customers: Engagement Focus"
2521,numeric,Numeric: ID 2521,7046,"Neutral Demographic Mix, Partner Inclined",7047,"Diverse Demographics, Average Customer Base"
2522,numeric,Numeric: ID 2522,7044,"Balanced Demographics, Average Customer",7047,"Diverse Demographics, Average Customer Base"
2523,numeric,Numeric: ID 2523,7044,"Balanced Demographics, Average Customer",7047,"Diverse Demographics, Average Customer Base"
2524,numeric,Numeric: ID 2524,7046,"Neutral Demographic Mix, Partner Inclined",7047,"Diverse Demographics, Average Customer Base"
2525,numeric,Numeric: ID 2525,7046,"Neutral Demographic Mix, Partner Inclined",7047,"Diverse Demographics, Average Customer Base"
2526,numeric,Numeric: ID 2526,7045,"Younger, Fewer Partners, Gender Balanced",7048,"Younger, Single Customers: Engagement Focus"
2527,numeric,Numeric: ID 2527,7046,"Neutral Demographic Mix, Partner Inclined",7047,"Diverse Demographics, Average Customer Base"
2528,numeric,Numeric: ID 2528,7044,"Balanced Demographics, Average Customer",7047,"Diverse Demographics, Average Customer Base"
2529,numeric,Numeric: ID 2529,7045,"Younger, Fewer Partners, Gender Balanced",7048,"Younger, Single Customers: Engagement Focus"
2530,numeric,Numeric: ID 2530,7046,"Neutral Demographic Mix, Partner Inclined",7047,"Diverse Demographics, Average Customer Base"
2531,numeric,Numeric: ID 2531,7046,"Neutral Demographic Mix, Partner Inclined",7047,"Diverse Demographics, Average Customer Base"
2532,numeric,Numeric: ID 2532,7046,"Neutral Demographic Mix, Partner Inclined",7047,"Diverse Demographics, Average Customer Base"
2533,numeric,Numeric: ID 2533,7046,"Neutral Demographic Mix, Partner Inclined",7047,"Diverse Demographics, Average Customer Base"
2534,numeric,Numeric: ID 2534,7046,"Neutral Demographic Mix, Partner Inclined",7047,"Diverse Demographics, Average Customer Base"
2535,numeric,Numeric: ID 2535,7046,"Neutral Demographic Mix, Partner Inclined",7047,"Diverse Demographics, Average Customer Base"
2536,numeric,Numeric: ID 2536,7046,"Neutral Demographic Mix, Partner Inclined",7047,"Diverse Demographics, Average Customer Base"
2537,numeric,Numeric: ID 2537,7046,"Neutral Demographic Mix, Partner Inclined",7047,"Diverse Demographics, Average Customer Base"
2538,numeric,Numeric: ID 2538,7046,"Neutral Demographic Mix, Partner Inclined",7047,"Diverse Demographics, Average Customer Base"
2539,numeric,Numeric: ID 2539,7046,"Neutral Demographic Mix, Partner Inclined",7047,"Diverse Demographics, Average Customer Base"
2540,numeric,Numeric: ID 2540,7045,"Younger, Fewer Partners, Gender Balanced",7048,"Younger, Single Customers: Engagement Focus"
2541,numeric,Numeric: ID 2541,7046,"Neutral Demographic Mix, Partner Inclined",7047,"Diverse Demographics, Average Customer Base"
2542,numeric,Numeric: ID 2542,7046,"Neutral Demographic Mix, Partner Inclined",7047,"Diverse Demographics, Average Customer Base"
2543,numeric,Numeric: ID 2543,7046,"Neutral Demographic Mix, Partner Inclined",7047,"Diverse Demographics, Average Customer Base"
2544,numeric,Numeric: ID 2544,7046,"Neutral Demographic Mix, Partner Inclined",7047,"Diverse Demographics, Average Customer Base"
2545,numeric,Numeric: ID 2545,7045,"Younger, Fewer Partners, Gender Balanced",7048,"Younger, Single Customers: Engagement Focus"
2546,numeric,Numeric: ID 2546,7046,"Neutral Demographic Mix, Partner Inclined",7047,"Diverse Demographics, Average Customer Base"
2547,numeric,Numeric: ID 2547,7046,"Neutral Demographic Mix, Partner Inclined",7047,"Diverse Demographics, Average Customer Base"
2548,numeric,Numeric: ID 2548,7046,"Neutral Demographic Mix, Partner Inclined",7047,"Diverse Demographics, Average Customer Base"
2549,numeric,Numeric: ID 2549,7045,"Younger, Fewer Partners, Gender Balanced",7048,"Younger, Single Customers: Engagement Focus"
2550,numeric,Numeric: ID 2550,7045,"Younger, Fewer Partners, Gender Balanced",7048,"Younger, Single Customers: Engagement Focus"
2551,numeric,Numeric: ID 2551,7046,"Neutral Demographic Mix, Partner Inclined",7047,"Diverse Demographics, Average Customer Base"
2552,numeric,Numeric: ID 2552,7044,"Balanced Demographics, Average Customer",7047,"Diverse Demographics, Average Customer Base"
2553,numeric,Numeric: ID 2553,7046,"Neutral Demographic Mix, Partner Inclined",7047,"Diverse Demographics, Average Customer Base"
2554,numeric,Numeric: ID 2554,7046,"Neutral Demographic Mix, Partner Inclined",7047,"Diverse Demographics, Average Customer Base"
2555,numeric,Numeric: ID 2555,7045,"Younger, Fewer Partners, Gender Balanced",7048,"Younger, Single Customers: Engagement Focus"
2556,numeric,Numeric: ID 2556,7045,"Younger, Fewer Partners, Gender Balanced",7048,"Younger, Single Customers: Engagement Focus"
2557,numeric,Numeric: ID 2557,7046,"Neutral Demographic Mix, Partner Inclined",7047,"Diverse Demographics, Average Customer Base"
2558,numeric,Numeric: ID 2558,7046,"Neutral Demographic Mix, Partner Inclined",7047,"Diverse Demographics, Average Customer Base"
2559,numeric,Numeric: ID 2559,7046,"Neutral Demographic Mix, Partner Inclined",7047,"Diverse Demographics, Average Customer Base"
2560,numeric,Numeric: ID 2560,7046,"Neutral Demographic Mix, Partner Inclined",7047,"Diverse Demographics, Average Customer Base"
2561,numeric,Numeric: ID 2561,7046,"Neutral Demographic Mix, Partner Inclined",7047,"Diverse Demographics, Average Customer Base"
2562,numeric,Numeric: ID 2562,7046,"Neutral Demographic Mix, Partner Inclined",7047,"Diverse Demographics, Average Customer Base"
2563,numeric,Numeric: ID 2563,7046,"Neutral Demographic Mix, Partner Inclined",7047,"Diverse Demographics, Average Customer Base"
2564,numeric,Numeric: ID 2564,7046,"Neutral Demographic Mix, Partner Inclined",7047,"Diverse Demographics, Average Customer Base"
2565,numeric,Numeric: ID 2565,7045,"Younger, Fewer Partners, Gender Balanced",7048,"Younger, Single Customers: Engagement Focus"
2566,numeric,Numeric: ID 2566,7044,"Balanced Demographics, Average Customer",7047,"Diverse Demographics, Average Customer Base"
2567,numeric,Numeric: ID 2567,7046,"Neutral Demographic Mix, Partner Inclined",7047,"Diverse Demographics, Average Customer Base"
2568,numeric,Numeric: ID 2568,7046,"Neutral Demographic Mix, Partner Inclined",7047,"Diverse Demographics, Average Customer Base"
2569,numeric,Numeric: ID 2569,7046,"Neutral Demographic Mix, Partner Inclined",7047,"Diverse Demographics, Average Customer Base"
2570,numeric,Numeric: ID 2570,7045,"Younger, Fewer Partners, Gender Balanced",7048,"Younger, Single Customers: Engagement Focus"
2571,numeric,Numeric: ID 2571,7045,"Younger, Fewer Partners, Gender Balanced",7048,"Younger, Single Customers: Engagement Focus"
2572,numeric,Numeric: ID 2572,7044,"Balanced Demographics, Average Customer",7047,"Diverse Demographics, Average Customer Base"
2573,numeric,Numeric: ID 2573,7046,"Neutral Demographic Mix, Partner Inclined",7047,"Diverse Demographics, Average Customer Base"
2574,numeric,Numeric: ID 2574,7044,"Balanced Demographics, Average Customer",7047,"Diverse Demographics, Average Customer Base"
2575,numeric,Numeric: ID 2575,7046,"Neutral Demographic Mix, Partner Inclined",7047,"Diverse Demographics, Average Customer Base"
2576,numeric,Numeric: ID 2576,7045,"Younger, Fewer Partners, Gender Balanced",7048,"Younger, Single Customers: Engagement Focus"
2577,numeric,Numeric: ID 2577,7046,"Neutral Demographic Mix, Partner Inclined",7047,"Diverse Demographics, Average Customer Base"
2578,numeric,Numeric: ID 2578,7045,"Younger, Fewer Partners, Gender Balanced",7048,"Younger, Single Customers: Engagement Focus"
2579,numeric,Numeric: ID 2579,7046,"Neutral Demographic Mix, Partner Inclined",7047,"Diverse Demographics, Average Customer Base"
2580,numeric,Numeric: ID 2580,7046,"Neutral Demographic Mix, Partner Inclined",7047,"Diverse Demographics, Average Customer Base"
2581,numeric,Numeric: ID 2581,7046,"Neutral Demographic Mix, Partner Inclined",7047,"Diverse Demographics, Average Customer Base"
2582,numeric,Numeric: ID 2582,7046,"Neutral Demographic Mix, Partner Inclined",7047,"Diverse Demographics, Average Customer Base"
2583,numeric,Numeric: ID 2583,7045,"Younger, Fewer Partners, Gender Balanced",7048,"Younger, Single Customers: Engagement Focus"
2584,numeric,Numeric: ID 2584,7046,"Neutral Demographic Mix, Partner Inclined",7047,"Diverse Demographics, Average Customer Base"
2585,numeric,Numeric: ID 2585,7046,"Neutral Demographic Mix, Partner Inclined",7047,"Diverse Demographics, Average Customer Base"
2586,numeric,Numeric: ID 2586,7046,"Neutral Demographic Mix, Partner Inclined",7047,"Diverse Demographics, Average Customer Base"
2587,numeric,Numeric: ID 2587,7044,"Balanced Demographics, Average Customer",7047,"Diverse Demographics, Average Customer Base"
2588,numeric,Numeric: ID 2588,7045,"Younger, Fewer Partners, Gender Balanced",7048,"Younger, Single Customers: Engagement Focus"
2589,numeric,Numeric: ID 2589,7046,"Neutral Demographic Mix, Partner Inclined",7047,"Diverse Demographics, Average Customer Base"
2590,numeric,Numeric: ID 2590,7046,"Neutral Demographic Mix, Partner Inclined",7047,"Diverse Demographics, Average Customer Base"
2591,numeric,Numeric: ID 2591,7045,"Younger, Fewer Partners, Gender Balanced",7048,"Younger, Single Customers: Engagement Focus"
2592,numeric,Numeric: ID 2592,7046,"Neutral Demographic Mix, Partner Inclined",7047,"Diverse Demographics, Average Customer Base"
2593,numeric,Numeric: ID 2593,7046,"Neutral Demographic Mix, Partner Inclined",7047,"Diverse Demographics, Average Customer Base"
2594,numeric,Numeric: ID 2594,7046,"Neutral Demographic Mix, Partner Inclined",7047,"Diverse Demographics, Average Customer Base"
2595,numeric,Numeric: ID 2595,7046,"Neutral Demographic Mix, Partner Inclined",7047,"Diverse Demographics, Average Customer Base"
2596,numeric,Numeric: ID 2596,7046,"Neutral Demographic Mix, Partner Inclined",7047,"Diverse Demographics, Average Customer Base"
2597,numeric,Numeric: ID 2597,7046,"Neutral Demographic Mix, Partner Inclined",7047,"Diverse Demographics, Average Customer Base"
2598,numeric,Numeric: ID 2598,7045,"Younger, Fewer Partners, Gender Balanced",7048,"Younger, Single Customers: Engagement Focus"
2599,numeric,Numeric: ID 2599,7045,"Younger, Fewer Partners, Gender Balanced",7048,"Younger, Single Customers: Engagement Focus"
2600,numeric,Numeric: ID 2600,7046,"Neutral Demographic Mix, Partner Inclined",7047,"Diverse Demographics, Average Customer Base"
2601,numeric,Numeric: ID 2601,7045,"Younger, Fewer Partners, Gender Balanced",7048,"Younger, Single Customers: Engagement Focus"
2602,numeric,Numeric: ID 2602,7046,"Neutral Demographic Mix, Partner Inclined",7047,"Diverse Demographics, Average Customer Base"
2603,numeric,Numeric: ID 2603,7045,"Younger, Fewer Partners, Gender Balanced",7048,"Younger, Single Customers: Engagement Focus"
2604,numeric,Numeric: ID 2604,7045,"Younger, Fewer Partners, Gender Balanced",7048,"Younger, Single Customers: Engagement Focus"
2605,numeric,Numeric: ID 2605,7045,"Younger, Fewer Partners, Gender Balanced",7048,"Younger, Single Customers: Engagement Focus"
2606,numeric,Numeric: ID 2606,7046,"Neutral Demographic Mix, Partner Inclined",7047,"Diverse Demographics, Average Customer Base"
2607,numeric,Numeric: ID 2607,7045,"Younger, Fewer Partners, Gender Balanced",7048,"Younger, Single Customers: Engagement Focus"
2608,numeric,Numeric: ID 2608,7045,"Younger, Fewer Partners, Gender Balanced",7048,"Younger, Single Customers: Engagement Focus"
2609,numeric,Numeric: ID 2609,7045,"Younger, Fewer Partners, Gender Balanced",7048,"Younger, Single Customers: Engagement Focus"
2610,numeric,Numeric: ID 2610,7045,"Younger, Fewer Partners, Gender Balanced",7048,"Younger, Single Customers: Engagement Focus"
2611,numeric,Numeric: ID 2611,7045,"Younger, Fewer Partners, Gender Balanced",7048,"Younger, Single Customers: Engagement Focus"
2612,numeric,Numeric: ID 2612,7046,"Neutral Demographic Mix, Partner Inclined",7047,"Diverse Demographics, Average Customer Base"
2613,numeric,Numeric: ID 2613,7046,"Neutral Demographic Mix, Partner Inclined",7047,"Diverse Demographics, Average Customer Base"
2614,numeric,Numeric: ID 2614,7045,"Younger, Fewer Partners, Gender Balanced",7048,"Younger, Single Customers: Engagement Focus"
2615,numeric,Numeric: ID 2615,7045,"Younger, Fewer Partners, Gender Balanced",7048,"Younger, Single Customers: Engagement Focus"
2616,numeric,Numeric: ID 2616,7046,"Neutral Demographic Mix, Partner Inclined",7047,"Diverse Demographics, Average Customer Base"
2617,numeric,Numeric: ID 2617,7045,"Younger, Fewer Partners, Gender Balanced",7048,"Younger, Single Customers: Engagement Focus"
2618,numeric,Numeric: ID 2618,7046,"Neutral Demographic Mix, Partner Inclined",7047,"Diverse Demographics, Average Customer Base"
2619,numeric,Numeric: ID 2619,7044,"Balanced Demographics, Average Customer",7047,"Diverse Demographics, Average Customer Base"
2620,numeric,Numeric: ID 2620,7046,"Neutral Demographic Mix, Partner Inclined",7047,"Diverse Demographics, Average Customer Base"
2621,numeric,Numeric: ID 2621,7046,"Neutral Demographic Mix, Partner Inclined",7047,"Diverse Demographics, Average Customer Base"
2622,numeric,Numeric: ID 2622,7046,"Neutral Demographic Mix, Partner Inclined",7047,"Diverse Demographics, Average Customer Base"
2623,numeric,Numeric: ID 2623,7045,"Younger, Fewer Partners, Gender Balanced",7048,"Younger, Single Customers: Engagement Focus"
2624,numeric,Numeric: ID 2624,7044,"Balanced Demographics, Average Customer",7047,"Diverse Demographics, Average Customer Base"
2625,numeric,Numeric: ID 2625,7045,"Younger, Fewer Partners, Gender Balanced",7048,"Younger, Single Customers: Engagement Focus"
2626,numeric,Numeric: ID 2626,7046,"Neutral Demographic Mix, Partner Inclined",7047,"Diverse Demographics, Average Customer Base"
2627,numeric,Numeric: ID 2627,7046,"Neutral Demographic Mix, Partner Inclined",7047,"Diverse Demographics, Average Customer Base"
2628,numeric,Numeric: ID 2628,7046,"Neutral Demographic Mix, Partner Inclined",7047,"Diverse Demographics, Average Customer Base"
2629,numeric,Numeric: ID 2629,7046,"Neutral Demographic Mix, Partner Inclined",7047,"Diverse Demographics, Average Customer Base"
2630,numeric,Numeric: ID 2630,7046,"Neutral Demographic Mix, Partner Inclined",7047,"Diverse Demographics, Average Customer Base"
2631,numeric,Numeric: ID 2631,7046,"Neutral Demographic Mix, Partner Inclined",7047,"Diverse Demographics, Average Customer Base"
2632,numeric,Numeric: ID 2632,7046,"Neutral Demographic Mix, Partner Inclined",7047,"Diverse Demographics, Average Customer Base"
2633,numeric,Numeric: ID 2633,7046,"Neutral Demographic Mix, Partner Inclined",7047,"Diverse Demographics, Average Customer Base"
2634,numeric,Numeric: ID 2634,7046,"Neutral Demographic Mix, Partner Inclined",7047,"Diverse Demographics, Average Customer Base"
2635,numeric,Numeric: ID 2635,7045,"Younger, Fewer Partners, Gender Balanced",7048,"Younger, Single Customers: Engagement Focus"
2636,numeric,Numeric: ID 2636,7046,"Neutral Demographic Mix, Partner Inclined",7047,"Diverse Demographics, Average Customer Base"
2637,numeric,Numeric: ID 2637,7045,"Younger, Fewer Partners, Gender Balanced",7048,"Younger, Single Customers: Engagement Focus"
2638,numeric,Numeric: ID 2638,7046,"Neutral Demographic Mix, Partner Inclined",7047,"Diverse Demographics, Average Customer Base"
2639,numeric,Numeric: ID 2639,7044,"Balanced Demographics, Average Customer",7047,"Diverse Demographics, Average Customer Base"
2640,numeric,Numeric: ID 2640,7046,"Neutral Demographic Mix, Partner Inclined",7047,"Diverse Demographics, Average Customer Base"
2641,numeric,Numeric: ID 2641,7045,"Younger, Fewer Partners, Gender Balanced",7048,"Younger, Single Customers: Engagement Focus"
2642,numeric,Numeric: ID 2642,7046,"Neutral Demographic Mix, Partner Inclined",7047,"Diverse Demographics, Average Customer Base"
2643,numeric,Numeric: ID 2643,7046,"Neutral Demographic Mix, Partner Inclined",7047,"Diverse Demographics, Average Customer Base"
2644,numeric,Numeric: ID 2644,7046,"Neutral Demographic Mix, Partner Inclined",7047,"Diverse Demographics, Average Customer Base"
2645,numeric,Numeric: ID 2645,7046,"Neutral Demographic Mix, Partner Inclined",7047,"Diverse Demographics, Average Customer Base"
2646,numeric,Numeric: ID 2646,7046,"Neutral Demographic Mix, Partner Inclined",7047,"Diverse Demographics, Average Customer Base"
2647,numeric,Numeric: ID 2647,7045,"Younger, Fewer Partners, Gender Balanced",7048,"Younger, Single Customers: Engagement Focus"
2648,numeric,Numeric: ID 2648,7044,"Balanced Demographics, Average Customer",7047,"Diverse Demographics, Average Customer Base"
2649,numeric,Numeric: ID 2649,7046,"Neutral Demographic Mix, Partner Inclined",7047,"Diverse Demographics, Average Customer Base"
2650,numeric,Numeric: ID 2650,7045,"Younger, Fewer Partners, Gender Balanced",7048,"Younger, Single Customers: Engagement Focus"
2651,numeric,Numeric: ID 2651,7045,"Younger, Fewer Partners, Gender Balanced",7048,"Younger, Single Customers: Engagement Focus"
2652,numeric,Numeric: ID 2652,7046,"Neutral Demographic Mix, Partner Inclined",7047,"Diverse Demographics, Average Customer Base"
2653,numeric,Numeric: ID 2653,7046,"Neutral Demographic Mix, Partner Inclined",7047,"Diverse Demographics, Average Customer Base"
2654,numeric,Numeric: ID 2654,7046,"Neutral Demographic Mix, Partner Inclined",7047,"Diverse Demographics, Average Customer Base"
2655,numeric,Numeric: ID 2655,7046,"Neutral Demographic Mix, Partner Inclined",7047,"Diverse Demographics, Average Customer Base"
2656,numeric,Numeric: ID 2656,7045,"Younger, Fewer Partners, Gender Balanced",7048,"Younger, Single Customers: Engagement Focus"
2657,numeric,Numeric: ID 2657,7046,"Neutral Demographic Mix, Partner Inclined",7047,"Diverse Demographics, Average Customer Base"
2658,numeric,Numeric: ID 2658,7046,"Neutral Demographic Mix, Partner Inclined",7047,"Diverse Demographics, Average Customer Base"
2659,numeric,Numeric: ID 2659,7044,"Balanced Demographics, Average Customer",7047,"Diverse Demographics, Average Customer Base"
2660,numeric,Numeric: ID 2660,7045,"Younger, Fewer Partners, Gender Balanced",7048,"Younger, Single Customers: Engagement Focus"
2661,numeric,Numeric: ID 2661,7046,"Neutral Demographic Mix, Partner Inclined",7047,"Diverse Demographics, Average Customer Base"
2662,numeric,Numeric: ID 2662,7045,"Younger, Fewer Partners, Gender Balanced",7048,"Younger, Single Customers: Engagement Focus"
2663,numeric,Numeric: ID 2663,7046,"Neutral Demographic Mix, Partner Inclined",7047,"Diverse Demographics, Average Customer Base"
2664,numeric,Numeric: ID 2664,7046,"Neutral Demographic Mix, Partner Inclined",7047,"Diverse Demographics, Average Customer Base"
2665,numeric,Numeric: ID 2665,7045,"Younger, Fewer Partners, Gender Balanced",7048,"Younger, Single Customers: Engagement Focus"
2666,numeric,Numeric: ID 2666,7046,"Neutral Demographic Mix, Partner Inclined",7047,"Diverse Demographics, Average Customer Base"
2667,numeric,Numeric: ID 2667,7045,"Younger, Fewer Partners, Gender Balanced",7048,"Younger, Single Customers: Engagement Focus"
2668,numeric,Numeric: ID 2668,7045,"Younger, Fewer Partners, Gender Balanced",7048,"Younger, Single Customers: Engagement Focus"
2669,numeric,Numeric: ID 2669,7046,"Neutral Demographic Mix, Partner Inclined",7047,"Diverse Demographics, Average Customer Base"
2670,numeric,Numeric: ID 2670,7046,"Neutral Demographic Mix, Partner Inclined",7047,"Diverse Demographics, Average Customer Base"
2671,numeric,Numeric: ID 2671,7046,"Neutral Demographic Mix, Partner Inclined",7047,"Diverse Demographics, Average Customer Base"
2672,numeric,Numeric: ID 2672,7046,"Neutral Demographic Mix, Partner Inclined",7047,"Diverse Demographics, Average Customer Base"
2673,numeric,Numeric: ID 2673,7046,"Neutral Demographic Mix, Partner Inclined",7047,"Diverse Demographics, Average Customer Base"
2674,numeric,Numeric: ID 2674,7046,"Neutral Demographic Mix, Partner Inclined",7047,"Diverse Demographics, Average Customer Base"
2675,numeric,Numeric: ID 2675,7046,"Neutral Demographic Mix, Partner Inclined",7047,"Diverse Demographics, Average Customer Base"
2676,numeric,Numeric: ID 2676,7046,"Neutral Demographic Mix, Partner Inclined",7047,"Diverse Demographics, Average Customer Base"
2677,numeric,Numeric: ID 2677,7046,"Neutral Demographic Mix, Partner Inclined",7047,"Diverse Demographics, Average Customer Base"
2678,numeric,Numeric: ID 2678,7046,"Neutral Demographic Mix, Partner Inclined",7047,"Diverse Demographics, Average Customer Base"
2679,numeric,Numeric: ID 2679,7046,"Neutral Demographic Mix, Partner Inclined",7047,"Diverse Demographics, Average Customer Base"
2680,numeric,Numeric: ID 2680,7045,"Younger, Fewer Partners, Gender Balanced",7048,"Younger, Single Customers: Engagement Focus"
2681,numeric,Numeric: ID 2681,7045,"Younger, Fewer Partners, Gender Balanced",7048,"Younger, Single Customers: Engagement Focus"
2682,numeric,Numeric: ID 2682,7046,"Neutral Demographic Mix, Partner Inclined",7047,"Diverse Demographics, Average Customer Base"
2683,numeric,Numeric: ID 2683,7045,"Younger, Fewer Partners, Gender Balanced",7048,"Younger, Single Customers: Engagement Focus"
2684,numeric,Numeric: ID 2684,7046,"Neutral Demographic Mix, Partner Inclined",7047,"Diverse Demographics, Average Customer Base"
2685,numeric,Numeric: ID 2685,7046,"Neutral Demographic Mix, Partner Inclined",7047,"Diverse Demographics, Average Customer Base"
2686,numeric,Numeric: ID 2686,7045,"Younger, Fewer Partners, Gender Balanced",7048,"Younger, Single Customers: Engagement Focus"
2687,numeric,Numeric: ID 2687,7045,"Younger, Fewer Partners, Gender Balanced",7048,"Younger, Single Customers: Engagement Focus"
2688,numeric,Numeric: ID 2688,7046,"Neutral Demographic Mix, Partner Inclined",7047,"Diverse Demographics, Average Customer Base"
2689,numeric,Numeric: ID 2689,7044,"Balanced Demographics, Average Customer",7047,"Diverse Demographics, Average Customer Base"
2690,numeric,Numeric: ID 2690,7046,"Neutral Demographic Mix, Partner Inclined",7047,"Diverse Demographics, Average Customer Base"
2691,numeric,Numeric: ID 2691,7046,"Neutral Demographic Mix, Partner Inclined",7047,"Diverse Demographics, Average Customer Base"
2692,numeric,Numeric: ID 2692,7046,"Neutral Demographic Mix, Partner Inclined",7047,"Diverse Demographics, Average Customer Base"
2693,numeric,Numeric: ID 2693,7045,"Younger, Fewer Partners, Gender Balanced",7048,"Younger, Single Customers: Engagement Focus"
2694,numeric,Numeric: ID 2694,7046,"Neutral Demographic Mix, Partner Inclined",7047,"Diverse Demographics, Average Customer Base"
2695,numeric,Numeric: ID 2695,7046,"Neutral Demographic Mix, Partner Inclined",7047,"Diverse Demographics, Average Customer Base"
2696,numeric,Numeric: ID 2696,7044,"Balanced Demographics, Average Customer",7047,"Diverse Demographics, Average Customer Base"
2697,numeric,Numeric: ID 2697,7046,"Neutral Demographic Mix, Partner Inclined",7047,"Diverse Demographics, Average Customer Base"
2698,numeric,Numeric: ID 2698,7046,"Neutral Demographic Mix, Partner Inclined",7047,"Diverse Demographics, Average Customer Base"
2699,numeric,Numeric: ID 2699,7046,"Neutral Demographic Mix, Partner Inclined",7047,"Diverse Demographics, Average Customer Base"
2700,numeric,Numeric: ID 2700,7046,"Neutral Demographic Mix, Partner Inclined",7047,"Diverse Demographics, Average Customer Base"
2701,numeric,Numeric: ID 2701,7046,"Neutral Demographic Mix, Partner Inclined",7047,"Diverse Demographics, Average Customer Base"
2702,numeric,Numeric: ID 2702,7045,"Younger, Fewer Partners, Gender Balanced",7048,"Younger, Single Customers: Engagement Focus"
2703,numeric,Numeric: ID 2703,7046,"Neutral Demographic Mix, Partner Inclined",7047,"Diverse Demographics, Average Customer Base"
2704,numeric,Numeric: ID 2704,7045,"Younger, Fewer Partners, Gender Balanced",7048,"Younger, Single Customers: Engagement Focus"
2705,numeric,Numeric: ID 2705,7045,"Younger, Fewer Partners, Gender Balanced",7048,"Younger, Single Customers: Engagement Focus"
2706,numeric,Numeric: ID 2706,7046,"Neutral Demographic Mix, Partner Inclined",7047,"Diverse Demographics, Average Customer Base"
2707,numeric,Numeric: ID 2707,7046,"Neutral Demographic Mix, Partner Inclined",7047,"Diverse Demographics, Average Customer Base"
2708,numeric,Numeric: ID 2708,7045,"Younger, Fewer Partners, Gender Balanced",7048,"Younger, Single Customers: Engagement Focus"
2709,numeric,Numeric: ID 2709,7045,"Younger, Fewer Partners, Gender Balanced",7048,"Younger, Single Customers: Engagement Focus"
2710,numeric,Numeric: ID 2710,7046,"Neutral Demographic Mix, Partner Inclined",7047,"Diverse Demographics, Average Customer Base"
2711,numeric,Numeric: ID 2711,7045,"Younger, Fewer Partners, Gender Balanced",7048,"Younger, Single Customers: Engagement Focus"
2712,numeric,Numeric: ID 2712,7046,"Neutral Demographic Mix, Partner Inclined",7047,"Diverse Demographics, Average Customer Base"
2713,numeric,Numeric: ID 2713,7045,"Younger, Fewer Partners, Gender Balanced",7048,"Younger, Single Customers: Engagement Focus"
2714,numeric,Numeric: ID 2714,7046,"Neutral Demographic Mix, Partner Inclined",7047,"Diverse Demographics, Average Customer Base"
2715,numeric,Numeric: ID 2715,7046,"Neutral Demographic Mix, Partner Inclined",7047,"Diverse Demographics, Average Customer Base"
2716,numeric,Numeric: ID 2716,7046,"Neutral Demographic Mix, Partner Inclined",7047,"Diverse Demographics, Average Customer Base"
2717,numeric,Numeric: ID 2717,7044,"Balanced Demographics, Average Customer",7047,"Diverse Demographics, Average Customer Base"
2718,numeric,Numeric: ID 2718,7046,"Neutral Demographic Mix, Partner Inclined",7047,"Diverse Demographics, Average Customer Base"
2719,numeric,Numeric: ID 2719,7044,"Balanced Demographics, Average Customer",7047,"Diverse Demographics, Average Customer Base"
2720,numeric,Numeric: ID 2720,7045,"Younger, Fewer Partners, Gender Balanced",7048,"Younger, Single Customers: Engagement Focus"
2721,numeric,Numeric: ID 2721,7046,"Neutral Demographic Mix, Partner Inclined",7047,"Diverse Demographics, Average Customer Base"
2722,numeric,Numeric: ID 2722,7046,"Neutral Demographic Mix, Partner Inclined",7047,"Diverse Demographics, Average Customer Base"
2723,numeric,Numeric: ID 2723,7045,"Younger, Fewer Partners, Gender Balanced",7048,"Younger, Single Customers: Engagement Focus"
2724,numeric,Numeric: ID 2724,7046,"Neutral Demographic Mix, Partner Inclined",7047,"Diverse Demographics, Average Customer Base"
2725,numeric,Numeric: ID 2725,7045,"Younger, Fewer Partners, Gender Balanced",7048,"Younger, Single Customers: Engagement Focus"
2726,numeric,Numeric: ID 2726,7046,"Neutral Demographic Mix, Partner Inclined",7047,"Diverse Demographics, Average Customer Base"
2727,numeric,Numeric: ID 2727,7046,"Neutral Demographic Mix, Partner Inclined",7047,"Diverse Demographics, Average Customer Base"
2728,numeric,Numeric: ID 2728,7046,"Neutral Demographic Mix, Partner Inclined",7047,"Diverse Demographics, Average Customer Base"
2729,numeric,Numeric: ID 2729,7046,"Neutral Demographic Mix, Partner Inclined",7047,"Diverse Demographics, Average Customer Base"
2730,numeric,Numeric: ID 2730,7046,"Neutral Demographic Mix, Partner Inclined",7047,"Diverse Demographics, Average Customer Base"
2731,numeric,Numeric: ID 2731,7045,"Younger, Fewer Partners, Gender Balanced",7048,"Younger, Single Customers: Engagement Focus"
2732,numeric,Numeric: ID 2732,7046,"Neutral Demographic Mix, Partner Inclined",7047,"Diverse Demographics, Average Customer Base"
2733,numeric,Numeric: ID 2733,7046,"Neutral Demographic Mix, Partner Inclined",7047,"Diverse Demographics, Average Customer Base"
2734,numeric,Numeric: ID 2734,7045,"Younger, Fewer Partners, Gender Balanced",7048,"Younger, Single Customers: Engagement Focus"
2735,numeric,Numeric: ID 2735,7044,"Balanced Demographics, Average Customer",7047,"Diverse Demographics, Average Customer Base"
2736,numeric,Numeric: ID 2736,7046,"Neutral Demographic Mix, Partner Inclined",7047,"Diverse Demographics, Average Customer Base"
2737,numeric,Numeric: ID 2737,7046,"Neutral Demographic Mix, Partner Inclined",7047,"Diverse Demographics, Average Customer Base"
2738,numeric,Numeric: ID 2738,7046,"Neutral Demographic Mix, Partner Inclined",7047,"Diverse Demographics, Average Customer Base"
2739,numeric,Numeric: ID 2739,7046,"Neutral Demographic Mix, Partner Inclined",7047,"Diverse Demographics, Average Customer Base"
2740,numeric,Numeric: ID 2740,7046,"Neutral Demographic Mix, Partner Inclined",7047,"Diverse Demographics, Average Customer Base"
2741,numeric,Numeric: ID 2741,7046,"Neutral Demographic Mix, Partner Inclined",7047,"Diverse Demographics, Average Customer Base"
2742,numeric,Numeric: ID 2742,7046,"Neutral Demographic Mix, Partner Inclined",7047,"Diverse Demographics, Average Customer Base"
2743,numeric,Numeric: ID 2743,7044,"Balanced Demographics, Average Customer",7047,"Diverse Demographics, Average Customer Base"
2744,numeric,Numeric: ID 2744,7046,"Neutral Demographic Mix, Partner Inclined",7047,"Diverse Demographics, Average Customer Base"
2745,numeric,Numeric: ID 2745,7046,"Neutral Demographic Mix, Partner Inclined",7047,"Diverse Demographics, Average Customer Base"
2746,numeric,Numeric: ID 2746,7046,"Neutral Demographic Mix, Partner Inclined",7047,"Diverse Demographics, Average Customer Base"
2747,numeric,Numeric: ID 2747,7046,"Neutral Demographic Mix, Partner Inclined",7047,"Diverse Demographics, Average Customer Base"
2748,numeric,Numeric: ID 2748,7046,"Neutral Demographic Mix, Partner Inclined",7047,"Diverse Demographics, Average Customer Base"
2749,numeric,Numeric: ID 2749,7046,"Neutral Demographic Mix, Partner Inclined",7047,"Diverse Demographics, Average Customer Base"
2750,numeric,Numeric: ID 2750,7046,"Neutral Demographic Mix, Partner Inclined",7047,"Diverse Demographics, Average Customer Base"
2751,numeric,Numeric: ID 2751,7046,"Neutral Demographic Mix, Partner Inclined",7047,"Diverse Demographics, Average Customer Base"
2752,numeric,Numeric: ID 2752,7046,"Neutral Demographic Mix, Partner Inclined",7047,"Diverse Demographics, Average Customer Base"
2753,numeric,Numeric: ID 2753,7046,"Neutral Demographic Mix, Partner Inclined",7047,"Diverse Demographics, Average Customer Base"
2754,numeric,Numeric: ID 2754,7046,"Neutral Demographic Mix, Partner Inclined",7047,"Diverse Demographics, Average Customer Base"
2755,numeric,Numeric: ID 2755,7046,"Neutral Demographic Mix, Partner Inclined",7047,"Diverse Demographics, Average Customer Base"
2756,numeric,Numeric: ID 2756,7045,"Younger, Fewer Partners, Gender Balanced",7048,"Younger, Single Customers: Engagement Focus"
2757,numeric,Numeric: ID 2757,7045,"Younger, Fewer Partners, Gender Balanced",7048,"Younger, Single Customers: Engagement Focus"
2758,numeric,Numeric: ID 2758,7046,"Neutral Demographic Mix, Partner Inclined",7047,"Diverse Demographics, Average Customer Base"
2759,numeric,Numeric: ID 2759,7046,"Neutral Demographic Mix, Partner Inclined",7047,"Diverse Demographics, Average Customer Base"
2760,numeric,Numeric: ID 2760,7046,"Neutral Demographic Mix, Partner Inclined",7047,"Diverse Demographics, Average Customer Base"
2761,numeric,Numeric: ID 2761,7045,"Younger, Fewer Partners, Gender Balanced",7048,"Younger, Single Customers: Engagement Focus"
2762,numeric,Numeric: ID 2762,7044,"Balanced Demographics, Average Customer",7047,"Diverse Demographics, Average Customer Base"
2763,numeric,Numeric: ID 2763,7046,"Neutral Demographic Mix, Partner Inclined",7047,"Diverse Demographics, Average Customer Base"
2764,numeric,Numeric: ID 2764,7046,"Neutral Demographic Mix, Partner Inclined",7047,"Diverse Demographics, Average Customer Base"
2765,numeric,Numeric: ID 2765,7046,"Neutral Demographic Mix, Partner Inclined",7047,"Diverse Demographics, Average Customer Base"
2766,numeric,Numeric: ID 2766,7046,"Neutral Demographic Mix, Partner Inclined",7047,"Diverse Demographics, Average Customer Base"
2767,numeric,Numeric: ID 2767,7045,"Younger, Fewer Partners, Gender Balanced",7048,"Younger, Single Customers: Engagement Focus"
2768,numeric,Numeric: ID 2768,7045,"Younger, Fewer Partners, Gender Balanced",7048,"Younger, Single Customers: Engagement Focus"
2769,numeric,Numeric: ID 2769,7045,"Younger, Fewer Partners, Gender Balanced",7048,"Younger, Single Customers: Engagement Focus"
2770,numeric,Numeric: ID 2770,7046,"Neutral Demographic Mix, Partner Inclined",7047,"Diverse Demographics, Average Customer Base"
2771,numeric,Numeric: ID 2771,7046,"Neutral Demographic Mix, Partner Inclined",7047,"Diverse Demographics, Average Customer Base"
2772,numeric,Numeric: ID 2772,7044,"Balanced Demographics, Average Customer",7047,"Diverse Demographics, Average Customer Base"
2773,numeric,Numeric: ID 2773,7046,"Neutral Demographic Mix, Partner Inclined",7047,"Diverse Demographics, Average Customer Base"
2774,numeric,Numeric: ID 2774,7045,"Younger, Fewer Partners, Gender Balanced",7048,"Younger, Single Customers: Engagement Focus"
2775,numeric,Numeric: ID 2775,7046,"Neutral Demographic Mix, Partner Inclined",7047,"Diverse Demographics, Average Customer Base"
2776,numeric,Numeric: ID 2776,7046,"Neutral Demographic Mix, Partner Inclined",7047,"Diverse Demographics, Average Customer Base"
2777,numeric,Numeric: ID 2777,7046,"Neutral Demographic Mix, Partner Inclined",7047,"Diverse Demographics, Average Customer Base"
2778,numeric,Numeric: ID 2778,7046,"Neutral Demographic Mix, Partner Inclined",7047,"Diverse Demographics, Average Customer Base"
2779,numeric,Numeric: ID 2779,7046,"Neutral Demographic Mix, Partner Inclined",7047,"Diverse Demographics, Average Customer Base"
2780,numeric,Numeric: ID 2780,7045,"Younger, Fewer Partners, Gender Balanced",7048,"Younger, Single Customers: Engagement Focus"
2781,numeric,Numeric: ID 2781,7046,"Neutral Demographic Mix, Partner Inclined",7047,"Diverse Demographics, Average Customer Base"
2782,numeric,Numeric: ID 2782,7046,"Neutral Demographic Mix, Partner Inclined",7047,"Diverse Demographics, Average Customer Base"
2783,numeric,Numeric: ID 2783,7045,"Younger, Fewer Partners, Gender Balanced",7048,"Younger, Single Customers: Engagement Focus"
2784,numeric,Numeric: ID 2784,7046,"Neutral Demographic Mix, Partner Inclined",7047,"Diverse Demographics, Average Customer Base"
2785,numeric,Numeric: ID 2785,7045,"Younger, Fewer Partners, Gender Balanced",7048,"Younger, Single Customers: Engagement Focus"
2786,numeric,Numeric: ID 2786,7046,"Neutral Demographic Mix, Partner Inclined",7047,"Diverse Demographics, Average Customer Base"
2787,numeric,Numeric: ID 2787,7044,"Balanced Demographics, Average Customer",7047,"Diverse Demographics, Average Customer Base"
2788,numeric,Numeric: ID 2788,7046,"Neutral Demographic Mix, Partner Inclined",7047,"Diverse Demographics, Average Customer Base"
2789,numeric,Numeric: ID 2789,7046,"Neutral Demographic Mix, Partner Inclined",7047,"Diverse Demographics, Average Customer Base"
2790,numeric,Numeric: ID 2790,7046,"Neutral Demographic Mix, Partner Inclined",7047,"Diverse Demographics, Average Customer Base"
2791,numeric,Numeric: ID 2791,7046,"Neutral Demographic Mix, Partner Inclined",7047,"Diverse Demographics, Average Customer Base"
2792,numeric,Numeric: ID 2792,7045,"Younger, Fewer Partners, Gender Balanced",7048,"Younger, Single Customers: Engagement Focus"
2793,numeric,Numeric: ID 2793,7046,"Neutral Demographic Mix, Partner Inclined",7047,"Diverse Demographics, Average Customer Base"
2794,numeric,Numeric: ID 2794,7046,"Neutral Demographic Mix, Partner Inclined",7047,"Diverse Demographics, Average Customer Base"
2795,numeric,Numeric: ID 2795,7044,"Balanced Demographics, Average Customer",7047,"Diverse Demographics, Average Customer Base"
2796,numeric,Numeric: ID 2796,7045,"Younger, Fewer Partners, Gender Balanced",7048,"Younger, Single Customers: Engagement Focus"
2797,numeric,Numeric: ID 2797,7046,"Neutral Demographic Mix, Partner Inclined",7047,"Diverse Demographics, Average Customer Base"
2798,numeric,Numeric: ID 2798,7046,"Neutral Demographic Mix, Partner Inclined",7047,"Diverse Demographics, Average Customer Base"
2799,numeric,Numeric: ID 2799,7046,"Neutral Demographic Mix, Partner Inclined",7047,"Diverse Demographics, Average Customer Base"
2800,numeric,Numeric: ID 2800,7046,"Neutral Demographic Mix, Partner Inclined",7047,"Diverse Demographics, Average Customer Base"
2801,numeric,Numeric: ID 2801,7046,"Neutral Demographic Mix, Partner Inclined",7047,"Diverse Demographics, Average Customer Base"
2802,numeric,Numeric: ID 2802,7046,"Neutral Demographic Mix, Partner Inclined",7047,"Diverse Demographics, Average Customer Base"
2803,numeric,Numeric: ID 2803,7046,"Neutral Demographic Mix, Partner Inclined",7047,"Diverse Demographics, Average Customer Base"
2804,numeric,Numeric: ID 2804,7046,"Neutral Demographic Mix, Partner Inclined",7047,"Diverse Demographics, Average Customer Base"
2805,numeric,Numeric: ID 2805,7045,"Younger, Fewer Partners, Gender Balanced",7048,"Younger, Single Customers: Engagement Focus"
2806,numeric,Numeric: ID 2806,7044,"Balanced Demographics, Average Customer",7047,"Diverse Demographics, Average Customer Base"
2807,numeric,Numeric: ID 2807,7045,"Younger, Fewer Partners, Gender Balanced",7048,"Younger, Single Customers: Engagement Focus"
2808,numeric,Numeric: ID 2808,7046,"Neutral Demographic Mix, Partner Inclined",7047,"Diverse Demographics, Average Customer Base"
2809,numeric,Numeric: ID 2809,7046,"Neutral Demographic Mix, Partner Inclined",7047,"Diverse Demographics, Average Customer Base"
2810,numeric,Numeric: ID 2810,7046,"Neutral Demographic Mix, Partner Inclined",7047,"Diverse Demographics, Average Customer Base"
2811,numeric,Numeric: ID 2811,7046,"Neutral Demographic Mix, Partner Inclined",7047,"Diverse Demographics, Average Customer Base"
2812,numeric,Numeric: ID 2812,7045,"Younger, Fewer Partners, Gender Balanced",7048,"Younger, Single Customers: Engagement Focus"
2813,numeric,Numeric: ID 2813,7044,"Balanced Demographics, Average Customer",7047,"Diverse Demographics, Average Customer Base"
2814,numeric,Numeric: ID 2814,7045,"Younger, Fewer Partners, Gender Balanced",7048,"Younger, Single Customers: Engagement Focus"
2815,numeric,Numeric: ID 2815,7046,"Neutral Demographic Mix, Partner Inclined",7047,"Diverse Demographics, Average Customer Base"
2816,numeric,Numeric: ID 2816,7045,"Younger, Fewer Partners, Gender Balanced",7048,"Younger, Single Customers: Engagement Focus"
2817,numeric,Numeric: ID 2817,7046,"Neutral Demographic Mix, Partner Inclined",7047,"Diverse Demographics, Average Customer Base"
2818,numeric,Numeric: ID 2818,7046,"Neutral Demographic Mix, Partner Inclined",7047,"Diverse Demographics, Average Customer Base"
2819,numeric,Numeric: ID 2819,7045,"Younger, Fewer Partners, Gender Balanced",7048,"Younger, Single Customers: Engagement Focus"
2820,numeric,Numeric: ID 2820,7046,"Neutral Demographic Mix, Partner Inclined",7047,"Diverse Demographics, Average Customer Base"
2821,numeric,Numeric: ID 2821,7046,"Neutral Demographic Mix, Partner Inclined",7047,"Diverse Demographics, Average Customer Base"
2822,numeric,Numeric: ID 2822,7045,"Younger, Fewer Partners, Gender Balanced",7048,"Younger, Single Customers: Engagement Focus"
2823,numeric,Numeric: ID 2823,7046,"Neutral Demographic Mix, Partner Inclined",7047,"Diverse Demographics, Average Customer Base"
2824,numeric,Numeric: ID 2824,7046,"Neutral Demographic Mix, Partner Inclined",7047,"Diverse Demographics, Average Customer Base"
2825,numeric,Numeric: ID 2825,7046,"Neutral Demographic Mix, Partner Inclined",7047,"Diverse Demographics, Average Customer Base"
2826,numeric,Numeric: ID 2826,7046,"Neutral Demographic Mix, Partner Inclined",7047,"Diverse Demographics, Average Customer Base"
2827,numeric,Numeric: ID 2827,7046,"Neutral Demographic Mix, Partner Inclined",7047,"Diverse Demographics, Average Customer Base"
2828,numeric,Numeric: ID 2828,7046,"Neutral Demographic Mix, Partner Inclined",7047,"Diverse Demographics, Average Customer Base"
2829,numeric,Numeric: ID 2829,7046,"Neutral Demographic Mix, Partner Inclined",7047,"Diverse Demographics, Average Customer Base"
2830,numeric,Numeric: ID 2830,7044,"Balanced Demographics, Average Customer",7047,"Diverse Demographics, Average Customer Base"
2831,numeric,Numeric: ID 2831,7046,"Neutral Demographic Mix, Partner Inclined",7047,"Diverse Demographics, Average Customer Base"
2832,numeric,Numeric: ID 2832,7046,"Neutral Demographic Mix, Partner Inclined",7047,"Diverse Demographics, Average Customer Base"
2833,numeric,Numeric: ID 2833,7046,"Neutral Demographic Mix, Partner Inclined",7047,"Diverse Demographics, Average Customer Base"
2834,numeric,Numeric: ID 2834,7045,"Younger, Fewer Partners, Gender Balanced",7048,"Younger, Single Customers: Engagement Focus"
2835,numeric,Numeric: ID 2835,7046,"Neutral Demographic Mix, Partner Inclined",7047,"Diverse Demographics, Average Customer Base"
2836,numeric,Numeric: ID 2836,7046,"Neutral Demographic Mix, Partner Inclined",7047,"Diverse Demographics, Average Customer Base"
2837,numeric,Numeric: ID 2837,7044,"Balanced Demographics, Average Customer",7047,"Diverse Demographics, Average Customer Base"
2838,numeric,Numeric: ID 2838,7046,"Neutral Demographic Mix, Partner Inclined",7047,"Diverse Demographics, Average Customer Base"
2839,numeric,Numeric: ID 2839,7045,"Younger, Fewer Partners, Gender Balanced",7048,"Younger, Single Customers: Engagement Focus"
2840,numeric,Numeric: ID 2840,7045,"Younger, Fewer Partners, Gender Balanced",7048,"Younger, Single Customers: Engagement Focus"
2841,numeric,Numeric: ID 2841,7045,"Younger, Fewer Partners, Gender Balanced",7048,"Younger, Single Customers: Engagement Focus"
2842,numeric,Numeric: ID 2842,7046,"Neutral Demographic Mix, Partner Inclined",7047,"Diverse Demographics, Average Customer Base"
2843,numeric,Numeric: ID 2843,7046,"Neutral Demographic Mix, Partner Inclined",7047,"Diverse Demographics, Average Customer Base"
2844,numeric,Numeric: ID 2844,7046,"Neutral Demographic Mix, Partner Inclined",7047,"Diverse Demographics, Average Customer Base"
2845,numeric,Numeric: ID 2845,7045,"Younger, Fewer Partners, Gender Balanced",7048,"Younger, Single Customers: Engagement Focus"
2846,numeric,Numeric: ID 2846,7045,"Younger, Fewer Partners, Gender Balanced",7048,"Younger, Single Customers: Engagement Focus"
2847,numeric,Numeric: ID 2847,7044,"Balanced Demographics, Average Customer",7047,"Diverse Demographics, Average Customer Base"
2848,numeric,Numeric: ID 2848,7046,"Neutral Demographic Mix, Partner Inclined",7047,"Diverse Demographics, Average Customer Base"
2849,numeric,Numeric: ID 2849,7045,"Younger, Fewer Partners, Gender Balanced",7048,"Younger, Single Customers: Engagement Focus"
2850,numeric,Numeric: ID 2850,7046,"Neutral Demographic Mix, Partner Inclined",7047,"Diverse Demographics, Average Customer Base"
2851,numeric,Numeric: ID 2851,7044,"Balanced Demographics, Average Customer",7047,"Diverse Demographics, Average Customer Base"
2852,numeric,Numeric: ID 2852,7045,"Younger, Fewer Partners, Gender Balanced",7048,"Younger, Single Customers: Engagement Focus"
2853,numeric,Numeric: ID 2853,7044,"Balanced Demographics, Average Customer",7047,"Diverse Demographics, Average Customer Base"
2854,numeric,Numeric: ID 2854,7046,"Neutral Demographic Mix, Partner Inclined",7047,"Diverse Demographics, Average Customer Base"
2855,numeric,Numeric: ID 2855,7045,"Younger, Fewer Partners, Gender Balanced",7048,"Younger, Single Customers: Engagement Focus"
2856,numeric,Numeric: ID 2856,7044,"Balanced Demographics, Average Customer",7047,"Diverse Demographics, Average Customer Base"
2857,numeric,Numeric: ID 2857,7045,"Younger, Fewer Partners, Gender Balanced",7048,"Younger, Single Customers: Engagement Focus"
2858,numeric,Numeric: ID 2858,7046,"Neutral Demographic Mix, Partner Inclined",7047,"Diverse Demographics, Average Customer Base"
2859,numeric,Numeric: ID 2859,7045,"Younger, Fewer Partners, Gender Balanced",7048,"Younger, Single Customers: Engagement Focus"
2860,numeric,Numeric: ID 2860,7046,"Neutral Demographic Mix, Partner Inclined",7047,"Diverse Demographics, Average Customer Base"
2861,numeric,Numeric: ID 2861,7045,"Younger, Fewer Partners, Gender Balanced",7048,"Younger, Single Customers: Engagement Focus"
2862,numeric,Numeric: ID 2862,7044,"Balanced Demographics, Average Customer",7047,"Diverse Demographics, Average Customer Base"
2863,numeric,Numeric: ID 2863,7046,"Neutral Demographic Mix, Partner Inclined",7047,"Diverse Demographics, Average Customer Base"
2864,numeric,Numeric: ID 2864,7045,"Younger, Fewer Partners, Gender Balanced",7048,"Younger, Single Customers: Engagement Focus"
2865,numeric,Numeric: ID 2865,7044,"Balanced Demographics, Average Customer",7047,"Diverse Demographics, Average Customer Base"
2866,numeric,Numeric: ID 2866,7045,"Younger, Fewer Partners, Gender Balanced",7048,"Younger, Single Customers: Engagement Focus"
2867,numeric,Numeric: ID 2867,7045,"Younger, Fewer Partners, Gender Balanced",7048,"Younger, Single Customers: Engagement Focus"
2868,numeric,Numeric: ID 2868,7046,"Neutral Demographic Mix, Partner Inclined",7047,"Diverse Demographics, Average Customer Base"
2869,numeric,Numeric: ID 2869,7046,"Neutral Demographic Mix, Partner Inclined",7047,"Diverse Demographics, Average Customer Base"
2870,numeric,Numeric: ID 2870,7046,"Neutral Demographic Mix, Partner Inclined",7047,"Diverse Demographics, Average Customer Base"
2871,numeric,Numeric: ID 2871,7046,"Neutral Demographic Mix, Partner Inclined",7047,"Diverse Demographics, Average Customer Base"
2872,numeric,Numeric: ID 2872,7046,"Neutral Demographic Mix, Partner Inclined",7047,"Diverse Demographics, Average Customer Base"
2873,numeric,Numeric: ID 2873,7046,"Neutral Demographic Mix, Partner Inclined",7047,"Diverse Demographics, Average Customer Base"
2874,numeric,Numeric: ID 2874,7046,"Neutral Demographic Mix, Partner Inclined",7047,"Diverse Demographics, Average Customer Base"
2875,numeric,Numeric: ID 2875,7046,"Neutral Demographic Mix, Partner Inclined",7047,"Diverse Demographics, Average Customer Base"
2876,numeric,Numeric: ID 2876,7045,"Younger, Fewer Partners, Gender Balanced",7048,"Younger, Single Customers: Engagement Focus"
2877,numeric,Numeric: ID 2877,7046,"Neutral Demographic Mix, Partner Inclined",7047,"Diverse Demographics, Average Customer Base"
2878,numeric,Numeric: ID 2878,7045,"Younger, Fewer Partners, Gender Balanced",7048,"Younger, Single Customers: Engagement Focus"
2879,numeric,Numeric: ID 2879,7046,"Neutral Demographic Mix, Partner Inclined",7047,"Diverse Demographics, Average Customer Base"
2880,numeric,Numeric: ID 2880,7045,"Younger, Fewer Partners, Gender Balanced",7048,"Younger, Single Customers: Engagement Focus"
2881,numeric,Numeric: ID 2881,7046,"Neutral Demographic Mix, Partner Inclined",7047,"Diverse Demographics, Average Customer Base"
2882,numeric,Numeric: ID 2882,7046,"Neutral Demographic Mix, Partner Inclined",7047,"Diverse Demographics, Average Customer Base"
2883,numeric,Numeric: ID 2883,7044,"Balanced Demographics, Average Customer",7047,"Diverse Demographics, Average Customer Base"
2884,numeric,Numeric: ID 2884,7046,"Neutral Demographic Mix, Partner Inclined",7047,"Diverse Demographics, Average Customer Base"
2885,numeric,Numeric: ID 2885,7046,"Neutral Demographic Mix, Partner Inclined",7047,"Diverse Demographics, Average Customer Base"
2886,numeric,Numeric: ID 2886,7045,"Younger, Fewer Partners, Gender Balanced",7048,"Younger, Single Customers: Engagement Focus"
2887,numeric,Numeric: ID 2887,7046,"Neutral Demographic Mix, Partner Inclined",7047,"Diverse Demographics, Average Customer Base"
2888,numeric,Numeric: ID 2888,7046,"Neutral Demographic Mix, Partner Inclined",7047,"Diverse Demographics, Average Customer Base"
2889,numeric,Numeric: ID 2889,7045,"Younger, Fewer Partners, Gender Balanced",7048,"Younger, Single Customers: Engagement Focus"
2890,numeric,Numeric: ID 2890,7046,"Neutral Demographic Mix, Partner Inclined",7047,"Diverse Demographics, Average Customer Base"
2891,numeric,Numeric: ID 2891,7046,"Neutral Demographic Mix, Partner Inclined",7047,"Diverse Demographics, Average Customer Base"
2892,numeric,Numeric: ID 2892,7046,"Neutral Demographic Mix, Partner Inclined",7047,"Diverse Demographics, Average Customer Base"
2893,numeric,Numeric: ID 2893,7045,"Younger, Fewer Partners, Gender Balanced",7048,"Younger, Single Customers: Engagement Focus"
2894,numeric,Numeric: ID 2894,7045,"Younger, Fewer Partners, Gender Balanced",7048,"Younger, Single Customers: Engagement Focus"
2895,numeric,Numeric: ID 2895,7046,"Neutral Demographic Mix, Partner Inclined",7047,"Diverse Demographics, Average Customer Base"
2896,numeric,Numeric: ID 2896,7046,"Neutral Demographic Mix, Partner Inclined",7047,"Diverse Demographics, Average Customer Base"
2897,numeric,Numeric: ID 2897,7046,"Neutral Demographic Mix, Partner Inclined",7047,"Diverse Demographics, Average Customer Base"
2898,numeric,Numeric: ID 2898,7045,"Younger, Fewer Partners, Gender Balanced",7048,"Younger, Single Customers: Engagement Focus"
2899,numeric,Numeric: ID 2899,7045,"Younger, Fewer Partners, Gender Balanced",7048,"Younger, Single Customers: Engagement Focus"
2900,numeric,Numeric: ID 2900,7046,"Neutral Demographic Mix, Partner Inclined",7047,"Diverse Demographics, Average Customer Base"
2901,numeric,Numeric: ID 2901,7045,"Younger, Fewer Partners, Gender Balanced",7048,"Younger, Single Customers: Engagement Focus"
2902,numeric,Numeric: ID 2902,7045,"Younger, Fewer Partners, Gender Balanced",7048,"Younger, Single Customers: Engagement Focus"
2903,numeric,Numeric: ID 2903,7044,"Balanced Demographics, Average Customer",7047,"Diverse Demographics, Average Customer Base"
2904,numeric,Numeric: ID 2904,7046,"Neutral Demographic Mix, Partner Inclined",7047,"Diverse Demographics, Average Customer Base"
2905,numeric,Numeric: ID 2905,7046,"Neutral Demographic Mix, Partner Inclined",7047,"Diverse Demographics, Average Customer Base"
2906,numeric,Numeric: ID 2906,7046,"Neutral Demographic Mix, Partner Inclined",7047,"Diverse Demographics, Average Customer Base"
2907,numeric,Numeric: ID 2907,7046,"Neutral Demographic Mix, Partner Inclined",7047,"Diverse Demographics, Average Customer Base"
2908,numeric,Numeric: ID 2908,7046,"Neutral Demographic Mix, Partner Inclined",7047,"Diverse Demographics, Average Customer Base"
2909,numeric,Numeric: ID 2909,7046,"Neutral Demographic Mix, Partner Inclined",7047,"Diverse Demographics, Average Customer Base"
2910,numeric,Numeric: ID 2910,7044,"Balanced Demographics, Average Customer",7047,"Diverse Demographics, Average Customer Base"
2911,numeric,Numeric: ID 2911,7046,"Neutral Demographic Mix, Partner Inclined",7047,"Diverse Demographics, Average Customer Base"
2912,numeric,Numeric: ID 2912,7046,"Neutral Demographic Mix, Partner Inclined",7047,"Diverse Demographics, Average Customer Base"
2913,numeric,Numeric: ID 2913,7045,"Younger, Fewer Partners, Gender Balanced",7048,"Younger, Single Customers: Engagement Focus"
2914,numeric,Numeric: ID 2914,7046,"Neutral Demographic Mix, Partner Inclined",7047,"Diverse Demographics, Average Customer Base"
2915,numeric,Numeric: ID 2915,7046,"Neutral Demographic Mix, Partner Inclined",7047,"Diverse Demographics, Average Customer Base"
2916,numeric,Numeric: ID 2916,7045,"Younger, Fewer Partners, Gender Balanced",7048,"Younger, Single Customers: Engagement Focus"
2917,numeric,Numeric: ID 2917,7046,"Neutral Demographic Mix, Partner Inclined",7047,"Diverse Demographics, Average Customer Base"
2918,numeric,Numeric: ID 2918,7046,"Neutral Demographic Mix, Partner Inclined",7047,"Diverse Demographics, Average Customer Base"
2919,numeric,Numeric: ID 2919,7046,"Neutral Demographic Mix, Partner Inclined",7047,"Diverse Demographics, Average Customer Base"
2920,numeric,Numeric: ID 2920,7045,"Younger, Fewer Partners, Gender Balanced",7048,"Younger, Single Customers: Engagement Focus"
2921,numeric,Numeric: ID 2921,7045,"Younger, Fewer Partners, Gender Balanced",7048,"Younger, Single Customers: Engagement Focus"
2922,numeric,Numeric: ID 2922,7046,"Neutral Demographic Mix, Partner Inclined",7047,"Diverse Demographics, Average Customer Base"
2923,numeric,Numeric: ID 2923,7045,"Younger, Fewer Partners, Gender Balanced",7048,"Younger, Single Customers: Engagement Focus"
2924,numeric,Numeric: ID 2924,7046,"Neutral Demographic Mix, Partner Inclined",7047,"Diverse Demographics, Average Customer Base"
2925,numeric,Numeric: ID 2925,7046,"Neutral Demographic Mix, Partner Inclined",7047,"Diverse Demographics, Average Customer Base"
2926,numeric,Numeric: ID 2926,7046,"Neutral Demographic Mix, Partner Inclined",7047,"Diverse Demographics, Average Customer Base"
2927,numeric,Numeric: ID 2927,7046,"Neutral Demographic Mix, Partner Inclined",7047,"Diverse Demographics, Average Customer Base"
2928,numeric,Numeric: ID 2928,7045,"Younger, Fewer Partners, Gender Balanced",7048,"Younger, Single Customers: Engagement Focus"
2929,numeric,Numeric: ID 2929,7046,"Neutral Demographic Mix, Partner Inclined",7047,"Diverse Demographics, Average Customer Base"
2930,numeric,Numeric: ID 2930,7046,"Neutral Demographic Mix, Partner Inclined",7047,"Diverse Demographics, Average Customer Base"
2931,numeric,Numeric: ID 2931,7046,"Neutral Demographic Mix, Partner Inclined",7047,"Diverse Demographics, Average Customer Base"
2932,numeric,Numeric: ID 2932,7046,"Neutral Demographic Mix, Partner Inclined",7047,"Diverse Demographics, Average Customer Base"
2933,numeric,Numeric: ID 2933,7046,"Neutral Demographic Mix, Partner Inclined",7047,"Diverse Demographics, Average Customer Base"
2934,numeric,Numeric: ID 2934,7046,"Neutral Demographic Mix, Partner Inclined",7047,"Diverse Demographics, Average Customer Base"
2935,numeric,Numeric: ID 2935,7045,"Younger, Fewer Partners, Gender Balanced",7048,"Younger, Single Customers: Engagement Focus"
2936,numeric,Numeric: ID 2936,7045,"Younger, Fewer Partners, Gender Balanced",7048,"Younger, Single Customers: Engagement Focus"
2937,numeric,Numeric: ID 2937,7045,"Younger, Fewer Partners, Gender Balanced",7048,"Younger, Single Customers: Engagement Focus"
2938,numeric,Numeric: ID 2938,7046,"Neutral Demographic Mix, Partner Inclined",7047,"Diverse Demographics, Average Customer Base"
2939,numeric,Numeric: ID 2939,7044,"Balanced Demographics, Average Customer",7047,"Diverse Demographics, Average Customer Base"
2940,numeric,Numeric: ID 2940,7046,"Neutral Demographic Mix, Partner Inclined",7047,"Diverse Demographics, Average Customer Base"
2941,numeric,Numeric: ID 2941,7045,"Younger, Fewer Partners, Gender Balanced",7048,"Younger, Single Customers: Engagement Focus"
2942,numeric,Numeric: ID 2942,7046,"Neutral Demographic Mix, Partner Inclined",7047,"Diverse Demographics, Average Customer Base"
2943,numeric,Numeric: ID 2943,7046,"Neutral Demographic Mix, Partner Inclined",7047,"Diverse Demographics, Average Customer Base"
2944,numeric,Numeric: ID 2944,7046,"Neutral Demographic Mix, Partner Inclined",7047,"Diverse Demographics, Average Customer Base"
2945,numeric,Numeric: ID 2945,7046,"Neutral Demographic Mix, Partner Inclined",7047,"Diverse Demographics, Average Customer Base"
2946,numeric,Numeric: ID 2946,7045,"Younger, Fewer Partners, Gender Balanced",7048,"Younger, Single Customers: Engagement Focus"
2947,numeric,Numeric: ID 2947,7046,"Neutral Demographic Mix, Partner Inclined",7047,"Diverse Demographics, Average Customer Base"
2948,numeric,Numeric: ID 2948,7046,"Neutral Demographic Mix, Partner Inclined",7047,"Diverse Demographics, Average Customer Base"
2949,numeric,Numeric: ID 2949,7046,"Neutral Demographic Mix, Partner Inclined",7047,"Diverse Demographics, Average Customer Base"
2950,numeric,Numeric: ID 2950,7046,"Neutral Demographic Mix, Partner Inclined",7047,"Diverse Demographics, Average Customer Base"
2951,numeric,Numeric: ID 2951,7046,"Neutral Demographic Mix, Partner Inclined",7047,"Diverse Demographics, Average Customer Base"
2952,numeric,Numeric: ID 2952,7045,"Younger, Fewer Partners, Gender Balanced",7048,"Younger, Single Customers: Engagement Focus"
2953,numeric,Numeric: ID 2953,7046,"Neutral Demographic Mix, Partner Inclined",7047,"Diverse Demographics, Average Customer Base"
2954,numeric,Numeric: ID 2954,7046,"Neutral Demographic Mix, Partner Inclined",7047,"Diverse Demographics, Average Customer Base"
2955,numeric,Numeric: ID 2955,7046,"Neutral Demographic Mix, Partner Inclined",7047,"Diverse Demographics, Average Customer Base"
2956,numeric,Numeric: ID 2956,7045,"Younger, Fewer Partners, Gender Balanced",7048,"Younger, Single Customers: Engagement Focus"
2957,numeric,Numeric: ID 2957,7044,"Balanced Demographics, Average Customer",7047,"Diverse Demographics, Average Customer Base"
2958,numeric,Numeric: ID 2958,7044,"Balanced Demographics, Average Customer",7047,"Diverse Demographics, Average Customer Base"
2959,numeric,Numeric: ID 2959,7044,"Balanced Demographics, Average Customer",7047,"Diverse Demographics, Average Customer Base"
2960,numeric,Numeric: ID 2960,7046,"Neutral Demographic Mix, Partner Inclined",7047,"Diverse Demographics, Average Customer Base"
2961,numeric,Numeric: ID 2961,7046,"Neutral Demographic Mix, Partner Inclined",7047,"Diverse Demographics, Average Customer Base"
2962,numeric,Numeric: ID 2962,7046,"Neutral Demographic Mix, Partner Inclined",7047,"Diverse Demographics, Average Customer Base"
2963,numeric,Numeric: ID 2963,7046,"Neutral Demographic Mix, Partner Inclined",7047,"Diverse Demographics, Average Customer Base"
2964,numeric,Numeric: ID 2964,7046,"Neutral Demographic Mix, Partner Inclined",7047,"Diverse Demographics, Average Customer Base"
2965,numeric,Numeric: ID 2965,7046,"Neutral Demographic Mix, Partner Inclined",7047,"Diverse Demographics, Average Customer Base"
2966,numeric,Numeric: ID 2966,7046,"Neutral Demographic Mix, Partner Inclined",7047,"Diverse Demographics, Average Customer Base"
2967,numeric,Numeric: ID 2967,7045,"Younger, Fewer Partners, Gender Balanced",7048,"Younger, Single Customers: Engagement Focus"
2968,numeric,Numeric: ID 2968,7046,"Neutral Demographic Mix, Partner Inclined",7047,"Diverse Demographics, Average Customer Base"
2969,numeric,Numeric: ID 2969,7046,"Neutral Demographic Mix, Partner Inclined",7047,"Diverse Demographics, Average Customer Base"
2970,numeric,Numeric: ID 2970,7045,"Younger, Fewer Partners, Gender Balanced",7048,"Younger, Single Customers: Engagement Focus"
2971,numeric,Numeric: ID 2971,7046,"Neutral Demographic Mix, Partner Inclined",7047,"Diverse Demographics, Average Customer Base"
2972,numeric,Numeric: ID 2972,7046,"Neutral Demographic Mix, Partner Inclined",7047,"Diverse Demographics, Average Customer Base"
2973,numeric,Numeric: ID 2973,7044,"Balanced Demographics, Average Customer",7047,"Diverse Demographics, Average Customer Base"
2974,numeric,Numeric: ID 2974,7045,"Younger, Fewer Partners, Gender Balanced",7048,"Younger, Single Customers: Engagement Focus"
2975,numeric,Numeric: ID 2975,7046,"Neutral Demographic Mix, Partner Inclined",7047,"Diverse Demographics, Average Customer Base"
2976,numeric,Numeric: ID 2976,7046,"Neutral Demographic Mix, Partner Inclined",7047,"Diverse Demographics, Average Customer Base"
2977,numeric,Numeric: ID 2977,7046,"Neutral Demographic Mix, Partner Inclined",7047,"Diverse Demographics, Average Customer Base"
2978,numeric,Numeric: ID 2978,7044,"Balanced Demographics, Average Customer",7047,"Diverse Demographics, Average Customer Base"
2979,numeric,Numeric: ID 2979,7045,"Younger, Fewer Partners, Gender Balanced",7048,"Younger, Single Customers: Engagement Focus"
2980,numeric,Numeric: ID 2980,7046,"Neutral Demographic Mix, Partner Inclined",7047,"Diverse Demographics, Average Customer Base"
2981,numeric,Numeric: ID 2981,7046,"Neutral Demographic Mix, Partner Inclined",7047,"Diverse Demographics, Average Customer Base"
2982,numeric,Numeric: ID 2982,7045,"Younger, Fewer Partners, Gender Balanced",7048,"Younger, Single Customers: Engagement Focus"
2983,numeric,Numeric: ID 2983,7046,"Neutral Demographic Mix, Partner Inclined",7047,"Diverse Demographics, Average Customer Base"
2984,numeric,Numeric: ID 2984,7045,"Younger, Fewer Partners, Gender Balanced",7048,"Younger, Single Customers: Engagement Focus"
2985,numeric,Numeric: ID 2985,7046,"Neutral Demographic Mix, Partner Inclined",7047,"Diverse Demographics, Average Customer Base"
2986,numeric,Numeric: ID 2986,7046,"Neutral Demographic Mix, Partner Inclined",7047,"Diverse Demographics, Average Customer Base"
2987,numeric,Numeric: ID 2987,7046,"Neutral Demographic Mix, Partner Inclined",7047,"Diverse Demographics, Average Customer Base"
2988,numeric,Numeric: ID 2988,7045,"Younger, Fewer Partners, Gender Balanced",7048,"Younger, Single Customers: Engagement Focus"
2989,numeric,Numeric: ID 2989,7045,"Younger, Fewer Partners, Gender Balanced",7048,"Younger, Single Customers: Engagement Focus"
2990,numeric,Numeric: ID 2990,7046,"Neutral Demographic Mix, Partner Inclined",7047,"Diverse Demographics, Average Customer Base"
2991,numeric,Numeric: ID 2991,7046,"Neutral Demographic Mix, Partner Inclined",7047,"Diverse Demographics, Average Customer Base"
2992,numeric,Numeric: ID 2992,7046,"Neutral Demographic Mix, Partner Inclined",7047,"Diverse Demographics, Average Customer Base"
2993,numeric,Numeric: ID 2993,7045,"Younger, Fewer Partners, Gender Balanced",7048,"Younger, Single Customers: Engagement Focus"
2994,numeric,Numeric: ID 2994,7046,"Neutral Demographic Mix, Partner Inclined",7047,"Diverse Demographics, Average Customer Base"
2995,numeric,Numeric: ID 2995,7045,"Younger, Fewer Partners, Gender Balanced",7048,"Younger, Single Customers: Engagement Focus"
2996,numeric,Numeric: ID 2996,7046,"Neutral Demographic Mix, Partner Inclined",7047,"Diverse Demographics, Average Customer Base"
2997,numeric,Numeric: ID 2997,7045,"Younger, Fewer Partners, Gender Balanced",7048,"Younger, Single Customers: Engagement Focus"
2998,numeric,Numeric: ID 2998,7045,"Younger, Fewer Partners, Gender Balanced",7048,"Younger, Single Customers: Engagement Focus"
2999,numeric,Numeric: ID 2999,7045,"Younger, Fewer Partners, Gender Balanced",7048,"Younger, Single Customers: Engagement Focus"
3000,numeric,Numeric: ID 3000,7045,"Younger, Fewer Partners, Gender Balanced",7048,"Younger, Single Customers: Engagement Focus"
3001,numeric,Numeric: ID 3001,7046,"Neutral Demographic Mix, Partner Inclined",7047,"Diverse Demographics, Average Customer Base"
3002,numeric,Numeric: ID 3002,7046,"Neutral Demographic Mix, Partner Inclined",7047,"Diverse Demographics, Average Customer Base"
3003,numeric,Numeric: ID 3003,7046,"Neutral Demographic Mix, Partner Inclined",7047,"Diverse Demographics, Average Customer Base"
3004,numeric,Numeric: ID 3004,7046,"Neutral Demographic Mix, Partner Inclined",7047,"Diverse Demographics, Average Customer Base"
3005,numeric,Numeric: ID 3005,7046,"Neutral Demographic Mix, Partner Inclined",7047,"Diverse Demographics, Average Customer Base"
3006,numeric,Numeric: ID 3006,7045,"Younger, Fewer Partners, Gender Balanced",7048,"Younger, Single Customers: Engagement Focus"
3007,numeric,Numeric: ID 3007,7045,"Younger, Fewer Partners, Gender Balanced",7048,"Younger, Single Customers: Engagement Focus"
3008,numeric,Numeric: ID 3008,7046,"Neutral Demographic Mix, Partner Inclined",7047,"Diverse Demographics, Average Customer Base"
3009,numeric,Numeric: ID 3009,7046,"Neutral Demographic Mix, Partner Inclined",7047,"Diverse Demographics, Average Customer Base"
3010,numeric,Numeric: ID 3010,7045,"Younger, Fewer Partners, Gender Balanced",7048,"Younger, Single Customers: Engagement Focus"
3011,numeric,Numeric: ID 3011,7046,"Neutral Demographic Mix, Partner Inclined",7047,"Diverse Demographics, Average Customer Base"
3012,numeric,Numeric: ID 3012,7046,"Neutral Demographic Mix, Partner Inclined",7047,"Diverse Demographics, Average Customer Base"
3013,numeric,Numeric: ID 3013,7045,"Younger, Fewer Partners, Gender Balanced",7048,"Younger, Single Customers: Engagement Focus"
3014,numeric,Numeric: ID 3014,7046,"Neutral Demographic Mix, Partner Inclined",7047,"Diverse Demographics, Average Customer Base"
3015,numeric,Numeric: ID 3015,7046,"Neutral Demographic Mix, Partner Inclined",7047,"Diverse Demographics, Average Customer Base"
3016,numeric,Numeric: ID 3016,7045,"Younger, Fewer Partners, Gender Balanced",7048,"Younger, Single Customers: Engagement Focus"
3017,numeric,Numeric: ID 3017,7046,"Neutral Demographic Mix, Partner Inclined",7047,"Diverse Demographics, Average Customer Base"
3018,numeric,Numeric: ID 3018,7045,"Younger, Fewer Partners, Gender Balanced",7048,"Younger, Single Customers: Engagement Focus"
3019,numeric,Numeric: ID 3019,7044,"Balanced Demographics, Average Customer",7047,"Diverse Demographics, Average Customer Base"
3020,numeric,Numeric: ID 3020,7044,"Balanced Demographics, Average Customer",7047,"Diverse Demographics, Average Customer Base"
3021,numeric,Numeric: ID 3021,7046,"Neutral Demographic Mix, Partner Inclined",7047,"Diverse Demographics, Average Customer Base"
3022,numeric,Numeric: ID 3022,7046,"Neutral Demographic Mix, Partner Inclined",7047,"Diverse Demographics, Average Customer Base"
3023,numeric,Numeric: ID 3023,7046,"Neutral Demographic Mix, Partner Inclined",7047,"Diverse Demographics, Average Customer Base"
3024,numeric,Numeric: ID 3024,7046,"Neutral Demographic Mix, Partner Inclined",7047,"Diverse Demographics, Average Customer Base"
3025,numeric,Numeric: ID 3025,7046,"Neutral Demographic Mix, Partner Inclined",7047,"Diverse Demographics, Average Customer Base"
3026,numeric,Numeric: ID 3026,7046,"Neutral Demographic Mix, Partner Inclined",7047,"Diverse Demographics, Average Customer Base"
3027,numeric,Numeric: ID 3027,7045,"Younger, Fewer Partners, Gender Balanced",7048,"Younger, Single Customers: Engagement Focus"
3028,numeric,Numeric: ID 3028,7045,"Younger, Fewer Partners, Gender Balanced",7048,"Younger, Single Customers: Engagement Focus"
3029,numeric,Numeric: ID 3029,7046,"Neutral Demographic Mix, Partner Inclined",7047,"Diverse Demographics, Average Customer Base"
3030,numeric,Numeric: ID 3030,7045,"Younger, Fewer Partners, Gender Balanced",7048,"Younger, Single Customers: Engagement Focus"
3031,numeric,Numeric: ID 3031,7046,"Neutral Demographic Mix, Partner Inclined",7047,"Diverse Demographics, Average Customer Base"
3032,numeric,Numeric: ID 3032,7046,"Neutral Demographic Mix, Partner Inclined",7047,"Diverse Demographics, Average Customer Base"
3033,numeric,Numeric: ID 3033,7044,"Balanced Demographics, Average Customer",7047,"Diverse Demographics, Average Customer Base"
3034,numeric,Numeric: ID 3034,7046,"Neutral Demographic Mix, Partner Inclined",7047,"Diverse Demographics, Average Customer Base"
3035,numeric,Numeric: ID 3035,7046,"Neutral Demographic Mix, Partner Inclined",7047,"Diverse Demographics, Average Customer Base"
3036,numeric,Numeric: ID 3036,7044,"Balanced Demographics, Average Customer",7047,"Diverse Demographics, Average Customer Base"
3037,numeric,Numeric: ID 3037,7046,"Neutral Demographic Mix, Partner Inclined",7047,"Diverse Demographics, Average Customer Base"
3038,numeric,Numeric: ID 3038,7046,"Neutral Demographic Mix, Partner Inclined",7047,"Diverse Demographics, Average Customer Base"
3039,numeric,Numeric: ID 3039,7045,"Younger, Fewer Partners, Gender Balanced",7048,"Younger, Single Customers: Engagement Focus"
3040,numeric,Numeric: ID 3040,7046,"Neutral Demographic Mix, Partner Inclined",7047,"Diverse Demographics, Average Customer Base"
3041,numeric,Numeric: ID 3041,7046,"Neutral Demographic Mix, Partner Inclined",7047,"Diverse Demographics, Average Customer Base"
3042,numeric,Numeric: ID 3042,7045,"Younger, Fewer Partners, Gender Balanced",7048,"Younger, Single Customers: Engagement Focus"
3043,numeric,Numeric: ID 3043,7045,"Younger, Fewer Partners, Gender Balanced",7048,"Younger, Single Customers: Engagement Focus"
3044,numeric,Numeric: ID 3044,7045,"Younger, Fewer Partners, Gender Balanced",7048,"Younger, Single Customers: Engagement Focus"
3045,numeric,Numeric: ID 3045,7045,"Younger, Fewer Partners, Gender Balanced",7048,"Younger, Single Customers: Engagement Focus"
3046,numeric,Numeric: ID 3046,7046,"Neutral Demographic Mix, Partner Inclined",7047,"Diverse Demographics, Average Customer Base"
3047,numeric,Numeric: ID 3047,7046,"Neutral Demographic Mix, Partner Inclined",7047,"Diverse Demographics, Average Customer Base"
3048,numeric,Numeric: ID 3048,7045,"Younger, Fewer Partners, Gender Balanced",7048,"Younger, Single Customers: Engagement Focus"
3049,numeric,Numeric: ID 3049,7046,"Neutral Demographic Mix, Partner Inclined",7047,"Diverse Demographics, Average Customer Base"
3050,numeric,Numeric: ID 3050,7046,"Neutral Demographic Mix, Partner Inclined",7047,"Diverse Demographics, Average Customer Base"
3051,numeric,Numeric: ID 3051,7046,"Neutral Demographic Mix, Partner Inclined",7047,"Diverse Demographics, Average Customer Base"
3052,numeric,Numeric: ID 3052,7045,"Younger, Fewer Partners, Gender Balanced",7048,"Younger, Single Customers: Engagement Focus"
3053,numeric,Numeric: ID 3053,7046,"Neutral Demographic Mix, Partner Inclined",7047,"Diverse Demographics, Average Customer Base"
3054,numeric,Numeric: ID 3054,7045,"Younger, Fewer Partners, Gender Balanced",7048,"Younger, Single Customers: Engagement Focus"
3055,numeric,Numeric: ID 3055,7046,"Neutral Demographic Mix, Partner Inclined",7047,"Diverse Demographics, Average Customer Base"
3056,numeric,Numeric: ID 3056,7046,"Neutral Demographic Mix, Partner Inclined",7047,"Diverse Demographics, Average Customer Base"
3057,numeric,Numeric: ID 3057,7046,"Neutral Demographic Mix, Partner Inclined",7047,"Diverse Demographics, Average Customer Base"
3058,numeric,Numeric: ID 3058,7045,"Younger, Fewer Partners, Gender Balanced",7048,"Younger, Single Customers: Engagement Focus"
3059,numeric,Numeric: ID 3059,7044,"Balanced Demographics, Average Customer",7047,"Diverse Demographics, Average Customer Base"
3060,numeric,Numeric: ID 3060,7045,"Younger, Fewer Partners, Gender Balanced",7048,"Younger, Single Customers: Engagement Focus"
3061,numeric,Numeric: ID 3061,7045,"Younger, Fewer Partners, Gender Balanced",7048,"Younger, Single Customers: Engagement Focus"
3062,numeric,Numeric: ID 3062,7046,"Neutral Demographic Mix, Partner Inclined",7047,"Diverse Demographics, Average Customer Base"
3063,numeric,Numeric: ID 3063,7046,"Neutral Demographic Mix, Partner Inclined",7047,"Diverse Demographics, Average Customer Base"
3064,numeric,Numeric: ID 3064,7044,"Balanced Demographics, Average Customer",7047,"Diverse Demographics, Average Customer Base"
3065,numeric,Numeric: ID 3065,7046,"Neutral Demographic Mix, Partner Inclined",7047,"Diverse Demographics, Average Customer Base"
3066,numeric,Numeric: ID 3066,7046,"Neutral Demographic Mix, Partner Inclined",7047,"Diverse Demographics, Average Customer Base"
3067,numeric,Numeric: ID 3067,7046,"Neutral Demographic Mix, Partner Inclined",7047,"Diverse Demographics, Average Customer Base"
3068,numeric,Numeric: ID 3068,7046,"Neutral Demographic Mix, Partner Inclined",7047,"Diverse Demographics, Average Customer Base"
3069,numeric,Numeric: ID 3069,7046,"Neutral Demographic Mix, Partner Inclined",7047,"Diverse Demographics, Average Customer Base"
3070,numeric,Numeric: ID 3070,7046,"Neutral Demographic Mix, Partner Inclined",7047,"Diverse Demographics, Average Customer Base"
3071,numeric,Numeric: ID 3071,7046,"Neutral Demographic Mix, Partner Inclined",7047,"Diverse Demographics, Average Customer Base"
3072,numeric,Numeric: ID 3072,7046,"Neutral Demographic Mix, Partner Inclined",7047,"Diverse Demographics, Average Customer Base"
3073,numeric,Numeric: ID 3073,7044,"Balanced Demographics, Average Customer",7047,"Diverse Demographics, Average Customer Base"
3074,numeric,Numeric: ID 3074,7046,"Neutral Demographic Mix, Partner Inclined",7047,"Diverse Demographics, Average Customer Base"
3075,numeric,Numeric: ID 3075,7045,"Younger, Fewer Partners, Gender Balanced",7048,"Younger, Single Customers: Engagement Focus"
3076,numeric,Numeric: ID 3076,7044,"Balanced Demographics, Average Customer",7047,"Diverse Demographics, Average Customer Base"
3077,numeric,Numeric: ID 3077,7046,"Neutral Demographic Mix, Partner Inclined",7047,"Diverse Demographics, Average Customer Base"
3078,numeric,Numeric: ID 3078,7045,"Younger, Fewer Partners, Gender Balanced",7048,"Younger, Single Customers: Engagement Focus"
3079,numeric,Numeric: ID 3079,7046,"Neutral Demographic Mix, Partner Inclined",7047,"Diverse Demographics, Average Customer Base"
3080,numeric,Numeric: ID 3080,7045,"Younger, Fewer Partners, Gender Balanced",7048,"Younger, Single Customers: Engagement Focus"
3081,numeric,Numeric: ID 3081,7046,"Neutral Demographic Mix, Partner Inclined",7047,"Diverse Demographics, Average Customer Base"
3082,numeric,Numeric: ID 3082,7046,"Neutral Demographic Mix, Partner Inclined",7047,"Diverse Demographics, Average Customer Base"
3083,numeric,Numeric: ID 3083,7046,"Neutral Demographic Mix, Partner Inclined",7047,"Diverse Demographics, Average Customer Base"
3084,numeric,Numeric: ID 3084,7046,"Neutral Demographic Mix, Partner Inclined",7047,"Diverse Demographics, Average Customer Base"
3085,numeric,Numeric: ID 3085,7044,"Balanced Demographics, Average Customer",7047,"Diverse Demographics, Average Customer Base"
3086,numeric,Numeric: ID 3086,7045,"Younger, Fewer Partners, Gender Balanced",7048,"Younger, Single Customers: Engagement Focus"
3087,numeric,Numeric: ID 3087,7045,"Younger, Fewer Partners, Gender Balanced",7048,"Younger, Single Customers: Engagement Focus"
3088,numeric,Numeric: ID 3088,7046,"Neutral Demographic Mix, Partner Inclined",7047,"Diverse Demographics, Average Customer Base"
3089,numeric,Numeric: ID 3089,7045,"Younger, Fewer Partners, Gender Balanced",7048,"Younger, Single Customers: Engagement Focus"
3090,numeric,Numeric: ID 3090,7046,"Neutral Demographic Mix, Partner Inclined",7047,"Diverse Demographics, Average Customer Base"
3091,numeric,Numeric: ID 3091,7045,"Younger, Fewer Partners, Gender Balanced",7048,"Younger, Single Customers: Engagement Focus"
3092,numeric,Numeric: ID 3092,7046,"Neutral Demographic Mix, Partner Inclined",7047,"Diverse Demographics, Average Customer Base"
3093,numeric,Numeric: ID 3093,7046,"Neutral Demographic Mix, Partner Inclined",7047,"Diverse Demographics, Average Customer Base"
3094,numeric,Numeric: ID 3094,7045,"Younger, Fewer Partners, Gender Balanced",7048,"Younger, Single Customers: Engagement Focus"
3095,numeric,Numeric: ID 3095,7045,"Younger, Fewer Partners, Gender Balanced",7048,"Younger, Single Customers: Engagement Focus"
3096,numeric,Numeric: ID 3096,7046,"Neutral Demographic Mix, Partner Inclined",7047,"Diverse Demographics, Average Customer Base"
3097,numeric,Numeric: ID 3097,7046,"Neutral Demographic Mix, Partner Inclined",7047,"Diverse Demographics, Average Customer Base"
3098,numeric,Numeric: ID 3098,7046,"Neutral Demographic Mix, Partner Inclined",7047,"Diverse Demographics, Average Customer Base"
3099,numeric,Numeric: ID 3099,7046,"Neutral Demographic Mix, Partner Inclined",7047,"Diverse Demographics, Average Customer Base"
3100,numeric,Numeric: ID 3100,7045,"Younger, Fewer Partners, Gender Balanced",7048,"Younger, Single Customers: Engagement Focus"
3101,numeric,Numeric: ID 3101,7046,"Neutral Demographic Mix, Partner Inclined",7047,"Diverse Demographics, Average Customer Base"
3102,numeric,Numeric: ID 3102,7045,"Younger, Fewer Partners, Gender Balanced",7048,"Younger, Single Customers: Engagement Focus"
3103,numeric,Numeric: ID 3103,7046,"Neutral Demographic Mix, Partner Inclined",7047,"Diverse Demographics, Average Customer Base"
3104,numeric,Numeric: ID 3104,7046,"Neutral Demographic Mix, Partner Inclined",7047,"Diverse Demographics, Average Customer Base"
3105,numeric,Numeric: ID 3105,7045,"Younger, Fewer Partners, Gender Balanced",7048,"Younger, Single Customers: Engagement Focus"
3106,numeric,Numeric: ID 3106,7045,"Younger, Fewer Partners, Gender Balanced",7048,"Younger, Single Customers: Engagement Focus"
3107,numeric,Numeric: ID 3107,7046,"Neutral Demographic Mix, Partner Inclined",7047,"Diverse Demographics, Average Customer Base"
3108,numeric,Numeric: ID 3108,7045,"Younger, Fewer Partners, Gender Balanced",7048,"Younger, Single Customers: Engagement Focus"
3109,numeric,Numeric: ID 3109,7046,"Neutral Demographic Mix, Partner Inclined",7047,"Diverse Demographics, Average Customer Base"
3110,numeric,Numeric: ID 3110,7046,"Neutral Demographic Mix, Partner Inclined",7047,"Diverse Demographics, Average Customer Base"
3111,numeric,Numeric: ID 3111,7045,"Younger, Fewer Partners, Gender Balanced",7048,"Younger, Single Customers: Engagement Focus"
3112,numeric,Numeric: ID 3112,7045,"Younger, Fewer Partners, Gender Balanced",7048,"Younger, Single Customers: Engagement Focus"
3113,numeric,Numeric: ID 3113,7044,"Balanced Demographics, Average Customer",7047,"Diverse Demographics, Average Customer Base"
3114,numeric,Numeric: ID 3114,7046,"Neutral Demographic Mix, Partner Inclined",7047,"Diverse Demographics, Average Customer Base"
3115,numeric,Numeric: ID 3115,7045,"Younger, Fewer Partners, Gender Balanced",7048,"Younger, Single Customers: Engagement Focus"
3116,numeric,Numeric: ID 3116,7044,"Balanced Demographics, Average Customer",7047,"Diverse Demographics, Average Customer Base"
3117,numeric,Numeric: ID 3117,7046,"Neutral Demographic Mix, Partner Inclined",7047,"Diverse Demographics, Average Customer Base"
3118,numeric,Numeric: ID 3118,7046,"Neutral Demographic Mix, Partner Inclined",7047,"Diverse Demographics, Average Customer Base"
3119,numeric,Numeric: ID 3119,7046,"Neutral Demographic Mix, Partner Inclined",7047,"Diverse Demographics, Average Customer Base"
3120,numeric,Numeric: ID 3120,7046,"Neutral Demographic Mix, Partner Inclined",7047,"Diverse Demographics, Average Customer Base"
3121,numeric,Numeric: ID 3121,7045,"Younger, Fewer Partners, Gender Balanced",7048,"Younger, Single Customers: Engagement Focus"
3122,numeric,Numeric: ID 3122,7045,"Younger, Fewer Partners, Gender Balanced",7048,"Younger, Single Customers: Engagement Focus"
3123,numeric,Numeric: ID 3123,7044,"Balanced Demographics, Average Customer",7047,"Diverse Demographics, Average Customer Base"
3124,numeric,Numeric: ID 3124,7046,"Neutral Demographic Mix, Partner Inclined",7047,"Diverse Demographics, Average Customer Base"
3125,numeric,Numeric: ID 3125,7046,"Neutral Demographic Mix, Partner Inclined",7047,"Diverse Demographics, Average Customer Base"
3126,numeric,Numeric: ID 3126,7046,"Neutral Demographic Mix, Partner Inclined",7047,"Diverse Demographics, Average Customer Base"
3127,numeric,Numeric: ID 3127,7046,"Neutral Demographic Mix, Partner Inclined",7047,"Diverse Demographics, Average Customer Base"
3128,numeric,Numeric: ID 3128,7046,"Neutral Demographic Mix, Partner Inclined",7047,"Diverse Demographics, Average Customer Base"
3129,numeric,Numeric: ID 3129,7045,"Younger, Fewer Partners, Gender Balanced",7048,"Younger, Single Customers: Engagement Focus"
3130,numeric,Numeric: ID 3130,7046,"Neutral Demographic Mix, Partner Inclined",7047,"Diverse Demographics, Average Customer Base"
3131,numeric,Numeric: ID 3131,7046,"Neutral Demographic Mix, Partner Inclined",7047,"Diverse Demographics, Average Customer Base"
3132,numeric,Numeric: ID 3132,7046,"Neutral Demographic Mix, Partner Inclined",7047,"Diverse Demographics, Average Customer Base"
3133,numeric,Numeric: ID 3133,7045,"Younger, Fewer Partners, Gender Balanced",7048,"Younger, Single Customers: Engagement Focus"
3134,numeric,Numeric: ID 3134,7046,"Neutral Demographic Mix, Partner Inclined",7047,"Diverse Demographics, Average Customer Base"
3135,numeric,Numeric: ID 3135,7045,"Younger, Fewer Partners, Gender Balanced",7048,"Younger, Single Customers: Engagement Focus"
3136,numeric,Numeric: ID 3136,7045,"Younger, Fewer Partners, Gender Balanced",7048,"Younger, Single Customers: Engagement Focus"
3137,numeric,Numeric: ID 3137,7046,"Neutral Demographic Mix, Partner Inclined",7047,"Diverse Demographics, Average Customer Base"
3138,numeric,Numeric: ID 3138,7046,"Neutral Demographic Mix, Partner Inclined",7047,"Diverse Demographics, Average Customer Base"
3139,numeric,Numeric: ID 3139,7044,"Balanced Demographics, Average Customer",7047,"Diverse Demographics, Average Customer Base"
3140,numeric,Numeric: ID 3140,7045,"Younger, Fewer Partners, Gender Balanced",7048,"Younger, Single Customers: Engagement Focus"
3141,numeric,Numeric: ID 3141,7046,"Neutral Demographic Mix, Partner Inclined",7047,"Diverse Demographics, Average Customer Base"
3142,numeric,Numeric: ID 3142,7046,"Neutral Demographic Mix, Partner Inclined",7047,"Diverse Demographics, Average Customer Base"
3143,numeric,Numeric: ID 3143,7046,"Neutral Demographic Mix, Partner Inclined",7047,"Diverse Demographics, Average Customer Base"
3144,numeric,Numeric: ID 3144,7046,"Neutral Demographic Mix, Partner Inclined",7047,"Diverse Demographics, Average Customer Base"
3145,numeric,Numeric: ID 3145,7046,"Neutral Demographic Mix, Partner Inclined",7047,"Diverse Demographics, Average Customer Base"
3146,numeric,Numeric: ID 3146,7046,"Neutral Demographic Mix, Partner Inclined",7047,"Diverse Demographics, Average Customer Base"
3147,numeric,Numeric: ID 3147,7046,"Neutral Demographic Mix, Partner Inclined",7047,"Diverse Demographics, Average Customer Base"
3148,numeric,Numeric: ID 3148,7045,"Younger, Fewer Partners, Gender Balanced",7048,"Younger, Single Customers: Engagement Focus"
3149,numeric,Numeric: ID 3149,7046,"Neutral Demographic Mix, Partner Inclined",7047,"Diverse Demographics, Average Customer Base"
3150,numeric,Numeric: ID 3150,7046,"Neutral Demographic Mix, Partner Inclined",7047,"Diverse Demographics, Average Customer Base"
3151,numeric,Numeric: ID 3151,7046,"Neutral Demographic Mix, Partner Inclined",7047,"Diverse Demographics, Average Customer Base"
3152,numeric,Numeric: ID 3152,7045,"Younger, Fewer Partners, Gender Balanced",7048,"Younger, Single Customers: Engagement Focus"
3153,numeric,Numeric: ID 3153,7046,"Neutral Demographic Mix, Partner Inclined",7047,"Diverse Demographics, Average Customer Base"
3154,numeric,Numeric: ID 3154,7045,"Younger, Fewer Partners, Gender Balanced",7048,"Younger, Single Customers: Engagement Focus"
3155,numeric,Numeric: ID 3155,7046,"Neutral Demographic Mix, Partner Inclined",7047,"Diverse Demographics, Average Customer Base"
3156,numeric,Numeric: ID 3156,7045,"Younger, Fewer Partners, Gender Balanced",7048,"Younger, Single Customers: Engagement Focus"
3157,numeric,Numeric: ID 3157,7046,"Neutral Demographic Mix, Partner Inclined",7047,"Diverse Demographics, Average Customer Base"
3158,numeric,Numeric: ID 3158,7045,"Younger, Fewer Partners, Gender Balanced",7048,"Younger, Single Customers: Engagement Focus"
3159,numeric,Numeric: ID 3159,7046,"Neutral Demographic Mix, Partner Inclined",7047,"Diverse Demographics, Average Customer Base"
3160,numeric,Numeric: ID 3160,7046,"Neutral Demographic Mix, Partner Inclined",7047,"Diverse Demographics, Average Customer Base"
3161,numeric,Numeric: ID 3161,7046,"Neutral Demographic Mix, Partner Inclined",7047,"Diverse Demographics, Average Customer Base"
3162,numeric,Numeric: ID 3162,7046,"Neutral Demographic Mix, Partner Inclined",7047,"Diverse Demographics, Average Customer Base"
3163,numeric,Numeric: ID 3163,7046,"Neutral Demographic Mix, Partner Inclined",7047,"Diverse Demographics, Average Customer Base"
3164,numeric,Numeric: ID 3164,7046,"Neutral Demographic Mix, Partner Inclined",7047,"Diverse Demographics, Average Customer Base"
3165,numeric,Numeric: ID 3165,7046,"Neutral Demographic Mix, Partner Inclined",7047,"Diverse Demographics, Average Customer Base"
3166,numeric,Numeric: ID 3166,7046,"Neutral Demographic Mix, Partner Inclined",7047,"Diverse Demographics, Average Customer Base"
3167,numeric,Numeric: ID 3167,7045,"Younger, Fewer Partners, Gender Balanced",7048,"Younger, Single Customers: Engagement Focus"
3168,numeric,Numeric: ID 3168,7045,"Younger, Fewer Partners, Gender Balanced",7048,"Younger, Single Customers: Engagement Focus"
3169,numeric,Numeric: ID 3169,7046,"Neutral Demographic Mix, Partner Inclined",7047,"Diverse Demographics, Average Customer Base"
3170,numeric,Numeric: ID 3170,7045,"Younger, Fewer Partners, Gender Balanced",7048,"Younger, Single Customers: Engagement Focus"
3171,numeric,Numeric: ID 3171,7046,"Neutral Demographic Mix, Partner Inclined",7047,"Diverse Demographics, Average Customer Base"
3172,numeric,Numeric: ID 3172,7046,"Neutral Demographic Mix, Partner Inclined",7047,"Diverse Demographics, Average Customer Base"
3173,numeric,Numeric: ID 3173,7046,"Neutral Demographic Mix, Partner Inclined",7047,"Diverse Demographics, Average Customer Base"
3174,numeric,Numeric: ID 3174,7046,"Neutral Demographic Mix, Partner Inclined",7047,"Diverse Demographics, Average Customer Base"
3175,numeric,Numeric: ID 3175,7045,"Younger, Fewer Partners, Gender Balanced",7048,"Younger, Single Customers: Engagement Focus"
3176,numeric,Numeric: ID 3176,7046,"Neutral Demographic Mix, Partner Inclined",7047,"Diverse Demographics, Average Customer Base"
3177,numeric,Numeric: ID 3177,7046,"Neutral Demographic Mix, Partner Inclined",7047,"Diverse Demographics, Average Customer Base"
3178,numeric,Numeric: ID 3178,7046,"Neutral Demographic Mix, Partner Inclined",7047,"Diverse Demographics, Average Customer Base"
3179,numeric,Numeric: ID 3179,7045,"Younger, Fewer Partners, Gender Balanced",7048,"Younger, Single Customers: Engagement Focus"
3180,numeric,Numeric: ID 3180,7046,"Neutral Demographic Mix, Partner Inclined",7047,"Diverse Demographics, Average Customer Base"
3181,numeric,Numeric: ID 3181,7046,"Neutral Demographic Mix, Partner Inclined",7047,"Diverse Demographics, Average Customer Base"
3182,numeric,Numeric: ID 3182,7045,"Younger, Fewer Partners, Gender Balanced",7048,"Younger, Single Customers: Engagement Focus"
3183,numeric,Numeric: ID 3183,7046,"Neutral Demographic Mix, Partner Inclined",7047,"Diverse Demographics, Average Customer Base"
3184,numeric,Numeric: ID 3184,7045,"Younger, Fewer Partners, Gender Balanced",7048,"Younger, Single Customers: Engagement Focus"
3185,numeric,Numeric: ID 3185,7046,"Neutral Demographic Mix, Partner Inclined",7047,"Diverse Demographics, Average Customer Base"
3186,numeric,Numeric: ID 3186,7046,"Neutral Demographic Mix, Partner Inclined",7047,"Diverse Demographics, Average Customer Base"
3187,numeric,Numeric: ID 3187,7046,"Neutral Demographic Mix, Partner Inclined",7047,"Diverse Demographics, Average Customer Base"
3188,numeric,Numeric: ID 3188,7046,"Neutral Demographic Mix, Partner Inclined",7047,"Diverse Demographics, Average Customer Base"
3189,numeric,Numeric: ID 3189,7046,"Neutral Demographic Mix, Partner Inclined",7047,"Diverse Demographics, Average Customer Base"
3190,numeric,Numeric: ID 3190,7045,"Younger, Fewer Partners, Gender Balanced",7048,"Younger, Single Customers: Engagement Focus"
3191,numeric,Numeric: ID 3191,7044,"Balanced Demographics, Average Customer",7047,"Diverse Demographics, Average Customer Base"
3192,numeric,Numeric: ID 3192,7046,"Neutral Demographic Mix, Partner Inclined",7047,"Diverse Demographics, Average Customer Base"
3193,numeric,Numeric: ID 3193,7046,"Neutral Demographic Mix, Partner Inclined",7047,"Diverse Demographics, Average Customer Base"
3194,numeric,Numeric: ID 3194,7045,"Younger, Fewer Partners, Gender Balanced",7048,"Younger, Single Customers: Engagement Focus"
3195,numeric,Numeric: ID 3195,7046,"Neutral Demographic Mix, Partner Inclined",7047,"Diverse Demographics, Average Customer Base"
3196,numeric,Numeric: ID 3196,7046,"Neutral Demographic Mix, Partner Inclined",7047,"Diverse Demographics, Average Customer Base"
3197,numeric,Numeric: ID 3197,7045,"Younger, Fewer Partners, Gender Balanced",7048,"Younger, Single Customers: Engagement Focus"
3198,numeric,Numeric: ID 3198,7045,"Younger, Fewer Partners, Gender Balanced",7048,"Younger, Single Customers: Engagement Focus"
3199,numeric,Numeric: ID 3199,7046,"Neutral Demographic Mix, Partner Inclined",7047,"Diverse Demographics, Average Customer Base"
3200,numeric,Numeric: ID 3200,7046,"Neutral Demographic Mix, Partner Inclined",7047,"Diverse Demographics, Average Customer Base"
3201,numeric,Numeric: ID 3201,7044,"Balanced Demographics, Average Customer",7047,"Diverse Demographics, Average Customer Base"
3202,numeric,Numeric: ID 3202,7044,"Balanced Demographics, Average Customer",7047,"Diverse Demographics, Average Customer Base"
3203,numeric,Numeric: ID 3203,7045,"Younger, Fewer Partners, Gender Balanced",7048,"Younger, Single Customers: Engagement Focus"
3204,numeric,Numeric: ID 3204,7046,"Neutral Demographic Mix, Partner Inclined",7047,"Diverse Demographics, Average Customer Base"
3205,numeric,Numeric: ID 3205,7045,"Younger, Fewer Partners, Gender Balanced",7048,"Younger, Single Customers: Engagement Focus"
3206,numeric,Numeric: ID 3206,7046,"Neutral Demographic Mix, Partner Inclined",7047,"Diverse Demographics, Average Customer Base"
3207,numeric,Numeric: ID 3207,7046,"Neutral Demographic Mix, Partner Inclined",7047,"Diverse Demographics, Average Customer Base"
3208,numeric,Numeric: ID 3208,7046,"Neutral Demographic Mix, Partner Inclined",7047,"Diverse Demographics, Average Customer Base"
3209,numeric,Numeric: ID 3209,7046,"Neutral Demographic Mix, Partner Inclined",7047,"Diverse Demographics, Average Customer Base"
3210,numeric,Numeric: ID 3210,7045,"Younger, Fewer Partners, Gender Balanced",7048,"Younger, Single Customers: Engagement Focus"
3211,numeric,Numeric: ID 3211,7045,"Younger, Fewer Partners, Gender Balanced",7048,"Younger, Single Customers: Engagement Focus"
3212,numeric,Numeric: ID 3212,7045,"Younger, Fewer Partners, Gender Balanced",7048,"Younger, Single Customers: Engagement Focus"
3213,numeric,Numeric: ID 3213,7046,"Neutral Demographic Mix, Partner Inclined",7047,"Diverse Demographics, Average Customer Base"
3214,numeric,Numeric: ID 3214,7046,"Neutral Demographic Mix, Partner Inclined",7047,"Diverse Demographics, Average Customer Base"
3215,numeric,Numeric: ID 3215,7044,"Balanced Demographics, Average Customer",7047,"Diverse Demographics, Average Customer Base"
3216,numeric,Numeric: ID 3216,7046,"Neutral Demographic Mix, Partner Inclined",7047,"Diverse Demographics, Average Customer Base"
3217,numeric,Numeric: ID 3217,7045,"Younger, Fewer Partners, Gender Balanced",7048,"Younger, Single Customers: Engagement Focus"
3218,numeric,Numeric: ID 3218,7046,"Neutral Demographic Mix, Partner Inclined",7047,"Diverse Demographics, Average Customer Base"
3219,numeric,Numeric: ID 3219,7046,"Neutral Demographic Mix, Partner Inclined",7047,"Diverse Demographics, Average Customer Base"
3220,numeric,Numeric: ID 3220,7044,"Balanced Demographics, Average Customer",7047,"Diverse Demographics, Average Customer Base"
3221,numeric,Numeric: ID 3221,7045,"Younger, Fewer Partners, Gender Balanced",7048,"Younger, Single Customers: Engagement Focus"
3222,numeric,Numeric: ID 3222,7046,"Neutral Demographic Mix, Partner Inclined",7047,"Diverse Demographics, Average Customer Base"
3223,numeric,Numeric: ID 3223,7045,"Younger, Fewer Partners, Gender Balanced",7048,"Younger, Single Customers: Engagement Focus"
3224,numeric,Numeric: ID 3224,7046,"Neutral Demographic Mix, Partner Inclined",7047,"Diverse Demographics, Average Customer Base"
3225,numeric,Numeric: ID 3225,7046,"Neutral Demographic Mix, Partner Inclined",7047,"Diverse Demographics, Average Customer Base"
3226,numeric,Numeric: ID 3226,7046,"Neutral Demographic Mix, Partner Inclined",7047,"Diverse Demographics, Average Customer Base"
3227,numeric,Numeric: ID 3227,7046,"Neutral Demographic Mix, Partner Inclined",7047,"Diverse Demographics, Average Customer Base"
3228,numeric,Numeric: ID 3228,7045,"Younger, Fewer Partners, Gender Balanced",7048,"Younger, Single Customers: Engagement Focus"
3229,numeric,Numeric: ID 3229,7045,"Younger, Fewer Partners, Gender Balanced",7048,"Younger, Single Customers: Engagement Focus"
3230,numeric,Numeric: ID 3230,7046,"Neutral Demographic Mix, Partner Inclined",7047,"Diverse Demographics, Average Customer Base"
3231,numeric,Numeric: ID 3231,7045,"Younger, Fewer Partners, Gender Balanced",7048,"Younger, Single Customers: Engagement Focus"
3232,numeric,Numeric: ID 3232,7046,"Neutral Demographic Mix, Partner Inclined",7047,"Diverse Demographics, Average Customer Base"
3233,numeric,Numeric: ID 3233,7044,"Balanced Demographics, Average Customer",7047,"Diverse Demographics, Average Customer Base"
3234,numeric,Numeric: ID 3234,7045,"Younger, Fewer Partners, Gender Balanced",7048,"Younger, Single Customers: Engagement Focus"
3235,numeric,Numeric: ID 3235,7045,"Younger, Fewer Partners, Gender Balanced",7048,"Younger, Single Customers: Engagement Focus"
3236,numeric,Numeric: ID 3236,7045,"Younger, Fewer Partners, Gender Balanced",7048,"Younger, Single Customers: Engagement Focus"
3237,numeric,Numeric: ID 3237,7046,"Neutral Demographic Mix, Partner Inclined",7047,"Diverse Demographics, Average Customer Base"
3238,numeric,Numeric: ID 3238,7045,"Younger, Fewer Partners, Gender Balanced",7048,"Younger, Single Customers: Engagement Focus"
3239,numeric,Numeric: ID 3239,7046,"Neutral Demographic Mix, Partner Inclined",7047,"Diverse Demographics, Average Customer Base"
3240,numeric,Numeric: ID 3240,7045,"Younger, Fewer Partners, Gender Balanced",7048,"Younger, Single Customers: Engagement Focus"
3241,numeric,Numeric: ID 3241,7044,"Balanced Demographics, Average Customer",7047,"Diverse Demographics, Average Customer Base"
3242,numeric,Numeric: ID 3242,7045,"Younger, Fewer Partners, Gender Balanced",7048,"Younger, Single Customers: Engagement Focus"
3243,numeric,Numeric: ID 3243,7046,"Neutral Demographic Mix, Partner Inclined",7047,"Diverse Demographics, Average Customer Base"
3244,numeric,Numeric: ID 3244,7046,"Neutral Demographic Mix, Partner Inclined",7047,"Diverse Demographics, Average Customer Base"
3245,numeric,Numeric: ID 3245,7046,"Neutral Demographic Mix, Partner Inclined",7047,"Diverse Demographics, Average Customer Base"
3246,numeric,Numeric: ID 3246,7046,"Neutral Demographic Mix, Partner Inclined",7047,"Diverse Demographics, Average Customer Base"
3247,numeric,Numeric: ID 3247,7045,"Younger, Fewer Partners, Gender Balanced",7048,"Younger, Single Customers: Engagement Focus"
3248,numeric,Numeric: ID 3248,7046,"Neutral Demographic Mix, Partner Inclined",7047,"Diverse Demographics, Average Customer Base"
3249,numeric,Numeric: ID 3249,7046,"Neutral Demographic Mix, Partner Inclined",7047,"Diverse Demographics, Average Customer Base"
3250,numeric,Numeric: ID 3250,7045,"Younger, Fewer Partners, Gender Balanced",7048,"Younger, Single Customers: Engagement Focus"
3251,numeric,Numeric: ID 3251,7046,"Neutral Demographic Mix, Partner Inclined",7047,"Diverse Demographics, Average Customer Base"
3252,numeric,Numeric: ID 3252,7046,"Neutral Demographic Mix, Partner Inclined",7047,"Diverse Demographics, Average Customer Base"
3253,numeric,Numeric: ID 3253,7046,"Neutral Demographic Mix, Partner Inclined",7047,"Diverse Demographics, Average Customer Base"
3254,numeric,Numeric: ID 3254,7046,"Neutral Demographic Mix, Partner Inclined",7047,"Diverse Demographics, Average Customer Base"
3255,numeric,Numeric: ID 3255,7046,"Neutral Demographic Mix, Partner Inclined",7047,"Diverse Demographics, Average Customer Base"
3256,numeric,Numeric: ID 3256,7045,"Younger, Fewer Partners, Gender Balanced",7048,"Younger, Single Customers: Engagement Focus"
3257,numeric,Numeric: ID 3257,7044,"Balanced Demographics, Average Customer",7047,"Diverse Demographics, Average Customer Base"
3258,numeric,Numeric: ID 3258,7046,"Neutral Demographic Mix, Partner Inclined",7047,"Diverse Demographics, Average Customer Base"
3259,numeric,Numeric: ID 3259,7046,"Neutral Demographic Mix, Partner Inclined",7047,"Diverse Demographics, Average Customer Base"
3260,numeric,Numeric: ID 3260,7046,"Neutral Demographic Mix, Partner Inclined",7047,"Diverse Demographics, Average Customer Base"
3261,numeric,Numeric: ID 3261,7046,"Neutral Demographic Mix, Partner Inclined",7047,"Diverse Demographics, Average Customer Base"
3262,numeric,Numeric: ID 3262,7046,"Neutral Demographic Mix, Partner Inclined",7047,"Diverse Demographics, Average Customer Base"
3263,numeric,Numeric: ID 3263,7044,"Balanced Demographics, Average Customer",7047,"Diverse Demographics, Average Customer Base"
3264,numeric,Numeric: ID 3264,7044,"Balanced Demographics, Average Customer",7047,"Diverse Demographics, Average Customer Base"
3265,numeric,Numeric: ID 3265,7046,"Neutral Demographic Mix, Partner Inclined",7047,"Diverse Demographics, Average Customer Base"
3266,numeric,Numeric: ID 3266,7044,"Balanced Demographics, Average Customer",7047,"Diverse Demographics, Average Customer Base"
3267,numeric,Numeric: ID 3267,7046,"Neutral Demographic Mix, Partner Inclined",7047,"Diverse Demographics, Average Customer Base"
3268,numeric,Numeric: ID 3268,7046,"Neutral Demographic Mix, Partner Inclined",7047,"Diverse Demographics, Average Customer Base"
3269,numeric,Numeric: ID 3269,7046,"Neutral Demographic Mix, Partner Inclined",7047,"Diverse Demographics, Average Customer Base"
3270,numeric,Numeric: ID 3270,7045,"Younger, Fewer Partners, Gender Balanced",7048,"Younger, Single Customers: Engagement Focus"
3271,numeric,Numeric: ID 3271,7045,"Younger, Fewer Partners, Gender Balanced",7048,"Younger, Single Customers: Engagement Focus"
3272,numeric,Numeric: ID 3272,7046,"Neutral Demographic Mix, Partner Inclined",7047,"Diverse Demographics, Average Customer Base"
3273,numeric,Numeric: ID 3273,7046,"Neutral Demographic Mix, Partner Inclined",7047,"Diverse Demographics, Average Customer Base"
3274,numeric,Numeric: ID 3274,7045,"Younger, Fewer Partners, Gender Balanced",7048,"Younger, Single Customers: Engagement Focus"
3275,numeric,Numeric: ID 3275,7044,"Balanced Demographics, Average Customer",7047,"Diverse Demographics, Average Customer Base"
3276,numeric,Numeric: ID 3276,7046,"Neutral Demographic Mix, Partner Inclined",7047,"Diverse Demographics, Average Customer Base"
3277,numeric,Numeric: ID 3277,7045,"Younger, Fewer Partners, Gender Balanced",7048,"Younger, Single Customers: Engagement Focus"
3278,numeric,Numeric: ID 3278,7045,"Younger, Fewer Partners, Gender Balanced",7048,"Younger, Single Customers: Engagement Focus"
3279,numeric,Numeric: ID 3279,7044,"Balanced Demographics, Average Customer",7047,"Diverse Demographics, Average Customer Base"
3280,numeric,Numeric: ID 3280,7046,"Neutral Demographic Mix, Partner Inclined",7047,"Diverse Demographics, Average Customer Base"
3281,numeric,Numeric: ID 3281,7045,"Younger, Fewer Partners, Gender Balanced",7048,"Younger, Single Customers: Engagement Focus"
3282,numeric,Numeric: ID 3282,7046,"Neutral Demographic Mix, Partner Inclined",7047,"Diverse Demographics, Average Customer Base"
3283,numeric,Numeric: ID 3283,7046,"Neutral Demographic Mix, Partner Inclined",7047,"Diverse Demographics, Average Customer Base"
3284,numeric,Numeric: ID 3284,7046,"Neutral Demographic Mix, Partner Inclined",7047,"Diverse Demographics, Average Customer Base"
3285,numeric,Numeric: ID 3285,7046,"Neutral Demographic Mix, Partner Inclined",7047,"Diverse Demographics, Average Customer Base"
3286,numeric,Numeric: ID 3286,7046,"Neutral Demographic Mix, Partner Inclined",7047,"Diverse Demographics, Average Customer Base"
3287,numeric,Numeric: ID 3287,7045,"Younger, Fewer Partners, Gender Balanced",7048,"Younger, Single Customers: Engagement Focus"
3288,numeric,Numeric: ID 3288,7046,"Neutral Demographic Mix, Partner Inclined",7047,"Diverse Demographics, Average Customer Base"
3289,numeric,Numeric: ID 3289,7046,"Neutral Demographic Mix, Partner Inclined",7047,"Diverse Demographics, Average Customer Base"
3290,numeric,Numeric: ID 3290,7045,"Younger, Fewer Partners, Gender Balanced",7048,"Younger, Single Customers: Engagement Focus"
3291,numeric,Numeric: ID 3291,7046,"Neutral Demographic Mix, Partner Inclined",7047,"Diverse Demographics, Average Customer Base"
3292,numeric,Numeric: ID 3292,7046,"Neutral Demographic Mix, Partner Inclined",7047,"Diverse Demographics, Average Customer Base"
3293,numeric,Numeric: ID 3293,7046,"Neutral Demographic Mix, Partner Inclined",7047,"Diverse Demographics, Average Customer Base"
3294,numeric,Numeric: ID 3294,7045,"Younger, Fewer Partners, Gender Balanced",7048,"Younger, Single Customers: Engagement Focus"
3295,numeric,Numeric: ID 3295,7046,"Neutral Demographic Mix, Partner Inclined",7047,"Diverse Demographics, Average Customer Base"
3296,numeric,Numeric: ID 3296,7045,"Younger, Fewer Partners, Gender Balanced",7048,"Younger, Single Customers: Engagement Focus"
3297,numeric,Numeric: ID 3297,7045,"Younger, Fewer Partners, Gender Balanced",7048,"Younger, Single Customers: Engagement Focus"
3298,numeric,Numeric: ID 3298,7045,"Younger, Fewer Partners, Gender Balanced",7048,"Younger, Single Customers: Engagement Focus"
3299,numeric,Numeric: ID 3299,7046,"Neutral Demographic Mix, Partner Inclined",7047,"Diverse Demographics, Average Customer Base"
3300,numeric,Numeric: ID 3300,7045,"Younger, Fewer Partners, Gender Balanced",7048,"Younger, Single Customers: Engagement Focus"
3301,numeric,Numeric: ID 3301,7045,"Younger, Fewer Partners, Gender Balanced",7048,"Younger, Single Customers: Engagement Focus"
3302,numeric,Numeric: ID 3302,7045,"Younger, Fewer Partners, Gender Balanced",7048,"Younger, Single Customers: Engagement Focus"
3303,numeric,Numeric: ID 3303,7046,"Neutral Demographic Mix, Partner Inclined",7047,"Diverse Demographics, Average Customer Base"
3304,numeric,Numeric: ID 3304,7046,"Neutral Demographic Mix, Partner Inclined",7047,"Diverse Demographics, Average Customer Base"
3305,numeric,Numeric: ID 3305,7045,"Younger, Fewer Partners, Gender Balanced",7048,"Younger, Single Customers: Engagement Focus"
3306,numeric,Numeric: ID 3306,7046,"Neutral Demographic Mix, Partner Inclined",7047,"Diverse Demographics, Average Customer Base"
3307,numeric,Numeric: ID 3307,7045,"Younger, Fewer Partners, Gender Balanced",7048,"Younger, Single Customers: Engagement Focus"
3308,numeric,Numeric: ID 3308,7046,"Neutral Demographic Mix, Partner Inclined",7047,"Diverse Demographics, Average Customer Base"
3309,numeric,Numeric: ID 3309,7046,"Neutral Demographic Mix, Partner Inclined",7047,"Diverse Demographics, Average Customer Base"
3310,numeric,Numeric: ID 3310,7046,"Neutral Demographic Mix, Partner Inclined",7047,"Diverse Demographics, Average Customer Base"
3311,numeric,Numeric: ID 3311,7046,"Neutral Demographic Mix, Partner Inclined",7047,"Diverse Demographics, Average Customer Base"
3312,numeric,Numeric: ID 3312,7046,"Neutral Demographic Mix, Partner Inclined",7047,"Diverse Demographics, Average Customer Base"
3313,numeric,Numeric: ID 3313,7046,"Neutral Demographic Mix, Partner Inclined",7047,"Diverse Demographics, Average Customer Base"
3314,numeric,Numeric: ID 3314,7046,"Neutral Demographic Mix, Partner Inclined",7047,"Diverse Demographics, Average Customer Base"
3315,numeric,Numeric: ID 3315,7046,"Neutral Demographic Mix, Partner Inclined",7047,"Diverse Demographics, Average Customer Base"
3316,numeric,Numeric: ID 3316,7046,"Neutral Demographic Mix, Partner Inclined",7047,"Diverse Demographics, Average Customer Base"
3317,numeric,Numeric: ID 3317,7044,"Balanced Demographics, Average Customer",7047,"Diverse Demographics, Average Customer Base"
3318,numeric,Numeric: ID 3318,7046,"Neutral Demographic Mix, Partner Inclined",7047,"Diverse Demographics, Average Customer Base"
3319,numeric,Numeric: ID 3319,7046,"Neutral Demographic Mix, Partner Inclined",7047,"Diverse Demographics, Average Customer Base"
3320,numeric,Numeric: ID 3320,7046,"Neutral Demographic Mix, Partner Inclined",7047,"Diverse Demographics, Average Customer Base"
3321,numeric,Numeric: ID 3321,7046,"Neutral Demographic Mix, Partner Inclined",7047,"Diverse Demographics, Average Customer Base"
3322,numeric,Numeric: ID 3322,7046,"Neutral Demographic Mix, Partner Inclined",7047,"Diverse Demographics, Average Customer Base"
3323,numeric,Numeric: ID 3323,7046,"Neutral Demographic Mix, Partner Inclined",7047,"Diverse Demographics, Average Customer Base"
3324,numeric,Numeric: ID 3324,7046,"Neutral Demographic Mix, Partner Inclined",7047,"Diverse Demographics, Average Customer Base"
3325,numeric,Numeric: ID 3325,7044,"Balanced Demographics, Average Customer",7047,"Diverse Demographics, Average Customer Base"
3326,numeric,Numeric: ID 3326,7045,"Younger, Fewer Partners, Gender Balanced",7048,"Younger, Single Customers: Engagement Focus"
3327,numeric,Numeric: ID 3327,7046,"Neutral Demographic Mix, Partner Inclined",7047,"Diverse Demographics, Average Customer Base"
3328,numeric,Numeric: ID 3328,7046,"Neutral Demographic Mix, Partner Inclined",7047,"Diverse Demographics, Average Customer Base"
3329,numeric,Numeric: ID 3329,7045,"Younger, Fewer Partners, Gender Balanced",7048,"Younger, Single Customers: Engagement Focus"
3330,numeric,Numeric: ID 3330,7046,"Neutral Demographic Mix, Partner Inclined",7047,"Diverse Demographics, Average Customer Base"
3331,numeric,Numeric: ID 3331,7046,"Neutral Demographic Mix, Partner Inclined",7047,"Diverse Demographics, Average Customer Base"
3332,numeric,Numeric: ID 3332,7045,"Younger, Fewer Partners, Gender Balanced",7048,"Younger, Single Customers: Engagement Focus"
3333,numeric,Numeric: ID 3333,7046,"Neutral Demographic Mix, Partner Inclined",7047,"Diverse Demographics, Average Customer Base"
3334,numeric,Numeric: ID 3334,7045,"Younger, Fewer Partners, Gender Balanced",7048,"Younger, Single Customers: Engagement Focus"
3335,numeric,Numeric: ID 3335,7046,"Neutral Demographic Mix, Partner Inclined",7047,"Diverse Demographics, Average Customer Base"
3336,numeric,Numeric: ID 3336,7046,"Neutral Demographic Mix, Partner Inclined",7047,"Diverse Demographics, Average Customer Base"
3337,numeric,Numeric: ID 3337,7044,"Balanced Demographics, Average Customer",7047,"Diverse Demographics, Average Customer Base"
3338,numeric,Numeric: ID 3338,7046,"Neutral Demographic Mix, Partner Inclined",7047,"Diverse Demographics, Average Customer Base"
3339,numeric,Numeric: ID 3339,7046,"Neutral Demographic Mix, Partner Inclined",7047,"Diverse Demographics, Average Customer Base"
3340,numeric,Numeric: ID 3340,7045,"Younger, Fewer Partners, Gender Balanced",7048,"Younger, Single Customers: Engagement Focus"
3341,numeric,Numeric: ID 3341,7046,"Neutral Demographic Mix, Partner Inclined",7047,"Diverse Demographics, Average Customer Base"
3342,numeric,Numeric: ID 3342,7046,"Neutral Demographic Mix, Partner Inclined",7047,"Diverse Demographics, Average Customer Base"
3343,numeric,Numeric: ID 3343,7046,"Neutral Demographic Mix, Partner Inclined",7047,"Diverse Demographics, Average Customer Base"
3344,numeric,Numeric: ID 3344,7045,"Younger, Fewer Partners, Gender Balanced",7048,"Younger, Single Customers: Engagement Focus"
3345,numeric,Numeric: ID 3345,7044,"Balanced Demographics, Average Customer",7047,"Diverse Demographics, Average Customer Base"
3346,numeric,Numeric: ID 3346,7046,"Neutral Demographic Mix, Partner Inclined",7047,"Diverse Demographics, Average Customer Base"
3347,numeric,Numeric: ID 3347,7046,"Neutral Demographic Mix, Partner Inclined",7047,"Diverse Demographics, Average Customer Base"
3348,numeric,Numeric: ID 3348,7045,"Younger, Fewer Partners, Gender Balanced",7048,"Younger, Single Customers: Engagement Focus"
3349,numeric,Numeric: ID 3349,7046,"Neutral Demographic Mix, Partner Inclined",7047,"Diverse Demographics, Average Customer Base"
3350,numeric,Numeric: ID 3350,7046,"Neutral Demographic Mix, Partner Inclined",7047,"Diverse Demographics, Average Customer Base"
3351,numeric,Numeric: ID 3351,7045,"Younger, Fewer Partners, Gender Balanced",7048,"Younger, Single Customers: Engagement Focus"
3352,numeric,Numeric: ID 3352,7046,"Neutral Demographic Mix, Partner Inclined",7047,"Diverse Demographics, Average Customer Base"
3353,numeric,Numeric: ID 3353,7046,"Neutral Demographic Mix, Partner Inclined",7047,"Diverse Demographics, Average Customer Base"
3354,numeric,Numeric: ID 3354,7046,"Neutral Demographic Mix, Partner Inclined",7047,"Diverse Demographics, Average Customer Base"
3355,numeric,Numeric: ID 3355,7046,"Neutral Demographic Mix, Partner Inclined",7047,"Diverse Demographics, Average Customer Base"
3356,numeric,Numeric: ID 3356,7046,"Neutral Demographic Mix, Partner Inclined",7047,"Diverse Demographics, Average Customer Base"
3357,numeric,Numeric: ID 3357,7046,"Neutral Demographic Mix, Partner Inclined",7047,"Diverse Demographics, Average Customer Base"
3358,numeric,Numeric: ID 3358,7045,"Younger, Fewer Partners, Gender Balanced",7048,"Younger, Single Customers: Engagement Focus"
3359,numeric,Numeric: ID 3359,7045,"Younger, Fewer Partners, Gender Balanced",7048,"Younger, Single Customers: Engagement Focus"
3360,numeric,Numeric: ID 3360,7046,"Neutral Demographic Mix, Partner Inclined",7047,"Diverse Demographics, Average Customer Base"
3361,numeric,Numeric: ID 3361,7044,"Balanced Demographics, Average Customer",7047,"Diverse Demographics, Average Customer Base"
3362,numeric,Numeric: ID 3362,7046,"Neutral Demographic Mix, Partner Inclined",7047,"Diverse Demographics, Average Customer Base"
3363,numeric,Numeric: ID 3363,7046,"Neutral Demographic Mix, Partner Inclined",7047,"Diverse Demographics, Average Customer Base"
3364,numeric,Numeric: ID 3364,7046,"Neutral Demographic Mix, Partner Inclined",7047,"Diverse Demographics, Average Customer Base"
3365,numeric,Numeric: ID 3365,7046,"Neutral Demographic Mix, Partner Inclined",7047,"Diverse Demographics, Average Customer Base"
3366,numeric,Numeric: ID 3366,7046,"Neutral Demographic Mix, Partner Inclined",7047,"Diverse Demographics, Average Customer Base"
3367,numeric,Numeric: ID 3367,7045,"Younger, Fewer Partners, Gender Balanced",7048,"Younger, Single Customers: Engagement Focus"
3368,numeric,Numeric: ID 3368,7046,"Neutral Demographic Mix, Partner Inclined",7047,"Diverse Demographics, Average Customer Base"
3369,numeric,Numeric: ID 3369,7046,"Neutral Demographic Mix, Partner Inclined",7047,"Diverse Demographics, Average Customer Base"
3370,numeric,Numeric: ID 3370,7045,"Younger, Fewer Partners, Gender Balanced",7048,"Younger, Single Customers: Engagement Focus"
3371,numeric,Numeric: ID 3371,7046,"Neutral Demographic Mix, Partner Inclined",7047,"Diverse Demographics, Average Customer Base"
3372,numeric,Numeric: ID 3372,7044,"Balanced Demographics, Average Customer",7047,"Diverse Demographics, Average Customer Base"
3373,numeric,Numeric: ID 3373,7046,"Neutral Demographic Mix, Partner Inclined",7047,"Diverse Demographics, Average Customer Base"
3374,numeric,Numeric: ID 3374,7046,"Neutral Demographic Mix, Partner Inclined",7047,"Diverse Demographics, Average Customer Base"
3375,numeric,Numeric: ID 3375,7044,"Balanced Demographics, Average Customer",7047,"Diverse Demographics, Average Customer Base"
3376,numeric,Numeric: ID 3376,7045,"Younger, Fewer Partners, Gender Balanced",7048,"Younger, Single Customers: Engagement Focus"
3377,numeric,Numeric: ID 3377,7046,"Neutral Demographic Mix, Partner Inclined",7047,"Diverse Demographics, Average Customer Base"
3378,numeric,Numeric: ID 3378,7046,"Neutral Demographic Mix, Partner Inclined",7047,"Diverse Demographics, Average Customer Base"
3379,numeric,Numeric: ID 3379,7046,"Neutral Demographic Mix, Partner Inclined",7047,"Diverse Demographics, Average Customer Base"
3380,numeric,Numeric: ID 3380,7046,"Neutral Demographic Mix, Partner Inclined",7047,"Diverse Demographics, Average Customer Base"
3381,numeric,Numeric: ID 3381,7046,"Neutral Demographic Mix, Partner Inclined",7047,"Diverse Demographics, Average Customer Base"
3382,numeric,Numeric: ID 3382,7046,"Neutral Demographic Mix, Partner Inclined",7047,"Diverse Demographics, Average Customer Base"
3383,numeric,Numeric: ID 3383,7045,"Younger, Fewer Partners, Gender Balanced",7048,"Younger, Single Customers: Engagement Focus"
3384,numeric,Numeric: ID 3384,7046,"Neutral Demographic Mix, Partner Inclined",7047,"Diverse Demographics, Average Customer Base"
3385,numeric,Numeric: ID 3385,7045,"Younger, Fewer Partners, Gender Balanced",7048,"Younger, Single Customers: Engagement Focus"
3386,numeric,Numeric: ID 3386,7046,"Neutral Demographic Mix, Partner Inclined",7047,"Diverse Demographics, Average Customer Base"
3387,numeric,Numeric: ID 3387,7045,"Younger, Fewer Partners, Gender Balanced",7048,"Younger, Single Customers: Engagement Focus"
3388,numeric,Numeric: ID 3388,7046,"Neutral Demographic Mix, Partner Inclined",7047,"Diverse Demographics, Average Customer Base"
3389,numeric,Numeric: ID 3389,7046,"Neutral Demographic Mix, Partner Inclined",7047,"Diverse Demographics, Average Customer Base"
3390,numeric,Numeric: ID 3390,7046,"Neutral Demographic Mix, Partner Inclined",7047,"Diverse Demographics, Average Customer Base"
3391,numeric,Numeric: ID 3391,7045,"Younger, Fewer Partners, Gender Balanced",7048,"Younger, Single Customers: Engagement Focus"
3392,numeric,Numeric: ID 3392,7045,"Younger, Fewer Partners, Gender Balanced",7048,"Younger, Single Customers: Engagement Focus"
3393,numeric,Numeric: ID 3393,7046,"Neutral Demographic Mix, Partner Inclined",7047,"Diverse Demographics, Average Customer Base"
3394,numeric,Numeric: ID 3394,7046,"Neutral Demographic Mix, Partner Inclined",7047,"Diverse Demographics, Average Customer Base"
3395,numeric,Numeric: ID 3395,7046,"Neutral Demographic Mix, Partner Inclined",7047,"Diverse Demographics, Average Customer Base"
3396,numeric,Numeric: ID 3396,7046,"Neutral Demographic Mix, Partner Inclined",7047,"Diverse Demographics, Average Customer Base"
3397,numeric,Numeric: ID 3397,7046,"Neutral Demographic Mix, Partner Inclined",7047,"Diverse Demographics, Average Customer Base"
3398,numeric,Numeric: ID 3398,7046,"Neutral Demographic Mix, Partner Inclined",7047,"Diverse Demographics, Average Customer Base"
3399,numeric,Numeric: ID 3399,7045,"Younger, Fewer Partners, Gender Balanced",7048,"Younger, Single Customers: Engagement Focus"
3400,numeric,Numeric: ID 3400,7046,"Neutral Demographic Mix, Partner Inclined",7047,"Diverse Demographics, Average Customer Base"
3401,numeric,Numeric: ID 3401,7044,"Balanced Demographics, Average Customer",7047,"Diverse Demographics, Average Customer Base"
3402,numeric,Numeric: ID 3402,7044,"Balanced Demographics, Average Customer",7047,"Diverse Demographics, Average Customer Base"
3403,numeric,Numeric: ID 3403,7045,"Younger, Fewer Partners, Gender Balanced",7048,"Younger, Single Customers: Engagement Focus"
3404,numeric,Numeric: ID 3404,7046,"Neutral Demographic Mix, Partner Inclined",7047,"Diverse Demographics, Average Customer Base"
3405,numeric,Numeric: ID 3405,7045,"Younger, Fewer Partners, Gender Balanced",7048,"Younger, Single Customers: Engagement Focus"
3406,numeric,Numeric: ID 3406,7045,"Younger, Fewer Partners, Gender Balanced",7048,"Younger, Single Customers: Engagement Focus"
3407,numeric,Numeric: ID 3407,7046,"Neutral Demographic Mix, Partner Inclined",7047,"Diverse Demographics, Average Customer Base"
3408,numeric,Numeric: ID 3408,7046,"Neutral Demographic Mix, Partner Inclined",7047,"Diverse Demographics, Average Customer Base"
3409,numeric,Numeric: ID 3409,7046,"Neutral Demographic Mix, Partner Inclined",7047,"Diverse Demographics, Average Customer Base"
3410,numeric,Numeric: ID 3410,7046,"Neutral Demographic Mix, Partner Inclined",7047,"Diverse Demographics, Average Customer Base"
3411,numeric,Numeric: ID 3411,7046,"Neutral Demographic Mix, Partner Inclined",7047,"Diverse Demographics, Average Customer Base"
3412,numeric,Numeric: ID 3412,7046,"Neutral Demographic Mix, Partner Inclined",7047,"Diverse Demographics, Average Customer Base"
3413,numeric,Numeric: ID 3413,7046,"Neutral Demographic Mix, Partner Inclined",7047,"Diverse Demographics, Average Customer Base"
3414,numeric,Numeric: ID 3414,7046,"Neutral Demographic Mix, Partner Inclined",7047,"Diverse Demographics, Average Customer Base"
3415,numeric,Numeric: ID 3415,7046,"Neutral Demographic Mix, Partner Inclined",7047,"Diverse Demographics, Average Customer Base"
3416,numeric,Numeric: ID 3416,7045,"Younger, Fewer Partners, Gender Balanced",7048,"Younger, Single Customers: Engagement Focus"
3417,numeric,Numeric: ID 3417,7045,"Younger, Fewer Partners, Gender Balanced",7048,"Younger, Single Customers: Engagement Focus"
3418,numeric,Numeric: ID 3418,7045,"Younger, Fewer Partners, Gender Balanced",7048,"Younger, Single Customers: Engagement Focus"
3419,numeric,Numeric: ID 3419,7046,"Neutral Demographic Mix, Partner Inclined",7047,"Diverse Demographics, Average Customer Base"
3420,numeric,Numeric: ID 3420,7046,"Neutral Demographic Mix, Partner Inclined",7047,"Diverse Demographics, Average Customer Base"
3421,numeric,Numeric: ID 3421,7046,"Neutral Demographic Mix, Partner Inclined",7047,"Diverse Demographics, Average Customer Base"
3422,numeric,Numeric: ID 3422,7046,"Neutral Demographic Mix, Partner Inclined",7047,"Diverse Demographics, Average Customer Base"
3423,numeric,Numeric: ID 3423,7044,"Balanced Demographics, Average Customer",7047,"Diverse Demographics, Average Customer Base"
3424,numeric,Numeric: ID 3424,7046,"Neutral Demographic Mix, Partner Inclined",7047,"Diverse Demographics, Average Customer Base"
3425,numeric,Numeric: ID 3425,7045,"Younger, Fewer Partners, Gender Balanced",7048,"Younger, Single Customers: Engagement Focus"
3426,numeric,Numeric: ID 3426,7045,"Younger, Fewer Partners, Gender Balanced",7048,"Younger, Single Customers: Engagement Focus"
3427,numeric,Numeric: ID 3427,7045,"Younger, Fewer Partners, Gender Balanced",7048,"Younger, Single Customers: Engagement Focus"
3428,numeric,Numeric: ID 3428,7046,"Neutral Demographic Mix, Partner Inclined",7047,"Diverse Demographics, Average Customer Base"
3429,numeric,Numeric: ID 3429,7046,"Neutral Demographic Mix, Partner Inclined",7047,"Diverse Demographics, Average Customer Base"
3430,numeric,Numeric: ID 3430,7046,"Neutral Demographic Mix, Partner Inclined",7047,"Diverse Demographics, Average Customer Base"
3431,numeric,Numeric: ID 3431,7046,"Neutral Demographic Mix, Partner Inclined",7047,"Diverse Demographics, Average Customer Base"
3432,numeric,Numeric: ID 3432,7046,"Neutral Demographic Mix, Partner Inclined",7047,"Diverse Demographics, Average Customer Base"
3433,numeric,Numeric: ID 3433,7044,"Balanced Demographics, Average Customer",7047,"Diverse Demographics, Average Customer Base"
3434,numeric,Numeric: ID 3434,7045,"Younger, Fewer Partners, Gender Balanced",7048,"Younger, Single Customers: Engagement Focus"
3435,numeric,Numeric: ID 3435,7045,"Younger, Fewer Partners, Gender Balanced",7048,"Younger, Single Customers: Engagement Focus"
3436,numeric,Numeric: ID 3436,7046,"Neutral Demographic Mix, Partner Inclined",7047,"Diverse Demographics, Average Customer Base"
3437,numeric,Numeric: ID 3437,7046,"Neutral Demographic Mix, Partner Inclined",7047,"Diverse Demographics, Average Customer Base"
3438,numeric,Numeric: ID 3438,7045,"Younger, Fewer Partners, Gender Balanced",7048,"Younger, Single Customers: Engagement Focus"
3439,numeric,Numeric: ID 3439,7046,"Neutral Demographic Mix, Partner Inclined",7047,"Diverse Demographics, Average Customer Base"
3440,numeric,Numeric: ID 3440,7046,"Neutral Demographic Mix, Partner Inclined",7047,"Diverse Demographics, Average Customer Base"
3441,numeric,Numeric: ID 3441,7045,"Younger, Fewer Partners, Gender Balanced",7048,"Younger, Single Customers: Engagement Focus"
3442,numeric,Numeric: ID 3442,7046,"Neutral Demographic Mix, Partner Inclined",7047,"Diverse Demographics, Average Customer Base"
3443,numeric,Numeric: ID 3443,7046,"Neutral Demographic Mix, Partner Inclined",7047,"Diverse Demographics, Average Customer Base"
3444,numeric,Numeric: ID 3444,7046,"Neutral Demographic Mix, Partner Inclined",7047,"Diverse Demographics, Average Customer Base"
3445,numeric,Numeric: ID 3445,7046,"Neutral Demographic Mix, Partner Inclined",7047,"Diverse Demographics, Average Customer Base"
3446,numeric,Numeric: ID 3446,7046,"Neutral Demographic Mix, Partner Inclined",7047,"Diverse Demographics, Average Customer Base"
3447,numeric,Numeric: ID 3447,7045,"Younger, Fewer Partners, Gender Balanced",7048,"Younger, Single Customers: Engagement Focus"
3448,numeric,Numeric: ID 3448,7045,"Younger, Fewer Partners, Gender Balanced",7048,"Younger, Single Customers: Engagement Focus"
3449,numeric,Numeric: ID 3449,7046,"Neutral Demographic Mix, Partner Inclined",7047,"Diverse Demographics, Average Customer Base"
3450,numeric,Numeric: ID 3450,7046,"Neutral Demographic Mix, Partner Inclined",7047,"Diverse Demographics, Average Customer Base"
3451,numeric,Numeric: ID 3451,7045,"Younger, Fewer Partners, Gender Balanced",7048,"Younger, Single Customers: Engagement Focus"
3452,numeric,Numeric: ID 3452,7046,"Neutral Demographic Mix, Partner Inclined",7047,"Diverse Demographics, Average Customer Base"
3453,numeric,Numeric: ID 3453,7046,"Neutral Demographic Mix, Partner Inclined",7047,"Diverse Demographics, Average Customer Base"
3454,numeric,Numeric: ID 3454,7045,"Younger, Fewer Partners, Gender Balanced",7048,"Younger, Single Customers: Engagement Focus"
3455,numeric,Numeric: ID 3455,7046,"Neutral Demographic Mix, Partner Inclined",7047,"Diverse Demographics, Average Customer Base"
3456,numeric,Numeric: ID 3456,7046,"Neutral Demographic Mix, Partner Inclined",7047,"Diverse Demographics, Average Customer Base"
3457,numeric,Numeric: ID 3457,7045,"Younger, Fewer Partners, Gender Balanced",7048,"Younger, Single Customers: Engagement Focus"
3458,numeric,Numeric: ID 3458,7046,"Neutral Demographic Mix, Partner Inclined",7047,"Diverse Demographics, Average Customer Base"
3459,numeric,Numeric: ID 3459,7046,"Neutral Demographic Mix, Partner Inclined",7047,"Diverse Demographics, Average Customer Base"
3460,numeric,Numeric: ID 3460,7046,"Neutral Demographic Mix, Partner Inclined",7047,"Diverse Demographics, Average Customer Base"
3461,numeric,Numeric: ID 3461,7045,"Younger, Fewer Partners, Gender Balanced",7048,"Younger, Single Customers: Engagement Focus"
3462,numeric,Numeric: ID 3462,7046,"Neutral Demographic Mix, Partner Inclined",7047,"Diverse Demographics, Average Customer Base"
3463,numeric,Numeric: ID 3463,7046,"Neutral Demographic Mix, Partner Inclined",7047,"Diverse Demographics, Average Customer Base"
3464,numeric,Numeric: ID 3464,7046,"Neutral Demographic Mix, Partner Inclined",7047,"Diverse Demographics, Average Customer Base"
3465,numeric,Numeric: ID 3465,7046,"Neutral Demographic Mix, Partner Inclined",7047,"Diverse Demographics, Average Customer Base"
3466,numeric,Numeric: ID 3466,7046,"Neutral Demographic Mix, Partner Inclined",7047,"Diverse Demographics, Average Customer Base"
3467,numeric,Numeric: ID 3467,7046,"Neutral Demographic Mix, Partner Inclined",7047,"Diverse Demographics, Average Customer Base"
3468,numeric,Numeric: ID 3468,7045,"Younger, Fewer Partners, Gender Balanced",7048,"Younger, Single Customers: Engagement Focus"
3469,numeric,Numeric: ID 3469,7045,"Younger, Fewer Partners, Gender Balanced",7048,"Younger, Single Customers: Engagement Focus"
3470,numeric,Numeric: ID 3470,7046,"Neutral Demographic Mix, Partner Inclined",7047,"Diverse Demographics, Average Customer Base"
3471,numeric,Numeric: ID 3471,7045,"Younger, Fewer Partners, Gender Balanced",7048,"Younger, Single Customers: Engagement Focus"
3472,numeric,Numeric: ID 3472,7045,"Younger, Fewer Partners, Gender Balanced",7048,"Younger, Single Customers: Engagement Focus"
3473,numeric,Numeric: ID 3473,7046,"Neutral Demographic Mix, Partner Inclined",7047,"Diverse Demographics, Average Customer Base"
3474,numeric,Numeric: ID 3474,7046,"Neutral Demographic Mix, Partner Inclined",7047,"Diverse Demographics, Average Customer Base"
3475,numeric,Numeric: ID 3475,7046,"Neutral Demographic Mix, Partner Inclined",7047,"Diverse Demographics, Average Customer Base"
3476,numeric,Numeric: ID 3476,7046,"Neutral Demographic Mix, Partner Inclined",7047,"Diverse Demographics, Average Customer Base"
3477,numeric,Numeric: ID 3477,7045,"Younger, Fewer Partners, Gender Balanced",7048,"Younger, Single Customers: Engagement Focus"
3478,numeric,Numeric: ID 3478,7046,"Neutral Demographic Mix, Partner Inclined",7047,"Diverse Demographics, Average Customer Base"
3479,numeric,Numeric: ID 3479,7044,"Balanced Demographics, Average Customer",7047,"Diverse Demographics, Average Customer Base"
3480,numeric,Numeric: ID 3480,7045,"Younger, Fewer Partners, Gender Balanced",7048,"Younger, Single Customers: Engagement Focus"
3481,numeric,Numeric: ID 3481,7046,"Neutral Demographic Mix, Partner Inclined",7047,"Diverse Demographics, Average Customer Base"
3482,numeric,Numeric: ID 3482,7046,"Neutral Demographic Mix, Partner Inclined",7047,"Diverse Demographics, Average Customer Base"
3483,numeric,Numeric: ID 3483,7045,"Younger, Fewer Partners, Gender Balanced",7048,"Younger, Single Customers: Engagement Focus"
3484,numeric,Numeric: ID 3484,7045,"Younger, Fewer Partners, Gender Balanced",7048,"Younger, Single Customers: Engagement Focus"
3485,numeric,Numeric: ID 3485,7045,"Younger, Fewer Partners, Gender Balanced",7048,"Younger, Single Customers: Engagement Focus"
3486,numeric,Numeric: ID 3486,7046,"Neutral Demographic Mix, Partner Inclined",7047,"Diverse Demographics, Average Customer Base"
3487,numeric,Numeric: ID 3487,7046,"Neutral Demographic Mix, Partner Inclined",7047,"Diverse Demographics, Average Customer Base"
3488,numeric,Numeric: ID 3488,7045,"Younger, Fewer Partners, Gender Balanced",7048,"Younger, Single Customers: Engagement Focus"
3489,numeric,Numeric: ID 3489,7046,"Neutral Demographic Mix, Partner Inclined",7047,"Diverse Demographics, Average Customer Base"
3490,numeric,Numeric: ID 3490,7046,"Neutral Demographic Mix, Partner Inclined",7047,"Diverse Demographics, Average Customer Base"
3491,numeric,Numeric: ID 3491,7046,"Neutral Demographic Mix, Partner Inclined",7047,"Diverse Demographics, Average Customer Base"
3492,numeric,Numeric: ID 3492,7046,"Neutral Demographic Mix, Partner Inclined",7047,"Diverse Demographics, Average Customer Base"
3493,numeric,Numeric: ID 3493,7045,"Younger, Fewer Partners, Gender Balanced",7048,"Younger, Single Customers: Engagement Focus"
3494,numeric,Numeric: ID 3494,7046,"Neutral Demographic Mix, Partner Inclined",7047,"Diverse Demographics, Average Customer Base"
3495,numeric,Numeric: ID 3495,7046,"Neutral Demographic Mix, Partner Inclined",7047,"Diverse Demographics, Average Customer Base"
3496,numeric,Numeric: ID 3496,7045,"Younger, Fewer Partners, Gender Balanced",7048,"Younger, Single Customers: Engagement Focus"
3497,numeric,Numeric: ID 3497,7045,"Younger, Fewer Partners, Gender Balanced",7048,"Younger, Single Customers: Engagement Focus"
3498,numeric,Numeric: ID 3498,7044,"Balanced Demographics, Average Customer",7047,"Diverse Demographics, Average Customer Base"
3499,numeric,Numeric: ID 3499,7046,"Neutral Demographic Mix, Partner Inclined",7047,"Diverse Demographics, Average Customer Base"
3500,numeric,Numeric: ID 3500,7046,"Neutral Demographic Mix, Partner Inclined",7047,"Diverse Demographics, Average Customer Base"
3501,numeric,Numeric: ID 3501,7046,"Neutral Demographic Mix, Partner Inclined",7047,"Diverse Demographics, Average Customer Base"
3502,numeric,Numeric: ID 3502,7046,"Neutral Demographic Mix, Partner Inclined",7047,"Diverse Demographics, Average Customer Base"
3503,numeric,Numeric: ID 3503,7046,"Neutral Demographic Mix, Partner Inclined",7047,"Diverse Demographics, Average Customer Base"
3504,numeric,Numeric: ID 3504,7046,"Neutral Demographic Mix, Partner Inclined",7047,"Diverse Demographics, Average Customer Base"
3505,numeric,Numeric: ID 3505,7046,"Neutral Demographic Mix, Partner Inclined",7047,"Diverse Demographics, Average Customer Base"
3506,numeric,Numeric: ID 3506,7044,"Balanced Demographics, Average Customer",7047,"Diverse Demographics, Average Customer Base"
3507,numeric,Numeric: ID 3507,7044,"Balanced Demographics, Average Customer",7047,"Diverse Demographics, Average Customer Base"
3508,numeric,Numeric: ID 3508,7045,"Younger, Fewer Partners, Gender Balanced",7048,"Younger, Single Customers: Engagement Focus"
3509,numeric,Numeric: ID 3509,7046,"Neutral Demographic Mix, Partner Inclined",7047,"Diverse Demographics, Average Customer Base"
3510,numeric,Numeric: ID 3510,7046,"Neutral Demographic Mix, Partner Inclined",7047,"Diverse Demographics, Average Customer Base"
3511,numeric,Numeric: ID 3511,7045,"Younger, Fewer Partners, Gender Balanced",7048,"Younger, Single Customers: Engagement Focus"
3512,numeric,Numeric: ID 3512,7045,"Younger, Fewer Partners, Gender Balanced",7048,"Younger, Single Customers: Engagement Focus"
3513,numeric,Numeric: ID 3513,7046,"Neutral Demographic Mix, Partner Inclined",7047,"Diverse Demographics, Average Customer Base"
3514,numeric,Numeric: ID 3514,7046,"Neutral Demographic Mix, Partner Inclined",7047,"Diverse Demographics, Average Customer Base"
3515,numeric,Numeric: ID 3515,7046,"Neutral Demographic Mix, Partner Inclined",7047,"Diverse Demographics, Average Customer Base"
3516,numeric,Numeric: ID 3516,7046,"Neutral Demographic Mix, Partner Inclined",7047,"Diverse Demographics, Average Customer Base"
3517,numeric,Numeric: ID 3517,7044,"Balanced Demographics, Average Customer",7047,"Diverse Demographics, Average Customer Base"
3518,numeric,Numeric: ID 3518,7046,"Neutral Demographic Mix, Partner Inclined",7047,"Diverse Demographics, Average Customer Base"
3519,numeric,Numeric: ID 3519,7044,"Balanced Demographics, Average Customer",7047,"Diverse Demographics, Average Customer Base"
3520,numeric,Numeric: ID 3520,7046,"Neutral Demographic Mix, Partner Inclined",7047,"Diverse Demographics, Average Customer Base"
3521,numeric,Numeric: ID 3521,7045,"Younger, Fewer Partners, Gender Balanced",7048,"Younger, Single Customers: Engagement Focus"
3522,numeric,Numeric: ID 3522,7045,"Younger, Fewer Partners, Gender Balanced",7048,"Younger, Single Customers: Engagement Focus"
3523,numeric,Numeric: ID 3523,7046,"Neutral Demographic Mix, Partner Inclined",7047,"Diverse Demographics, Average Customer Base"
3524,numeric,Numeric: ID 3524,7046,"Neutral Demographic Mix, Partner Inclined",7047,"Diverse Demographics, Average Customer Base"
3525,numeric,Numeric: ID 3525,7045,"Younger, Fewer Partners, Gender Balanced",7048,"Younger, Single Customers: Engagement Focus"
3526,numeric,Numeric: ID 3526,7046,"Neutral Demographic Mix, Partner Inclined",7047,"Diverse Demographics, Average Customer Base"
3527,numeric,Numeric: ID 3527,7046,"Neutral Demographic Mix, Partner Inclined",7047,"Diverse Demographics, Average Customer Base"
3528,numeric,Numeric: ID 3528,7045,"Younger, Fewer Partners, Gender Balanced",7048,"Younger, Single Customers: Engagement Focus"
3529,numeric,Numeric: ID 3529,7046,"Neutral Demographic Mix, Partner Inclined",7047,"Diverse Demographics, Average Customer Base"
3530,numeric,Numeric: ID 3530,7045,"Younger, Fewer Partners, Gender Balanced",7048,"Younger, Single Customers: Engagement Focus"
3531,numeric,Numeric: ID 3531,7046,"Neutral Demographic Mix, Partner Inclined",7047,"Diverse Demographics, Average Customer Base"
3532,numeric,Numeric: ID 3532,7046,"Neutral Demographic Mix, Partner Inclined",7047,"Diverse Demographics, Average Customer Base"
3533,numeric,Numeric: ID 3533,7046,"Neutral Demographic Mix, Partner Inclined",7047,"Diverse Demographics, Average Customer Base"
3534,numeric,Numeric: ID 3534,7046,"Neutral Demographic Mix, Partner Inclined",7047,"Diverse Demographics, Average Customer Base"
3535,numeric,Numeric: ID 3535,7046,"Neutral Demographic Mix, Partner Inclined",7047,"Diverse Demographics, Average Customer Base"
3536,numeric,Numeric: ID 3536,7046,"Neutral Demographic Mix, Partner Inclined",7047,"Diverse Demographics, Average Customer Base"
3537,numeric,Numeric: ID 3537,7045,"Younger, Fewer Partners, Gender Balanced",7048,"Younger, Single Customers: Engagement Focus"
3538,numeric,Numeric: ID 3538,7046,"Neutral Demographic Mix, Partner Inclined",7047,"Diverse Demographics, Average Customer Base"
3539,numeric,Numeric: ID 3539,7046,"Neutral Demographic Mix, Partner Inclined",7047,"Diverse Demographics, Average Customer Base"
3540,numeric,Numeric: ID 3540,7046,"Neutral Demographic Mix, Partner Inclined",7047,"Diverse Demographics, Average Customer Base"
3541,numeric,Numeric: ID 3541,7046,"Neutral Demographic Mix, Partner Inclined",7047,"Diverse Demographics, Average Customer Base"
3542,numeric,Numeric: ID 3542,7045,"Younger, Fewer Partners, Gender Balanced",7048,"Younger, Single Customers: Engagement Focus"
3543,numeric,Numeric: ID 3543,7046,"Neutral Demographic Mix, Partner Inclined",7047,"Diverse Demographics, Average Customer Base"
3544,numeric,Numeric: ID 3544,7046,"Neutral Demographic Mix, Partner Inclined",7047,"Diverse Demographics, Average Customer Base"
3545,numeric,Numeric: ID 3545,7045,"Younger, Fewer Partners, Gender Balanced",7048,"Younger, Single Customers: Engagement Focus"
3546,numeric,Numeric: ID 3546,7046,"Neutral Demographic Mix, Partner Inclined",7047,"Diverse Demographics, Average Customer Base"
3547,numeric,Numeric: ID 3547,7046,"Neutral Demographic Mix, Partner Inclined",7047,"Diverse Demographics, Average Customer Base"
3548,numeric,Numeric: ID 3548,7045,"Younger, Fewer Partners, Gender Balanced",7048,"Younger, Single Customers: Engagement Focus"
3549,numeric,Numeric: ID 3549,7046,"Neutral Demographic Mix, Partner Inclined",7047,"Diverse Demographics, Average Customer Base"
3550,numeric,Numeric: ID 3550,7046,"Neutral Demographic Mix, Partner Inclined",7047,"Diverse Demographics, Average Customer Base"
3551,numeric,Numeric: ID 3551,7046,"Neutral Demographic Mix, Partner Inclined",7047,"Diverse Demographics, Average Customer Base"
3552,numeric,Numeric: ID 3552,7046,"Neutral Demographic Mix, Partner Inclined",7047,"Diverse Demographics, Average Customer Base"
3553,numeric,Numeric: ID 3553,7046,"Neutral Demographic Mix, Partner Inclined",7047,"Diverse Demographics, Average Customer Base"
3554,numeric,Numeric: ID 3554,7046,"Neutral Demographic Mix, Partner Inclined",7047,"Diverse Demographics, Average Customer Base"
3555,numeric,Numeric: ID 3555,7046,"Neutral Demographic Mix, Partner Inclined",7047,"Diverse Demographics, Average Customer Base"
3556,numeric,Numeric: ID 3556,7046,"Neutral Demographic Mix, Partner Inclined",7047,"Diverse Demographics, Average Customer Base"
3557,numeric,Numeric: ID 3557,7046,"Neutral Demographic Mix, Partner Inclined",7047,"Diverse Demographics, Average Customer Base"
3558,numeric,Numeric: ID 3558,7046,"Neutral Demographic Mix, Partner Inclined",7047,"Diverse Demographics, Average Customer Base"
3559,numeric,Numeric: ID 3559,7046,"Neutral Demographic Mix, Partner Inclined",7047,"Diverse Demographics, Average Customer Base"
3560,numeric,Numeric: ID 3560,7046,"Neutral Demographic Mix, Partner Inclined",7047,"Diverse Demographics, Average Customer Base"
3561,numeric,Numeric: ID 3561,7046,"Neutral Demographic Mix, Partner Inclined",7047,"Diverse Demographics, Average Customer Base"
3562,numeric,Numeric: ID 3562,7046,"Neutral Demographic Mix, Partner Inclined",7047,"Diverse Demographics, Average Customer Base"
3563,numeric,Numeric: ID 3563,7046,"Neutral Demographic Mix, Partner Inclined",7047,"Diverse Demographics, Average Customer Base"
3564,numeric,Numeric: ID 3564,7046,"Neutral Demographic Mix, Partner Inclined",7047,"Diverse Demographics, Average Customer Base"
3565,numeric,Numeric: ID 3565,7046,"Neutral Demographic Mix, Partner Inclined",7047,"Diverse Demographics, Average Customer Base"
3566,numeric,Numeric: ID 3566,7046,"Neutral Demographic Mix, Partner Inclined",7047,"Diverse Demographics, Average Customer Base"
3567,numeric,Numeric: ID 3567,7044,"Balanced Demographics, Average Customer",7047,"Diverse Demographics, Average Customer Base"
3568,numeric,Numeric: ID 3568,7046,"Neutral Demographic Mix, Partner Inclined",7047,"Diverse Demographics, Average Customer Base"
3569,numeric,Numeric: ID 3569,7045,"Younger, Fewer Partners, Gender Balanced",7048,"Younger, Single Customers: Engagement Focus"
3570,numeric,Numeric: ID 3570,7046,"Neutral Demographic Mix, Partner Inclined",7047,"Diverse Demographics, Average Customer Base"
3571,numeric,Numeric: ID 3571,7046,"Neutral Demographic Mix, Partner Inclined",7047,"Diverse Demographics, Average Customer Base"
3572,numeric,Numeric: ID 3572,7046,"Neutral Demographic Mix, Partner Inclined",7047,"Diverse Demographics, Average Customer Base"
3573,numeric,Numeric: ID 3573,7045,"Younger, Fewer Partners, Gender Balanced",7048,"Younger, Single Customers: Engagement Focus"
3574,numeric,Numeric: ID 3574,7045,"Younger, Fewer Partners, Gender Balanced",7048,"Younger, Single Customers: Engagement Focus"
3575,numeric,Numeric: ID 3575,7046,"Neutral Demographic Mix, Partner Inclined",7047,"Diverse Demographics, Average Customer Base"
3576,numeric,Numeric: ID 3576,7046,"Neutral Demographic Mix, Partner Inclined",7047,"Diverse Demographics, Average Customer Base"
3577,numeric,Numeric: ID 3577,7046,"Neutral Demographic Mix, Partner Inclined",7047,"Diverse Demographics, Average Customer Base"
3578,numeric,Numeric: ID 3578,7046,"Neutral Demographic Mix, Partner Inclined",7047,"Diverse Demographics, Average Customer Base"
3579,numeric,Numeric: ID 3579,7045,"Younger, Fewer Partners, Gender Balanced",7048,"Younger, Single Customers: Engagement Focus"
3580,numeric,Numeric: ID 3580,7045,"Younger, Fewer Partners, Gender Balanced",7048,"Younger, Single Customers: Engagement Focus"
3581,numeric,Numeric: ID 3581,7046,"Neutral Demographic Mix, Partner Inclined",7047,"Diverse Demographics, Average Customer Base"
3582,numeric,Numeric: ID 3582,7046,"Neutral Demographic Mix, Partner Inclined",7047,"Diverse Demographics, Average Customer Base"
3583,numeric,Numeric: ID 3583,7046,"Neutral Demographic Mix, Partner Inclined",7047,"Diverse Demographics, Average Customer Base"
3584,numeric,Numeric: ID 3584,7046,"Neutral Demographic Mix, Partner Inclined",7047,"Diverse Demographics, Average Customer Base"
3585,numeric,Numeric: ID 3585,7046,"Neutral Demographic Mix, Partner Inclined",7047,"Diverse Demographics, Average Customer Base"
3586,numeric,Numeric: ID 3586,7045,"Younger, Fewer Partners, Gender Balanced",7048,"Younger, Single Customers: Engagement Focus"
3587,numeric,Numeric: ID 3587,7046,"Neutral Demographic Mix, Partner Inclined",7047,"Diverse Demographics, Average Customer Base"
3588,numeric,Numeric: ID 3588,7046,"Neutral Demographic Mix, Partner Inclined",7047,"Diverse Demographics, Average Customer Base"
3589,numeric,Numeric: ID 3589,7046,"Neutral Demographic Mix, Partner Inclined",7047,"Diverse Demographics, Average Customer Base"
3590,numeric,Numeric: ID 3590,7046,"Neutral Demographic Mix, Partner Inclined",7047,"Diverse Demographics, Average Customer Base"
3591,numeric,Numeric: ID 3591,7045,"Younger, Fewer Partners, Gender Balanced",7048,"Younger, Single Customers: Engagement Focus"
3592,numeric,Numeric: ID 3592,7044,"Balanced Demographics, Average Customer",7047,"Diverse Demographics, Average Customer Base"
3593,numeric,Numeric: ID 3593,7046,"Neutral Demographic Mix, Partner Inclined",7047,"Diverse Demographics, Average Customer Base"
3594,numeric,Numeric: ID 3594,7046,"Neutral Demographic Mix, Partner Inclined",7047,"Diverse Demographics, Average Customer Base"
3595,numeric,Numeric: ID 3595,7046,"Neutral Demographic Mix, Partner Inclined",7047,"Diverse Demographics, Average Customer Base"
3596,numeric,Numeric: ID 3596,7044,"Balanced Demographics, Average Customer",7047,"Diverse Demographics, Average Customer Base"
3597,numeric,Numeric: ID 3597,7045,"Younger, Fewer Partners, Gender Balanced",7048,"Younger, Single Customers: Engagement Focus"
3598,numeric,Numeric: ID 3598,7046,"Neutral Demographic Mix, Partner Inclined",7047,"Diverse Demographics, Average Customer Base"
3599,numeric,Numeric: ID 3599,7045,"Younger, Fewer Partners, Gender Balanced",7048,"Younger, Single Customers: Engagement Focus"
3600,numeric,Numeric: ID 3600,7044,"Balanced Demographics, Average Customer",7047,"Diverse Demographics, Average Customer Base"
3601,numeric,Numeric: ID 3601,7046,"Neutral Demographic Mix, Partner Inclined",7047,"Diverse Demographics, Average Customer Base"
3602,numeric,Numeric: ID 3602,7046,"Neutral Demographic Mix, Partner Inclined",7047,"Diverse Demographics, Average Customer Base"
3603,numeric,Numeric: ID 3603,7046,"Neutral Demographic Mix, Partner Inclined",7047,"Diverse Demographics, Average Customer Base"
3604,numeric,Numeric: ID 3604,7045,"Younger, Fewer Partners, Gender Balanced",7048,"Younger, Single Customers: Engagement Focus"
3605,numeric,Numeric: ID 3605,7046,"Neutral Demographic Mix, Partner Inclined",7047,"Diverse Demographics, Average Customer Base"
3606,numeric,Numeric: ID 3606,7045,"Younger, Fewer Partners, Gender Balanced",7048,"Younger, Single Customers: Engagement Focus"
3607,numeric,Numeric: ID 3607,7046,"Neutral Demographic Mix, Partner Inclined",7047,"Diverse Demographics, Average Customer Base"
3608,numeric,Numeric: ID 3608,7046,"Neutral Demographic Mix, Partner Inclined",7047,"Diverse Demographics, Average Customer Base"
3609,numeric,Numeric: ID 3609,7046,"Neutral Demographic Mix, Partner Inclined",7047,"Diverse Demographics, Average Customer Base"
3610,numeric,Numeric: ID 3610,7045,"Younger, Fewer Partners, Gender Balanced",7048,"Younger, Single Customers: Engagement Focus"
3611,numeric,Numeric: ID 3611,7046,"Neutral Demographic Mix, Partner Inclined",7047,"Diverse Demographics, Average Customer Base"
3612,numeric,Numeric: ID 3612,7045,"Younger, Fewer Partners, Gender Balanced",7048,"Younger, Single Customers: Engagement Focus"
3613,numeric,Numeric: ID 3613,7044,"Balanced Demographics, Average Customer",7047,"Diverse Demographics, Average Customer Base"
3614,numeric,Numeric: ID 3614,7046,"Neutral Demographic Mix, Partner Inclined",7047,"Diverse Demographics, Average Customer Base"
3615,numeric,Numeric: ID 3615,7046,"Neutral Demographic Mix, Partner Inclined",7047,"Diverse Demographics, Average Customer Base"
3616,numeric,Numeric: ID 3616,7046,"Neutral Demographic Mix, Partner Inclined",7047,"Diverse Demographics, Average Customer Base"
3617,numeric,Numeric: ID 3617,7046,"Neutral Demographic Mix, Partner Inclined",7047,"Diverse Demographics, Average Customer Base"
3618,numeric,Numeric: ID 3618,7046,"Neutral Demographic Mix, Partner Inclined",7047,"Diverse Demographics, Average Customer Base"
3619,numeric,Numeric: ID 3619,7046,"Neutral Demographic Mix, Partner Inclined",7047,"Diverse Demographics, Average Customer Base"
3620,numeric,Numeric: ID 3620,7045,"Younger, Fewer Partners, Gender Balanced",7048,"Younger, Single Customers: Engagement Focus"
3621,numeric,Numeric: ID 3621,7046,"Neutral Demographic Mix, Partner Inclined",7047,"Diverse Demographics, Average Customer Base"
3622,numeric,Numeric: ID 3622,7046,"Neutral Demographic Mix, Partner Inclined",7047,"Diverse Demographics, Average Customer Base"
3623,numeric,Numeric: ID 3623,7045,"Younger, Fewer Partners, Gender Balanced",7048,"Younger, Single Customers: Engagement Focus"
3624,numeric,Numeric: ID 3624,7046,"Neutral Demographic Mix, Partner Inclined",7047,"Diverse Demographics, Average Customer Base"
3625,numeric,Numeric: ID 3625,7046,"Neutral Demographic Mix, Partner Inclined",7047,"Diverse Demographics, Average Customer Base"
3626,numeric,Numeric: ID 3626,7046,"Neutral Demographic Mix, Partner Inclined",7047,"Diverse Demographics, Average Customer Base"
3627,numeric,Numeric: ID 3627,7046,"Neutral Demographic Mix, Partner Inclined",7047,"Diverse Demographics, Average Customer Base"
3628,numeric,Numeric: ID 3628,7045,"Younger, Fewer Partners, Gender Balanced",7048,"Younger, Single Customers: Engagement Focus"
3629,numeric,Numeric: ID 3629,7044,"Balanced Demographics, Average Customer",7047,"Diverse Demographics, Average Customer Base"
3630,numeric,Numeric: ID 3630,7044,"Balanced Demographics, Average Customer",7047,"Diverse Demographics, Average Customer Base"
3631,numeric,Numeric: ID 3631,7046,"Neutral Demographic Mix, Partner Inclined",7047,"Diverse Demographics, Average Customer Base"
3632,numeric,Numeric: ID 3632,7044,"Balanced Demographics, Average Customer",7047,"Diverse Demographics, Average Customer Base"
3633,numeric,Numeric: ID 3633,7046,"Neutral Demographic Mix, Partner Inclined",7047,"Diverse Demographics, Average Customer Base"
3634,numeric,Numeric: ID 3634,7046,"Neutral Demographic Mix, Partner Inclined",7047,"Diverse Demographics, Average Customer Base"
3635,numeric,Numeric: ID 3635,7046,"Neutral Demographic Mix, Partner Inclined",7047,"Diverse Demographics, Average Customer Base"
3636,numeric,Numeric: ID 3636,7046,"Neutral Demographic Mix, Partner Inclined",7047,"Diverse Demographics, Average Customer Base"
3637,numeric,Numeric: ID 3637,7045,"Younger, Fewer Partners, Gender Balanced",7048,"Younger, Single Customers: Engagement Focus"
3638,numeric,Numeric: ID 3638,7046,"Neutral Demographic Mix, Partner Inclined",7047,"Diverse Demographics, Average Customer Base"
3639,numeric,Numeric: ID 3639,7046,"Neutral Demographic Mix, Partner Inclined",7047,"Diverse Demographics, Average Customer Base"
3640,numeric,Numeric: ID 3640,7046,"Neutral Demographic Mix, Partner Inclined",7047,"Diverse Demographics, Average Customer Base"
3641,numeric,Numeric: ID 3641,7046,"Neutral Demographic Mix, Partner Inclined",7047,"Diverse Demographics, Average Customer Base"
3642,numeric,Numeric: ID 3642,7046,"Neutral Demographic Mix, Partner Inclined",7047,"Diverse Demographics, Average Customer Base"
3643,numeric,Numeric: ID 3643,7044,"Balanced Demographics, Average Customer",7047,"Diverse Demographics, Average Customer Base"
3644,numeric,Numeric: ID 3644,7044,"Balanced Demographics, Average Customer",7047,"Diverse Demographics, Average Customer Base"
3645,numeric,Numeric: ID 3645,7046,"Neutral Demographic Mix, Partner Inclined",7047,"Diverse Demographics, Average Customer Base"
3646,numeric,Numeric: ID 3646,7046,"Neutral Demographic Mix, Partner Inclined",7047,"Diverse Demographics, Average Customer Base"
3647,numeric,Numeric: ID 3647,7045,"Younger, Fewer Partners, Gender Balanced",7048,"Younger, Single Customers: Engagement Focus"
3648,numeric,Numeric: ID 3648,7046,"Neutral Demographic Mix, Partner Inclined",7047,"Diverse Demographics, Average Customer Base"
3649,numeric,Numeric: ID 3649,7046,"Neutral Demographic Mix, Partner Inclined",7047,"Diverse Demographics, Average Customer Base"
3650,numeric,Numeric: ID 3650,7045,"Younger, Fewer Partners, Gender Balanced",7048,"Younger, Single Customers: Engagement Focus"
3651,numeric,Numeric: ID 3651,7044,"Balanced Demographics, Average Customer",7047,"Diverse Demographics, Average Customer Base"
3652,numeric,Numeric: ID 3652,7046,"Neutral Demographic Mix, Partner Inclined",7047,"Diverse Demographics, Average Customer Base"
3653,numeric,Numeric: ID 3653,7046,"Neutral Demographic Mix, Partner Inclined",7047,"Diverse Demographics, Average Customer Base"
3654,numeric,Numeric: ID 3654,7044,"Balanced Demographics, Average Customer",7047,"Diverse Demographics, Average Customer Base"
3655,numeric,Numeric: ID 3655,7045,"Younger, Fewer Partners, Gender Balanced",7048,"Younger, Single Customers: Engagement Focus"
3656,numeric,Numeric: ID 3656,7046,"Neutral Demographic Mix, Partner Inclined",7047,"Diverse Demographics, Average Customer Base"
3657,numeric,Numeric: ID 3657,7044,"Balanced Demographics, Average Customer",7047,"Diverse Demographics, Average Customer Base"
3658,numeric,Numeric: ID 3658,7046,"Neutral Demographic Mix, Partner Inclined",7047,"Diverse Demographics, Average Customer Base"
3659,numeric,Numeric: ID 3659,7046,"Neutral Demographic Mix, Partner Inclined",7047,"Diverse Demographics, Average Customer Base"
3660,numeric,Numeric: ID 3660,7044,"Balanced Demographics, Average Customer",7047,"Diverse Demographics, Average Customer Base"
3661,numeric,Numeric: ID 3661,7044,"Balanced Demographics, Average Customer",7047,"Diverse Demographics, Average Customer Base"
3662,numeric,Numeric: ID 3662,7046,"Neutral Demographic Mix, Partner Inclined",7047,"Diverse Demographics, Average Customer Base"
3663,numeric,Numeric: ID 3663,7045,"Younger, Fewer Partners, Gender Balanced",7048,"Younger, Single Customers: Engagement Focus"
3664,numeric,Numeric: ID 3664,7045,"Younger, Fewer Partners, Gender Balanced",7048,"Younger, Single Customers: Engagement Focus"
3665,numeric,Numeric: ID 3665,7044,"Balanced Demographics, Average Customer",7047,"Diverse Demographics, Average Customer Base"
3666,numeric,Numeric: ID 3666,7046,"Neutral Demographic Mix, Partner Inclined",7047,"Diverse Demographics, Average Customer Base"
3667,numeric,Numeric: ID 3667,7046,"Neutral Demographic Mix, Partner Inclined",7047,"Diverse Demographics, Average Customer Base"
3668,numeric,Numeric: ID 3668,7045,"Younger, Fewer Partners, Gender Balanced",7048,"Younger, Single Customers: Engagement Focus"
3669,numeric,Numeric: ID 3669,7044,"Balanced Demographics, Average Customer",7047,"Diverse Demographics, Average Customer Base"
3670,numeric,Numeric: ID 3670,7045,"Younger, Fewer Partners, Gender Balanced",7048,"Younger, Single Customers: Engagement Focus"
3671,numeric,Numeric: ID 3671,7046,"Neutral Demographic Mix, Partner Inclined",7047,"Diverse Demographics, Average Customer Base"
3672,numeric,Numeric: ID 3672,7046,"Neutral Demographic Mix, Partner Inclined",7047,"Diverse Demographics, Average Customer Base"
3673,numeric,Numeric: ID 3673,7046,"Neutral Demographic Mix, Partner Inclined",7047,"Diverse Demographics, Average Customer Base"
3674,numeric,Numeric: ID 3674,7045,"Younger, Fewer Partners, Gender Balanced",7048,"Younger, Single Customers: Engagement Focus"
3675,numeric,Numeric: ID 3675,7045,"Younger, Fewer Partners, Gender Balanced",7048,"Younger, Single Customers: Engagement Focus"
3676,numeric,Numeric: ID 3676,7046,"Neutral Demographic Mix, Partner Inclined",7047,"Diverse Demographics, Average Customer Base"
3677,numeric,Numeric: ID 3677,7046,"Neutral Demographic Mix, Partner Inclined",7047,"Diverse Demographics, Average Customer Base"
3678,numeric,Numeric: ID 3678,7046,"Neutral Demographic Mix, Partner Inclined",7047,"Diverse Demographics, Average Customer Base"
3679,numeric,Numeric: ID 3679,7046,"Neutral Demographic Mix, Partner Inclined",7047,"Diverse Demographics, Average Customer Base"
3680,numeric,Numeric: ID 3680,7046,"Neutral Demographic Mix, Partner Inclined",7047,"Diverse Demographics, Average Customer Base"
3681,numeric,Numeric: ID 3681,7046,"Neutral Demographic Mix, Partner Inclined",7047,"Diverse Demographics, Average Customer Base"
3682,numeric,Numeric: ID 3682,7046,"Neutral Demographic Mix, Partner Inclined",7047,"Diverse Demographics, Average Customer Base"
3683,numeric,Numeric: ID 3683,7045,"Younger, Fewer Partners, Gender Balanced",7048,"Younger, Single Customers: Engagement Focus"
3684,numeric,Numeric: ID 3684,7045,"Younger, Fewer Partners, Gender Balanced",7048,"Younger, Single Customers: Engagement Focus"
3685,numeric,Numeric: ID 3685,7046,"Neutral Demographic Mix, Partner Inclined",7047,"Diverse Demographics, Average Customer Base"
3686,numeric,Numeric: ID 3686,7046,"Neutral Demographic Mix, Partner Inclined",7047,"Diverse Demographics, Average Customer Base"
3687,numeric,Numeric: ID 3687,7045,"Younger, Fewer Partners, Gender Balanced",7048,"Younger, Single Customers: Engagement Focus"
3688,numeric,Numeric: ID 3688,7045,"Younger, Fewer Partners, Gender Balanced",7048,"Younger, Single Customers: Engagement Focus"
3689,numeric,Numeric: ID 3689,7045,"Younger, Fewer Partners, Gender Balanced",7048,"Younger, Single Customers: Engagement Focus"
3690,numeric,Numeric: ID 3690,7046,"Neutral Demographic Mix, Partner Inclined",7047,"Diverse Demographics, Average Customer Base"
3691,numeric,Numeric: ID 3691,7046,"Neutral Demographic Mix, Partner Inclined",7047,"Diverse Demographics, Average Customer Base"
3692,numeric,Numeric: ID 3692,7045,"Younger, Fewer Partners, Gender Balanced",7048,"Younger, Single Customers: Engagement Focus"
3693,numeric,Numeric: ID 3693,7046,"Neutral Demographic Mix, Partner Inclined",7047,"Diverse Demographics, Average Customer Base"
3694,numeric,Numeric: ID 3694,7045,"Younger, Fewer Partners, Gender Balanced",7048,"Younger, Single Customers: Engagement Focus"
3695,numeric,Numeric: ID 3695,7045,"Younger, Fewer Partners, Gender Balanced",7048,"Younger, Single Customers: Engagement Focus"
3696,numeric,Numeric: ID 3696,7046,"Neutral Demographic Mix, Partner Inclined",7047,"Diverse Demographics, Average Customer Base"
3697,numeric,Numeric: ID 3697,7045,"Younger, Fewer Partners, Gender Balanced",7048,"Younger, Single Customers: Engagement Focus"
3698,numeric,Numeric: ID 3698,7046,"Neutral Demographic Mix, Partner Inclined",7047,"Diverse Demographics, Average Customer Base"
3699,numeric,Numeric: ID 3699,7046,"Neutral Demographic Mix, Partner Inclined",7047,"Diverse Demographics, Average Customer Base"
3700,numeric,Numeric: ID 3700,7046,"Neutral Demographic Mix, Partner Inclined",7047,"Diverse Demographics, Average Customer Base"
3701,numeric,Numeric: ID 3701,7046,"Neutral Demographic Mix, Partner Inclined",7047,"Diverse Demographics, Average Customer Base"
3702,numeric,Numeric: ID 3702,7046,"Neutral Demographic Mix, Partner Inclined",7047,"Diverse Demographics, Average Customer Base"
3703,numeric,Numeric: ID 3703,7046,"Neutral Demographic Mix, Partner Inclined",7047,"Diverse Demographics, Average Customer Base"
3704,numeric,Numeric: ID 3704,7045,"Younger, Fewer Partners, Gender Balanced",7048,"Younger, Single Customers: Engagement Focus"
3705,numeric,Numeric: ID 3705,7046,"Neutral Demographic Mix, Partner Inclined",7047,"Diverse Demographics, Average Customer Base"
3706,numeric,Numeric: ID 3706,7045,"Younger, Fewer Partners, Gender Balanced",7048,"Younger, Single Customers: Engagement Focus"
3707,numeric,Numeric: ID 3707,7046,"Neutral Demographic Mix, Partner Inclined",7047,"Diverse Demographics, Average Customer Base"
3708,numeric,Numeric: ID 3708,7046,"Neutral Demographic Mix, Partner Inclined",7047,"Diverse Demographics, Average Customer Base"
3709,numeric,Numeric: ID 3709,7046,"Neutral Demographic Mix, Partner Inclined",7047,"Diverse Demographics, Average Customer Base"
3710,numeric,Numeric: ID 3710,7046,"Neutral Demographic Mix, Partner Inclined",7047,"Diverse Demographics, Average Customer Base"
3711,numeric,Numeric: ID 3711,7045,"Younger, Fewer Partners, Gender Balanced",7048,"Younger, Single Customers: Engagement Focus"
3712,numeric,Numeric: ID 3712,7046,"Neutral Demographic Mix, Partner Inclined",7047,"Diverse Demographics, Average Customer Base"
3713,numeric,Numeric: ID 3713,7045,"Younger, Fewer Partners, Gender Balanced",7048,"Younger, Single Customers: Engagement Focus"
3714,numeric,Numeric: ID 3714,7045,"Younger, Fewer Partners, Gender Balanced",7048,"Younger, Single Customers: Engagement Focus"
3715,numeric,Numeric: ID 3715,7045,"Younger, Fewer Partners, Gender Balanced",7048,"Younger, Single Customers: Engagement Focus"
3716,numeric,Numeric: ID 3716,7046,"Neutral Demographic Mix, Partner Inclined",7047,"Diverse Demographics, Average Customer Base"
3717,numeric,Numeric: ID 3717,7046,"Neutral Demographic Mix, Partner Inclined",7047,"Diverse Demographics, Average Customer Base"
3718,numeric,Numeric: ID 3718,7046,"Neutral Demographic Mix, Partner Inclined",7047,"Diverse Demographics, Average Customer Base"
3719,numeric,Numeric: ID 3719,7045,"Younger, Fewer Partners, Gender Balanced",7048,"Younger, Single Customers: Engagement Focus"
3720,numeric,Numeric: ID 3720,7045,"Younger, Fewer Partners, Gender Balanced",7048,"Younger, Single Customers: Engagement Focus"
3721,numeric,Numeric: ID 3721,7045,"Younger, Fewer Partners, Gender Balanced",7048,"Younger, Single Customers: Engagement Focus"
3722,numeric,Numeric: ID 3722,7045,"Younger, Fewer Partners, Gender Balanced",7048,"Younger, Single Customers: Engagement Focus"
3723,numeric,Numeric: ID 3723,7045,"Younger, Fewer Partners, Gender Balanced",7048,"Younger, Single Customers: Engagement Focus"
3724,numeric,Numeric: ID 3724,7045,"Younger, Fewer Partners, Gender Balanced",7048,"Younger, Single Customers: Engagement Focus"
3725,numeric,Numeric: ID 3725,7046,"Neutral Demographic Mix, Partner Inclined",7047,"Diverse Demographics, Average Customer Base"
3726,numeric,Numeric: ID 3726,7045,"Younger, Fewer Partners, Gender Balanced",7048,"Younger, Single Customers: Engagement Focus"
3727,numeric,Numeric: ID 3727,7046,"Neutral Demographic Mix, Partner Inclined",7047,"Diverse Demographics, Average Customer Base"
3728,numeric,Numeric: ID 3728,7046,"Neutral Demographic Mix, Partner Inclined",7047,"Diverse Demographics, Average Customer Base"
3729,numeric,Numeric: ID 3729,7045,"Younger, Fewer Partners, Gender Balanced",7048,"Younger, Single Customers: Engagement Focus"
3730,numeric,Numeric: ID 3730,7046,"Neutral Demographic Mix, Partner Inclined",7047,"Diverse Demographics, Average Customer Base"
3731,numeric,Numeric: ID 3731,7046,"Neutral Demographic Mix, Partner Inclined",7047,"Diverse Demographics, Average Customer Base"
3732,numeric,Numeric: ID 3732,7046,"Neutral Demographic Mix, Partner Inclined",7047,"Diverse Demographics, Average Customer Base"
3733,numeric,Numeric: ID 3733,7046,"Neutral Demographic Mix, Partner Inclined",7047,"Diverse Demographics, Average Customer Base"
3734,numeric,Numeric: ID 3734,7046,"Neutral Demographic Mix, Partner Inclined",7047,"Diverse Demographics, Average Customer Base"
3735,numeric,Numeric: ID 3735,7045,"Younger, Fewer Partners, Gender Balanced",7048,"Younger, Single Customers: Engagement Focus"
3736,numeric,Numeric: ID 3736,7045,"Younger, Fewer Partners, Gender Balanced",7048,"Younger, Single Customers: Engagement Focus"
3737,numeric,Numeric: ID 3737,7046,"Neutral Demographic Mix, Partner Inclined",7047,"Diverse Demographics, Average Customer Base"
3738,numeric,Numeric: ID 3738,7046,"Neutral Demographic Mix, Partner Inclined",7047,"Diverse Demographics, Average Customer Base"
3739,numeric,Numeric: ID 3739,7045,"Younger, Fewer Partners, Gender Balanced",7048,"Younger, Single Customers: Engagement Focus"
3740,numeric,Numeric: ID 3740,7046,"Neutral Demographic Mix, Partner Inclined",7047,"Diverse Demographics, Average Customer Base"
3741,numeric,Numeric: ID 3741,7044,"Balanced Demographics, Average Customer",7047,"Diverse Demographics, Average Customer Base"
3742,numeric,Numeric: ID 3742,7046,"Neutral Demographic Mix, Partner Inclined",7047,"Diverse Demographics, Average Customer Base"
3743,numeric,Numeric: ID 3743,7046,"Neutral Demographic Mix, Partner Inclined",7047,"Diverse Demographics, Average Customer Base"
3744,numeric,Numeric: ID 3744,7046,"Neutral Demographic Mix, Partner Inclined",7047,"Diverse Demographics, Average Customer Base"
3745,numeric,Numeric: ID 3745,7044,"Balanced Demographics, Average Customer",7047,"Diverse Demographics, Average Customer Base"
3746,numeric,Numeric: ID 3746,7045,"Younger, Fewer Partners, Gender Balanced",7048,"Younger, Single Customers: Engagement Focus"
3747,numeric,Numeric: ID 3747,7046,"Neutral Demographic Mix, Partner Inclined",7047,"Diverse Demographics, Average Customer Base"
3748,numeric,Numeric: ID 3748,7044,"Balanced Demographics, Average Customer",7047,"Diverse Demographics, Average Customer Base"
3749,numeric,Numeric: ID 3749,7046,"Neutral Demographic Mix, Partner Inclined",7047,"Diverse Demographics, Average Customer Base"
3750,numeric,Numeric: ID 3750,7046,"Neutral Demographic Mix, Partner Inclined",7047,"Diverse Demographics, Average Customer Base"
3751,numeric,Numeric: ID 3751,7046,"Neutral Demographic Mix, Partner Inclined",7047,"Diverse Demographics, Average Customer Base"
3752,numeric,Numeric: ID 3752,7046,"Neutral Demographic Mix, Partner Inclined",7047,"Diverse Demographics, Average Customer Base"
3753,numeric,Numeric: ID 3753,7044,"Balanced Demographics, Average Customer",7047,"Diverse Demographics, Average Customer Base"
3754,numeric,Numeric: ID 3754,7046,"Neutral Demographic Mix, Partner Inclined",7047,"Diverse Demographics, Average Customer Base"
3755,numeric,Numeric: ID 3755,7045,"Younger, Fewer Partners, Gender Balanced",7048,"Younger, Single Customers: Engagement Focus"
3756,numeric,Numeric: ID 3756,7045,"Younger, Fewer Partners, Gender Balanced",7048,"Younger, Single Customers: Engagement Focus"
3757,numeric,Numeric: ID 3757,7045,"Younger, Fewer Partners, Gender Balanced",7048,"Younger, Single Customers: Engagement Focus"
3758,numeric,Numeric: ID 3758,7045,"Younger, Fewer Partners, Gender Balanced",7048,"Younger, Single Customers: Engagement Focus"
3759,numeric,Numeric: ID 3759,7045,"Younger, Fewer Partners, Gender Balanced",7048,"Younger, Single Customers: Engagement Focus"
3760,numeric,Numeric: ID 3760,7046,"Neutral Demographic Mix, Partner Inclined",7047,"Diverse Demographics, Average Customer Base"
3761,numeric,Numeric: ID 3761,7046,"Neutral Demographic Mix, Partner Inclined",7047,"Diverse Demographics, Average Customer Base"
3762,numeric,Numeric: ID 3762,7046,"Neutral Demographic Mix, Partner Inclined",7047,"Diverse Demographics, Average Customer Base"
3763,numeric,Numeric: ID 3763,7046,"Neutral Demographic Mix, Partner Inclined",7047,"Diverse Demographics, Average Customer Base"
3764,numeric,Numeric: ID 3764,7045,"Younger, Fewer Partners, Gender Balanced",7048,"Younger, Single Customers: Engagement Focus"
3765,numeric,Numeric: ID 3765,7046,"Neutral Demographic Mix, Partner Inclined",7047,"Diverse Demographics, Average Customer Base"
3766,numeric,Numeric: ID 3766,7046,"Neutral Demographic Mix, Partner Inclined",7047,"Diverse Demographics, Average Customer Base"
3767,numeric,Numeric: ID 3767,7044,"Balanced Demographics, Average Customer",7047,"Diverse Demographics, Average Customer Base"
3768,numeric,Numeric: ID 3768,7045,"Younger, Fewer Partners, Gender Balanced",7048,"Younger, Single Customers: Engagement Focus"
3769,numeric,Numeric: ID 3769,7046,"Neutral Demographic Mix, Partner Inclined",7047,"Diverse Demographics, Average Customer Base"
3770,numeric,Numeric: ID 3770,7045,"Younger, Fewer Partners, Gender Balanced",7048,"Younger, Single Customers: Engagement Focus"
3771,numeric,Numeric: ID 3771,7045,"Younger, Fewer Partners, Gender Balanced",7048,"Younger, Single Customers: Engagement Focus"
3772,numeric,Numeric: ID 3772,7046,"Neutral Demographic Mix, Partner Inclined",7047,"Diverse Demographics, Average Customer Base"
3773,numeric,Numeric: ID 3773,7045,"Younger, Fewer Partners, Gender Balanced",7048,"Younger, Single Customers: Engagement Focus"
3774,numeric,Numeric: ID 3774,7045,"Younger, Fewer Partners, Gender Balanced",7048,"Younger, Single Customers: Engagement Focus"
3775,numeric,Numeric: ID 3775,7046,"Neutral Demographic Mix, Partner Inclined",7047,"Diverse Demographics, Average Customer Base"
3776,numeric,Numeric: ID 3776,7045,"Younger, Fewer Partners, Gender Balanced",7048,"Younger, Single Customers: Engagement Focus"
3777,numeric,Numeric: ID 3777,7046,"Neutral Demographic Mix, Partner Inclined",7047,"Diverse Demographics, Average Customer Base"
3778,numeric,Numeric: ID 3778,7045,"Younger, Fewer Partners, Gender Balanced",7048,"Younger, Single Customers: Engagement Focus"
3779,numeric,Numeric: ID 3779,7046,"Neutral Demographic Mix, Partner Inclined",7047,"Diverse Demographics, Average Customer Base"
3780,numeric,Numeric: ID 3780,7046,"Neutral Demographic Mix, Partner Inclined",7047,"Diverse Demographics, Average Customer Base"
3781,numeric,Numeric: ID 3781,7046,"Neutral Demographic Mix, Partner Inclined",7047,"Diverse Demographics, Average Customer Base"
3782,numeric,Numeric: ID 3782,7045,"Younger, Fewer Partners, Gender Balanced",7048,"Younger, Single Customers: Engagement Focus"
3783,numeric,Numeric: ID 3783,7045,"Younger, Fewer Partners, Gender Balanced",7048,"Younger, Single Customers: Engagement Focus"
3784,numeric,Numeric: ID 3784,7045,"Younger, Fewer Partners, Gender Balanced",7048,"Younger, Single Customers: Engagement Focus"
3785,numeric,Numeric: ID 3785,7046,"Neutral Demographic Mix, Partner Inclined",7047,"Diverse Demographics, Average Customer Base"
3786,numeric,Numeric: ID 3786,7046,"Neutral Demographic Mix, Partner Inclined",7047,"Diverse Demographics, Average Customer Base"
3787,numeric,Numeric: ID 3787,7046,"Neutral Demographic Mix, Partner Inclined",7047,"Diverse Demographics, Average Customer Base"
3788,numeric,Numeric: ID 3788,7045,"Younger, Fewer Partners, Gender Balanced",7048,"Younger, Single Customers: Engagement Focus"
3789,numeric,Numeric: ID 3789,7045,"Younger, Fewer Partners, Gender Balanced",7048,"Younger, Single Customers: Engagement Focus"
3790,numeric,Numeric: ID 3790,7046,"Neutral Demographic Mix, Partner Inclined",7047,"Diverse Demographics, Average Customer Base"
3791,numeric,Numeric: ID 3791,7046,"Neutral Demographic Mix, Partner Inclined",7047,"Diverse Demographics, Average Customer Base"
3792,numeric,Numeric: ID 3792,7046,"Neutral Demographic Mix, Partner Inclined",7047,"Diverse Demographics, Average Customer Base"
3793,numeric,Numeric: ID 3793,7046,"Neutral Demographic Mix, Partner Inclined",7047,"Diverse Demographics, Average Customer Base"
3794,numeric,Numeric: ID 3794,7046,"Neutral Demographic Mix, Partner Inclined",7047,"Diverse Demographics, Average Customer Base"
3795,numeric,Numeric: ID 3795,7046,"Neutral Demographic Mix, Partner Inclined",7047,"Diverse Demographics, Average Customer Base"
3796,numeric,Numeric: ID 3796,7046,"Neutral Demographic Mix, Partner Inclined",7047,"Diverse Demographics, Average Customer Base"
3797,numeric,Numeric: ID 3797,7046,"Neutral Demographic Mix, Partner Inclined",7047,"Diverse Demographics, Average Customer Base"
3798,numeric,Numeric: ID 3798,7046,"Neutral Demographic Mix, Partner Inclined",7047,"Diverse Demographics, Average Customer Base"
3799,numeric,Numeric: ID 3799,7046,"Neutral Demographic Mix, Partner Inclined",7047,"Diverse Demographics, Average Customer Base"
3800,numeric,Numeric: ID 3800,7046,"Neutral Demographic Mix, Partner Inclined",7047,"Diverse Demographics, Average Customer Base"
3801,numeric,Numeric: ID 3801,7045,"Younger, Fewer Partners, Gender Balanced",7048,"Younger, Single Customers: Engagement Focus"
3802,numeric,Numeric: ID 3802,7046,"Neutral Demographic Mix, Partner Inclined",7047,"Diverse Demographics, Average Customer Base"
3803,numeric,Numeric: ID 3803,7046,"Neutral Demographic Mix, Partner Inclined",7047,"Diverse Demographics, Average Customer Base"
3804,numeric,Numeric: ID 3804,7046,"Neutral Demographic Mix, Partner Inclined",7047,"Diverse Demographics, Average Customer Base"
3805,numeric,Numeric: ID 3805,7045,"Younger, Fewer Partners, Gender Balanced",7048,"Younger, Single Customers: Engagement Focus"
3806,numeric,Numeric: ID 3806,7046,"Neutral Demographic Mix, Partner Inclined",7047,"Diverse Demographics, Average Customer Base"
3807,numeric,Numeric: ID 3807,7046,"Neutral Demographic Mix, Partner Inclined",7047,"Diverse Demographics, Average Customer Base"
3808,numeric,Numeric: ID 3808,7046,"Neutral Demographic Mix, Partner Inclined",7047,"Diverse Demographics, Average Customer Base"
3809,numeric,Numeric: ID 3809,7046,"Neutral Demographic Mix, Partner Inclined",7047,"Diverse Demographics, Average Customer Base"
3810,numeric,Numeric: ID 3810,7046,"Neutral Demographic Mix, Partner Inclined",7047,"Diverse Demographics, Average Customer Base"
3811,numeric,Numeric: ID 3811,7046,"Neutral Demographic Mix, Partner Inclined",7047,"Diverse Demographics, Average Customer Base"
3812,numeric,Numeric: ID 3812,7044,"Balanced Demographics, Average Customer",7047,"Diverse Demographics, Average Customer Base"
3813,numeric,Numeric: ID 3813,7045,"Younger, Fewer Partners, Gender Balanced",7048,"Younger, Single Customers: Engagement Focus"
3814,numeric,Numeric: ID 3814,7046,"Neutral Demographic Mix, Partner Inclined",7047,"Diverse Demographics, Average Customer Base"
3815,numeric,Numeric: ID 3815,7046,"Neutral Demographic Mix, Partner Inclined",7047,"Diverse Demographics, Average Customer Base"
3816,numeric,Numeric: ID 3816,7046,"Neutral Demographic Mix, Partner Inclined",7047,"Diverse Demographics, Average Customer Base"
3817,numeric,Numeric: ID 3817,7046,"Neutral Demographic Mix, Partner Inclined",7047,"Diverse Demographics, Average Customer Base"
3818,numeric,Numeric: ID 3818,7045,"Younger, Fewer Partners, Gender Balanced",7048,"Younger, Single Customers: Engagement Focus"
3819,numeric,Numeric: ID 3819,7046,"Neutral Demographic Mix, Partner Inclined",7047,"Diverse Demographics, Average Customer Base"
3820,numeric,Numeric: ID 3820,7044,"Balanced Demographics, Average Customer",7047,"Diverse Demographics, Average Customer Base"
3821,numeric,Numeric: ID 3821,7046,"Neutral Demographic Mix, Partner Inclined",7047,"Diverse Demographics, Average Customer Base"
3822,numeric,Numeric: ID 3822,7046,"Neutral Demographic Mix, Partner Inclined",7047,"Diverse Demographics, Average Customer Base"
3823,numeric,Numeric: ID 3823,7045,"Younger, Fewer Partners, Gender Balanced",7048,"Younger, Single Customers: Engagement Focus"
3824,numeric,Numeric: ID 3824,7046,"Neutral Demographic Mix, Partner Inclined",7047,"Diverse Demographics, Average Customer Base"
3825,numeric,Numeric: ID 3825,7045,"Younger, Fewer Partners, Gender Balanced",7048,"Younger, Single Customers: Engagement Focus"
3826,numeric,Numeric: ID 3826,7046,"Neutral Demographic Mix, Partner Inclined",7047,"Diverse Demographics, Average Customer Base"
3827,numeric,Numeric: ID 3827,7045,"Younger, Fewer Partners, Gender Balanced",7048,"Younger, Single Customers: Engagement Focus"
3828,numeric,Numeric: ID 3828,7046,"Neutral Demographic Mix, Partner Inclined",7047,"Diverse Demographics, Average Customer Base"
3829,numeric,Numeric: ID 3829,7046,"Neutral Demographic Mix, Partner Inclined",7047,"Diverse Demographics, Average Customer Base"
3830,numeric,Numeric: ID 3830,7046,"Neutral Demographic Mix, Partner Inclined",7047,"Diverse Demographics, Average Customer Base"
3831,numeric,Numeric: ID 3831,7046,"Neutral Demographic Mix, Partner Inclined",7047,"Diverse Demographics, Average Customer Base"
3832,numeric,Numeric: ID 3832,7046,"Neutral Demographic Mix, Partner Inclined",7047,"Diverse Demographics, Average Customer Base"
3833,numeric,Numeric: ID 3833,7045,"Younger, Fewer Partners, Gender Balanced",7048,"Younger, Single Customers: Engagement Focus"
3834,numeric,Numeric: ID 3834,7046,"Neutral Demographic Mix, Partner Inclined",7047,"Diverse Demographics, Average Customer Base"
3835,numeric,Numeric: ID 3835,7046,"Neutral Demographic Mix, Partner Inclined",7047,"Diverse Demographics, Average Customer Base"
3836,numeric,Numeric: ID 3836,7044,"Balanced Demographics, Average Customer",7047,"Diverse Demographics, Average Customer Base"
3837,numeric,Numeric: ID 3837,7046,"Neutral Demographic Mix, Partner Inclined",7047,"Diverse Demographics, Average Customer Base"
3838,numeric,Numeric: ID 3838,7046,"Neutral Demographic Mix, Partner Inclined",7047,"Diverse Demographics, Average Customer Base"
3839,numeric,Numeric: ID 3839,7046,"Neutral Demographic Mix, Partner Inclined",7047,"Diverse Demographics, Average Customer Base"
3840,numeric,Numeric: ID 3840,7046,"Neutral Demographic Mix, Partner Inclined",7047,"Diverse Demographics, Average Customer Base"
3841,numeric,Numeric: ID 3841,7046,"Neutral Demographic Mix, Partner Inclined",7047,"Diverse Demographics, Average Customer Base"
3842,numeric,Numeric: ID 3842,7046,"Neutral Demographic Mix, Partner Inclined",7047,"Diverse Demographics, Average Customer Base"
3843,numeric,Numeric: ID 3843,7046,"Neutral Demographic Mix, Partner Inclined",7047,"Diverse Demographics, Average Customer Base"
3844,numeric,Numeric: ID 3844,7045,"Younger, Fewer Partners, Gender Balanced",7048,"Younger, Single Customers: Engagement Focus"
3845,numeric,Numeric: ID 3845,7045,"Younger, Fewer Partners, Gender Balanced",7048,"Younger, Single Customers: Engagement Focus"
3846,numeric,Numeric: ID 3846,7045,"Younger, Fewer Partners, Gender Balanced",7048,"Younger, Single Customers: Engagement Focus"
3847,numeric,Numeric: ID 3847,7045,"Younger, Fewer Partners, Gender Balanced",7048,"Younger, Single Customers: Engagement Focus"
3848,numeric,Numeric: ID 3848,7045,"Younger, Fewer Partners, Gender Balanced",7048,"Younger, Single Customers: Engagement Focus"
3849,numeric,Numeric: ID 3849,7046,"Neutral Demographic Mix, Partner Inclined",7047,"Diverse Demographics, Average Customer Base"
3850,numeric,Numeric: ID 3850,7044,"Balanced Demographics, Average Customer",7047,"Diverse Demographics, Average Customer Base"
3851,numeric,Numeric: ID 3851,7046,"Neutral Demographic Mix, Partner Inclined",7047,"Diverse Demographics, Average Customer Base"
3852,numeric,Numeric: ID 3852,7046,"Neutral Demographic Mix, Partner Inclined",7047,"Diverse Demographics, Average Customer Base"
3853,numeric,Numeric: ID 3853,7046,"Neutral Demographic Mix, Partner Inclined",7047,"Diverse Demographics, Average Customer Base"
3854,numeric,Numeric: ID 3854,7046,"Neutral Demographic Mix, Partner Inclined",7047,"Diverse Demographics, Average Customer Base"
3855,numeric,Numeric: ID 3855,7046,"Neutral Demographic Mix, Partner Inclined",7047,"Diverse Demographics, Average Customer Base"
3856,numeric,Numeric: ID 3856,7046,"Neutral Demographic Mix, Partner Inclined",7047,"Diverse Demographics, Average Customer Base"
3857,numeric,Numeric: ID 3857,7045,"Younger, Fewer Partners, Gender Balanced",7048,"Younger, Single Customers: Engagement Focus"
3858,numeric,Numeric: ID 3858,7045,"Younger, Fewer Partners, Gender Balanced",7048,"Younger, Single Customers: Engagement Focus"
3859,numeric,Numeric: ID 3859,7046,"Neutral Demographic Mix, Partner Inclined",7047,"Diverse Demographics, Average Customer Base"
3860,numeric,Numeric: ID 3860,7044,"Balanced Demographics, Average Customer",7047,"Diverse Demographics, Average Customer Base"
3861,numeric,Numeric: ID 3861,7046,"Neutral Demographic Mix, Partner Inclined",7047,"Diverse Demographics, Average Customer Base"
3862,numeric,Numeric: ID 3862,7045,"Younger, Fewer Partners, Gender Balanced",7048,"Younger, Single Customers: Engagement Focus"
3863,numeric,Numeric: ID 3863,7046,"Neutral Demographic Mix, Partner Inclined",7047,"Diverse Demographics, Average Customer Base"
3864,numeric,Numeric: ID 3864,7044,"Balanced Demographics, Average Customer",7047,"Diverse Demographics, Average Customer Base"
3865,numeric,Numeric: ID 3865,7045,"Younger, Fewer Partners, Gender Balanced",7048,"Younger, Single Customers: Engagement Focus"
3866,numeric,Numeric: ID 3866,7046,"Neutral Demographic Mix, Partner Inclined",7047,"Diverse Demographics, Average Customer Base"
3867,numeric,Numeric: ID 3867,7046,"Neutral Demographic Mix, Partner Inclined",7047,"Diverse Demographics, Average Customer Base"
3868,numeric,Numeric: ID 3868,7045,"Younger, Fewer Partners, Gender Balanced",7048,"Younger, Single Customers: Engagement Focus"
3869,numeric,Numeric: ID 3869,7044,"Balanced Demographics, Average Customer",7047,"Diverse Demographics, Average Customer Base"
3870,numeric,Numeric: ID 3870,7045,"Younger, Fewer Partners, Gender Balanced",7048,"Younger, Single Customers: Engagement Focus"
3871,numeric,Numeric: ID 3871,7044,"Balanced Demographics, Average Customer",7047,"Diverse Demographics, Average Customer Base"
3872,numeric,Numeric: ID 3872,7045,"Younger, Fewer Partners, Gender Balanced",7048,"Younger, Single Customers: Engagement Focus"
3873,numeric,Numeric: ID 3873,7046,"Neutral Demographic Mix, Partner Inclined",7047,"Diverse Demographics, Average Customer Base"
3874,numeric,Numeric: ID 3874,7045,"Younger, Fewer Partners, Gender Balanced",7048,"Younger, Single Customers: Engagement Focus"
3875,numeric,Numeric: ID 3875,7046,"Neutral Demographic Mix, Partner Inclined",7047,"Diverse Demographics, Average Customer Base"
3876,numeric,Numeric: ID 3876,7046,"Neutral Demographic Mix, Partner Inclined",7047,"Diverse Demographics, Average Customer Base"
3877,numeric,Numeric: ID 3877,7044,"Balanced Demographics, Average Customer",7047,"Diverse Demographics, Average Customer Base"
3878,numeric,Numeric: ID 3878,7046,"Neutral Demographic Mix, Partner Inclined",7047,"Diverse Demographics, Average Customer Base"
3879,numeric,Numeric: ID 3879,7045,"Younger, Fewer Partners, Gender Balanced",7048,"Younger, Single Customers: Engagement Focus"
3880,numeric,Numeric: ID 3880,7045,"Younger, Fewer Partners, Gender Balanced",7048,"Younger, Single Customers: Engagement Focus"
3881,numeric,Numeric: ID 3881,7045,"Younger, Fewer Partners, Gender Balanced",7048,"Younger, Single Customers: Engagement Focus"
3882,numeric,Numeric: ID 3882,7044,"Balanced Demographics, Average Customer",7047,"Diverse Demographics, Average Customer Base"
3883,numeric,Numeric: ID 3883,7045,"Younger, Fewer Partners, Gender Balanced",7048,"Younger, Single Customers: Engagement Focus"
3884,numeric,Numeric: ID 3884,7044,"Balanced Demographics, Average Customer",7047,"Diverse Demographics, Average Customer Base"
3885,numeric,Numeric: ID 3885,7046,"Neutral Demographic Mix, Partner Inclined",7047,"Diverse Demographics, Average Customer Base"
3886,numeric,Numeric: ID 3886,7046,"Neutral Demographic Mix, Partner Inclined",7047,"Diverse Demographics, Average Customer Base"
3887,numeric,Numeric: ID 3887,7045,"Younger, Fewer Partners, Gender Balanced",7048,"Younger, Single Customers: Engagement Focus"
3888,numeric,Numeric: ID 3888,7046,"Neutral Demographic Mix, Partner Inclined",7047,"Diverse Demographics, Average Customer Base"
3889,numeric,Numeric: ID 3889,7045,"Younger, Fewer Partners, Gender Balanced",7048,"Younger, Single Customers: Engagement Focus"
3890,numeric,Numeric: ID 3890,7046,"Neutral Demographic Mix, Partner Inclined",7047,"Diverse Demographics, Average Customer Base"
3891,numeric,Numeric: ID 3891,7046,"Neutral Demographic Mix, Partner Inclined",7047,"Diverse Demographics, Average Customer Base"
3892,numeric,Numeric: ID 3892,7046,"Neutral Demographic Mix, Partner Inclined",7047,"Diverse Demographics, Average Customer Base"
3893,numeric,Numeric: ID 3893,7046,"Neutral Demographic Mix, Partner Inclined",7047,"Diverse Demographics, Average Customer Base"
3894,numeric,Numeric: ID 3894,7046,"Neutral Demographic Mix, Partner Inclined",7047,"Diverse Demographics, Average Customer Base"
3895,numeric,Numeric: ID 3895,7046,"Neutral Demographic Mix, Partner Inclined",7047,"Diverse Demographics, Average Customer Base"
3896,numeric,Numeric: ID 3896,7046,"Neutral Demographic Mix, Partner Inclined",7047,"Diverse Demographics, Average Customer Base"
3897,numeric,Numeric: ID 3897,7046,"Neutral Demographic Mix, Partner Inclined",7047,"Diverse Demographics, Average Customer Base"
3898,numeric,Numeric: ID 3898,7045,"Younger, Fewer Partners, Gender Balanced",7048,"Younger, Single Customers: Engagement Focus"
3899,numeric,Numeric: ID 3899,7045,"Younger, Fewer Partners, Gender Balanced",7048,"Younger, Single Customers: Engagement Focus"
3900,numeric,Numeric: ID 3900,7046,"Neutral Demographic Mix, Partner Inclined",7047,"Diverse Demographics, Average Customer Base"
3901,numeric,Numeric: ID 3901,7045,"Younger, Fewer Partners, Gender Balanced",7048,"Younger, Single Customers: Engagement Focus"
3902,numeric,Numeric: ID 3902,7044,"Balanced Demographics, Average Customer",7047,"Diverse Demographics, Average Customer Base"
3903,numeric,Numeric: ID 3903,7044,"Balanced Demographics, Average Customer",7047,"Diverse Demographics, Average Customer Base"
3904,numeric,Numeric: ID 3904,7045,"Younger, Fewer Partners, Gender Balanced",7048,"Younger, Single Customers: Engagement Focus"
3905,numeric,Numeric: ID 3905,7046,"Neutral Demographic Mix, Partner Inclined",7047,"Diverse Demographics, Average Customer Base"
3906,numeric,Numeric: ID 3906,7045,"Younger, Fewer Partners, Gender Balanced",7048,"Younger, Single Customers: Engagement Focus"
3907,numeric,Numeric: ID 3907,7045,"Younger, Fewer Partners, Gender Balanced",7048,"Younger, Single Customers: Engagement Focus"
3908,numeric,Numeric: ID 3908,7045,"Younger, Fewer Partners, Gender Balanced",7048,"Younger, Single Customers: Engagement Focus"
3909,numeric,Numeric: ID 3909,7046,"Neutral Demographic Mix, Partner Inclined",7047,"Diverse Demographics, Average Customer Base"
3910,numeric,Numeric: ID 3910,7046,"Neutral Demographic Mix, Partner Inclined",7047,"Diverse Demographics, Average Customer Base"
3911,numeric,Numeric: ID 3911,7046,"Neutral Demographic Mix, Partner Inclined",7047,"Diverse Demographics, Average Customer Base"
3912,numeric,Numeric: ID 3912,7046,"Neutral Demographic Mix, Partner Inclined",7047,"Diverse Demographics, Average Customer Base"
3913,numeric,Numeric: ID 3913,7046,"Neutral Demographic Mix, Partner Inclined",7047,"Diverse Demographics, Average Customer Base"
3914,numeric,Numeric: ID 3914,7046,"Neutral Demographic Mix, Partner Inclined",7047,"Diverse Demographics, Average Customer Base"
3915,numeric,Numeric: ID 3915,7045,"Younger, Fewer Partners, Gender Balanced",7048,"Younger, Single Customers: Engagement Focus"
3916,numeric,Numeric: ID 3916,7046,"Neutral Demographic Mix, Partner Inclined",7047,"Diverse Demographics, Average Customer Base"
3917,numeric,Numeric: ID 3917,7046,"Neutral Demographic Mix, Partner Inclined",7047,"Diverse Demographics, Average Customer Base"
3918,numeric,Numeric: ID 3918,7044,"Balanced Demographics, Average Customer",7047,"Diverse Demographics, Average Customer Base"
3919,numeric,Numeric: ID 3919,7046,"Neutral Demographic Mix, Partner Inclined",7047,"Diverse Demographics, Average Customer Base"
3920,numeric,Numeric: ID 3920,7045,"Younger, Fewer Partners, Gender Balanced",7048,"Younger, Single Customers: Engagement Focus"
3921,numeric,Numeric: ID 3921,7046,"Neutral Demographic Mix, Partner Inclined",7047,"Diverse Demographics, Average Customer Base"
3922,numeric,Numeric: ID 3922,7044,"Balanced Demographics, Average Customer",7047,"Diverse Demographics, Average Customer Base"
3923,numeric,Numeric: ID 3923,7046,"Neutral Demographic Mix, Partner Inclined",7047,"Diverse Demographics, Average Customer Base"
3924,numeric,Numeric: ID 3924,7046,"Neutral Demographic Mix, Partner Inclined",7047,"Diverse Demographics, Average Customer Base"
3925,numeric,Numeric: ID 3925,7046,"Neutral Demographic Mix, Partner Inclined",7047,"Diverse Demographics, Average Customer Base"
3926,numeric,Numeric: ID 3926,7046,"Neutral Demographic Mix, Partner Inclined",7047,"Diverse Demographics, Average Customer Base"
3927,numeric,Numeric: ID 3927,7045,"Younger, Fewer Partners, Gender Balanced",7048,"Younger, Single Customers: Engagement Focus"
3928,numeric,Numeric: ID 3928,7046,"Neutral Demographic Mix, Partner Inclined",7047,"Diverse Demographics, Average Customer Base"
3929,numeric,Numeric: ID 3929,7046,"Neutral Demographic Mix, Partner Inclined",7047,"Diverse Demographics, Average Customer Base"
3930,numeric,Numeric: ID 3930,7046,"Neutral Demographic Mix, Partner Inclined",7047,"Diverse Demographics, Average Customer Base"
3931,numeric,Numeric: ID 3931,7046,"Neutral Demographic Mix, Partner Inclined",7047,"Diverse Demographics, Average Customer Base"
3932,numeric,Numeric: ID 3932,7046,"Neutral Demographic Mix, Partner Inclined",7047,"Diverse Demographics, Average Customer Base"
3933,numeric,Numeric: ID 3933,7046,"Neutral Demographic Mix, Partner Inclined",7047,"Diverse Demographics, Average Customer Base"
3934,numeric,Numeric: ID 3934,7046,"Neutral Demographic Mix, Partner Inclined",7047,"Diverse Demographics, Average Customer Base"
3935,numeric,Numeric: ID 3935,7045,"Younger, Fewer Partners, Gender Balanced",7048,"Younger, Single Customers: Engagement Focus"
3936,numeric,Numeric: ID 3936,7045,"Younger, Fewer Partners, Gender Balanced",7048,"Younger, Single Customers: Engagement Focus"
3937,numeric,Numeric: ID 3937,7046,"Neutral Demographic Mix, Partner Inclined",7047,"Diverse Demographics, Average Customer Base"
3938,numeric,Numeric: ID 3938,7045,"Younger, Fewer Partners, Gender Balanced",7048,"Younger, Single Customers: Engagement Focus"
3939,numeric,Numeric: ID 3939,7046,"Neutral Demographic Mix, Partner Inclined",7047,"Diverse Demographics, Average Customer Base"
3940,numeric,Numeric: ID 3940,7046,"Neutral Demographic Mix, Partner Inclined",7047,"Diverse Demographics, Average Customer Base"
3941,numeric,Numeric: ID 3941,7045,"Younger, Fewer Partners, Gender Balanced",7048,"Younger, Single Customers: Engagement Focus"
3942,numeric,Numeric: ID 3942,7046,"Neutral Demographic Mix, Partner Inclined",7047,"Diverse Demographics, Average Customer Base"
3943,numeric,Numeric: ID 3943,7044,"Balanced Demographics, Average Customer",7047,"Diverse Demographics, Average Customer Base"
3944,numeric,Numeric: ID 3944,7046,"Neutral Demographic Mix, Partner Inclined",7047,"Diverse Demographics, Average Customer Base"
3945,numeric,Numeric: ID 3945,7045,"Younger, Fewer Partners, Gender Balanced",7048,"Younger, Single Customers: Engagement Focus"
3946,numeric,Numeric: ID 3946,7045,"Younger, Fewer Partners, Gender Balanced",7048,"Younger, Single Customers: Engagement Focus"
3947,numeric,Numeric: ID 3947,7044,"Balanced Demographics, Average Customer",7047,"Diverse Demographics, Average Customer Base"
3948,numeric,Numeric: ID 3948,7046,"Neutral Demographic Mix, Partner Inclined",7047,"Diverse Demographics, Average Customer Base"
3949,numeric,Numeric: ID 3949,7045,"Younger, Fewer Partners, Gender Balanced",7048,"Younger, Single Customers: Engagement Focus"
3950,numeric,Numeric: ID 3950,7046,"Neutral Demographic Mix, Partner Inclined",7047,"Diverse Demographics, Average Customer Base"
3951,numeric,Numeric: ID 3951,7045,"Younger, Fewer Partners, Gender Balanced",7048,"Younger, Single Customers: Engagement Focus"
3952,numeric,Numeric: ID 3952,7045,"Younger, Fewer Partners, Gender Balanced",7048,"Younger, Single Customers: Engagement Focus"
3953,numeric,Numeric: ID 3953,7045,"Younger, Fewer Partners, Gender Balanced",7048,"Younger, Single Customers: Engagement Focus"
3954,numeric,Numeric: ID 3954,7045,"Younger, Fewer Partners, Gender Balanced",7048,"Younger, Single Customers: Engagement Focus"
3955,numeric,Numeric: ID 3955,7046,"Neutral Demographic Mix, Partner Inclined",7047,"Diverse Demographics, Average Customer Base"
3956,numeric,Numeric: ID 3956,7046,"Neutral Demographic Mix, Partner Inclined",7047,"Diverse Demographics, Average Customer Base"
3957,numeric,Numeric: ID 3957,7045,"Younger, Fewer Partners, Gender Balanced",7048,"Younger, Single Customers: Engagement Focus"
3958,numeric,Numeric: ID 3958,7046,"Neutral Demographic Mix, Partner Inclined",7047,"Diverse Demographics, Average Customer Base"
3959,numeric,Numeric: ID 3959,7046,"Neutral Demographic Mix, Partner Inclined",7047,"Diverse Demographics, Average Customer Base"
3960,numeric,Numeric: ID 3960,7046,"Neutral Demographic Mix, Partner Inclined",7047,"Diverse Demographics, Average Customer Base"
3961,numeric,Numeric: ID 3961,7045,"Younger, Fewer Partners, Gender Balanced",7048,"Younger, Single Customers: Engagement Focus"
3962,numeric,Numeric: ID 3962,7046,"Neutral Demographic Mix, Partner Inclined",7047,"Diverse Demographics, Average Customer Base"
3963,numeric,Numeric: ID 3963,7046,"Neutral Demographic Mix, Partner Inclined",7047,"Diverse Demographics, Average Customer Base"
3964,numeric,Numeric: ID 3964,7045,"Younger, Fewer Partners, Gender Balanced",7048,"Younger, Single Customers: Engagement Focus"
3965,numeric,Numeric: ID 3965,7045,"Younger, Fewer Partners, Gender Balanced",7048,"Younger, Single Customers: Engagement Focus"
3966,numeric,Numeric: ID 3966,7046,"Neutral Demographic Mix, Partner Inclined",7047,"Diverse Demographics, Average Customer Base"
3967,numeric,Numeric: ID 3967,7044,"Balanced Demographics, Average Customer",7047,"Diverse Demographics, Average Customer Base"
3968,numeric,Numeric: ID 3968,7044,"Balanced Demographics, Average Customer",7047,"Diverse Demographics, Average Customer Base"
3969,numeric,Numeric: ID 3969,7045,"Younger, Fewer Partners, Gender Balanced",7048,"Younger, Single Customers: Engagement Focus"
3970,numeric,Numeric: ID 3970,7046,"Neutral Demographic Mix, Partner Inclined",7047,"Diverse Demographics, Average Customer Base"
3971,numeric,Numeric: ID 3971,7046,"Neutral Demographic Mix, Partner Inclined",7047,"Diverse Demographics, Average Customer Base"
3972,numeric,Numeric: ID 3972,7046,"Neutral Demographic Mix, Partner Inclined",7047,"Diverse Demographics, Average Customer Base"
3973,numeric,Numeric: ID 3973,7046,"Neutral Demographic Mix, Partner Inclined",7047,"Diverse Demographics, Average Customer Base"
3974,numeric,Numeric: ID 3974,7045,"Younger, Fewer Partners, Gender Balanced",7048,"Younger, Single Customers: Engagement Focus"
3975,numeric,Numeric: ID 3975,7046,"Neutral Demographic Mix, Partner Inclined",7047,"Diverse Demographics, Average Customer Base"
3976,numeric,Numeric: ID 3976,7046,"Neutral Demographic Mix, Partner Inclined",7047,"Diverse Demographics, Average Customer Base"
3977,numeric,Numeric: ID 3977,7046,"Neutral Demographic Mix, Partner Inclined",7047,"Diverse Demographics, Average Customer Base"
3978,numeric,Numeric: ID 3978,7046,"Neutral Demographic Mix, Partner Inclined",7047,"Diverse Demographics, Average Customer Base"
3979,numeric,Numeric: ID 3979,7046,"Neutral Demographic Mix, Partner Inclined",7047,"Diverse Demographics, Average Customer Base"
3980,numeric,Numeric: ID 3980,7045,"Younger, Fewer Partners, Gender Balanced",7048,"Younger, Single Customers: Engagement Focus"
3981,numeric,Numeric: ID 3981,7046,"Neutral Demographic Mix, Partner Inclined",7047,"Diverse Demographics, Average Customer Base"
3982,numeric,Numeric: ID 3982,7046,"Neutral Demographic Mix, Partner Inclined",7047,"Diverse Demographics, Average Customer Base"
3983,numeric,Numeric: ID 3983,7045,"Younger, Fewer Partners, Gender Balanced",7048,"Younger, Single Customers: Engagement Focus"
3984,numeric,Numeric: ID 3984,7046,"Neutral Demographic Mix, Partner Inclined",7047,"Diverse Demographics, Average Customer Base"
3985,numeric,Numeric: ID 3985,7046,"Neutral Demographic Mix, Partner Inclined",7047,"Diverse Demographics, Average Customer Base"
3986,numeric,Numeric: ID 3986,7046,"Neutral Demographic Mix, Partner Inclined",7047,"Diverse Demographics, Average Customer Base"
3987,numeric,Numeric: ID 3987,7046,"Neutral Demographic Mix, Partner Inclined",7047,"Diverse Demographics, Average Customer Base"
3988,numeric,Numeric: ID 3988,7046,"Neutral Demographic Mix, Partner Inclined",7047,"Diverse Demographics, Average Customer Base"
3989,numeric,Numeric: ID 3989,7046,"Neutral Demographic Mix, Partner Inclined",7047,"Diverse Demographics, Average Customer Base"
3990,numeric,Numeric: ID 3990,7045,"Younger, Fewer Partners, Gender Balanced",7048,"Younger, Single Customers: Engagement Focus"
3991,numeric,Numeric: ID 3991,7046,"Neutral Demographic Mix, Partner Inclined",7047,"Diverse Demographics, Average Customer Base"
3992,numeric,Numeric: ID 3992,7046,"Neutral Demographic Mix, Partner Inclined",7047,"Diverse Demographics, Average Customer Base"
3993,numeric,Numeric: ID 3993,7045,"Younger, Fewer Partners, Gender Balanced",7048,"Younger, Single Customers: Engagement Focus"
3994,numeric,Numeric: ID 3994,7045,"Younger, Fewer Partners, Gender Balanced",7048,"Younger, Single Customers: Engagement Focus"
3995,numeric,Numeric: ID 3995,7045,"Younger, Fewer Partners, Gender Balanced",7048,"Younger, Single Customers: Engagement Focus"
3996,numeric,Numeric: ID 3996,7046,"Neutral Demographic Mix, Partner Inclined",7047,"Diverse Demographics, Average Customer Base"
3997,numeric,Numeric: ID 3997,7046,"Neutral Demographic Mix, Partner Inclined",7047,"Diverse Demographics, Average Customer Base"
3998,numeric,Numeric: ID 3998,7046,"Neutral Demographic Mix, Partner Inclined",7047,"Diverse Demographics, Average Customer Base"
3999,numeric,Numeric: ID 3999,7046,"Neutral Demographic Mix, Partner Inclined",7047,"Diverse Demographics, Average Customer Base"
4000,numeric,Numeric: ID 4000,7045,"Younger, Fewer Partners, Gender Balanced",7048,"Younger, Single Customers: Engagement Focus"
4001,numeric,Numeric: ID 4001,7046,"Neutral Demographic Mix, Partner Inclined",7047,"Diverse Demographics, Average Customer Base"
4002,numeric,Numeric: ID 4002,7046,"Neutral Demographic Mix, Partner Inclined",7047,"Diverse Demographics, Average Customer Base"
4003,numeric,Numeric: ID 4003,7046,"Neutral Demographic Mix, Partner Inclined",7047,"Diverse Demographics, Average Customer Base"
4004,numeric,Numeric: ID 4004,7044,"Balanced Demographics, Average Customer",7047,"Diverse Demographics, Average Customer Base"
4005,numeric,Numeric: ID 4005,7045,"Younger, Fewer Partners, Gender Balanced",7048,"Younger, Single Customers: Engagement Focus"
4006,numeric,Numeric: ID 4006,7045,"Younger, Fewer Partners, Gender Balanced",7048,"Younger, Single Customers: Engagement Focus"
4007,numeric,Numeric: ID 4007,7045,"Younger, Fewer Partners, Gender Balanced",7048,"Younger, Single Customers: Engagement Focus"
4008,numeric,Numeric: ID 4008,7045,"Younger, Fewer Partners, Gender Balanced",7048,"Younger, Single Customers: Engagement Focus"
4009,numeric,Numeric: ID 4009,7044,"Balanced Demographics, Average Customer",7047,"Diverse Demographics, Average Customer Base"
4010,numeric,Numeric: ID 4010,7044,"Balanced Demographics, Average Customer",7047,"Diverse Demographics, Average Customer Base"
4011,numeric,Numeric: ID 4011,7046,"Neutral Demographic Mix, Partner Inclined",7047,"Diverse Demographics, Average Customer Base"
4012,numeric,Numeric: ID 4012,7046,"Neutral Demographic Mix, Partner Inclined",7047,"Diverse Demographics, Average Customer Base"
4013,numeric,Numeric: ID 4013,7044,"Balanced Demographics, Average Customer",7047,"Diverse Demographics, Average Customer Base"
4014,numeric,Numeric: ID 4014,7046,"Neutral Demographic Mix, Partner Inclined",7047,"Diverse Demographics, Average Customer Base"
4015,numeric,Numeric: ID 4015,7046,"Neutral Demographic Mix, Partner Inclined",7047,"Diverse Demographics, Average Customer Base"
4016,numeric,Numeric: ID 4016,7046,"Neutral Demographic Mix, Partner Inclined",7047,"Diverse Demographics, Average Customer Base"
4017,numeric,Numeric: ID 4017,7045,"Younger, Fewer Partners, Gender Balanced",7048,"Younger, Single Customers: Engagement Focus"
4018,numeric,Numeric: ID 4018,7046,"Neutral Demographic Mix, Partner Inclined",7047,"Diverse Demographics, Average Customer Base"
4019,numeric,Numeric: ID 4019,7044,"Balanced Demographics, Average Customer",7047,"Diverse Demographics, Average Customer Base"
4020,numeric,Numeric: ID 4020,7046,"Neutral Demographic Mix, Partner Inclined",7047,"Diverse Demographics, Average Customer Base"
4021,numeric,Numeric: ID 4021,7044,"Balanced Demographics, Average Customer",7047,"Diverse Demographics, Average Customer Base"
4022,numeric,Numeric: ID 4022,7044,"Balanced Demographics, Average Customer",7047,"Diverse Demographics, Average Customer Base"
4023,numeric,Numeric: ID 4023,7045,"Younger, Fewer Partners, Gender Balanced",7048,"Younger, Single Customers: Engagement Focus"
4024,numeric,Numeric: ID 4024,7044,"Balanced Demographics, Average Customer",7047,"Diverse Demographics, Average Customer Base"
4025,numeric,Numeric: ID 4025,7044,"Balanced Demographics, Average Customer",7047,"Diverse Demographics, Average Customer Base"
4026,numeric,Numeric: ID 4026,7046,"Neutral Demographic Mix, Partner Inclined",7047,"Diverse Demographics, Average Customer Base"
4027,numeric,Numeric: ID 4027,7046,"Neutral Demographic Mix, Partner Inclined",7047,"Diverse Demographics, Average Customer Base"
4028,numeric,Numeric: ID 4028,7046,"Neutral Demographic Mix, Partner Inclined",7047,"Diverse Demographics, Average Customer Base"
4029,numeric,Numeric: ID 4029,7046,"Neutral Demographic Mix, Partner Inclined",7047,"Diverse Demographics, Average Customer Base"
4030,numeric,Numeric: ID 4030,7046,"Neutral Demographic Mix, Partner Inclined",7047,"Diverse Demographics, Average Customer Base"
4031,numeric,Numeric: ID 4031,7046,"Neutral Demographic Mix, Partner Inclined",7047,"Diverse Demographics, Average Customer Base"
4032,numeric,Numeric: ID 4032,7044,"Balanced Demographics, Average Customer",7047,"Diverse Demographics, Average Customer Base"
4033,numeric,Numeric: ID 4033,7045,"Younger, Fewer Partners, Gender Balanced",7048,"Younger, Single Customers: Engagement Focus"
4034,numeric,Numeric: ID 4034,7046,"Neutral Demographic Mix, Partner Inclined",7047,"Diverse Demographics, Average Customer Base"
4035,numeric,Numeric: ID 4035,7046,"Neutral Demographic Mix, Partner Inclined",7047,"Diverse Demographics, Average Customer Base"
4036,numeric,Numeric: ID 4036,7045,"Younger, Fewer Partners, Gender Balanced",7048,"Younger, Single Customers: Engagement Focus"
4037,numeric,Numeric: ID 4037,7045,"Younger, Fewer Partners, Gender Balanced",7048,"Younger, Single Customers: Engagement Focus"
4038,numeric,Numeric: ID 4038,7046,"Neutral Demographic Mix, Partner Inclined",7047,"Diverse Demographics, Average Customer Base"
4039,numeric,Numeric: ID 4039,7046,"Neutral Demographic Mix, Partner Inclined",7047,"Diverse Demographics, Average Customer Base"
4040,numeric,Numeric: ID 4040,7046,"Neutral Demographic Mix, Partner Inclined",7047,"Diverse Demographics, Average Customer Base"
4041,numeric,Numeric: ID 4041,7046,"Neutral Demographic Mix, Partner Inclined",7047,"Diverse Demographics, Average Customer Base"
4042,numeric,Numeric: ID 4042,7046,"Neutral Demographic Mix, Partner Inclined",7047,"Diverse Demographics, Average Customer Base"
4043,numeric,Numeric: ID 4043,7045,"Younger, Fewer Partners, Gender Balanced",7048,"Younger, Single Customers: Engagement Focus"
4044,numeric,Numeric: ID 4044,7045,"Younger, Fewer Partners, Gender Balanced",7048,"Younger, Single Customers: Engagement Focus"
4045,numeric,Numeric: ID 4045,7044,"Balanced Demographics, Average Customer",7047,"Diverse Demographics, Average Customer Base"
4046,numeric,Numeric: ID 4046,7046,"Neutral Demographic Mix, Partner Inclined",7047,"Diverse Demographics, Average Customer Base"
4047,numeric,Numeric: ID 4047,7046,"Neutral Demographic Mix, Partner Inclined",7047,"Diverse Demographics, Average Customer Base"
4048,numeric,Numeric: ID 4048,7046,"Neutral Demographic Mix, Partner Inclined",7047,"Diverse Demographics, Average Customer Base"
4049,numeric,Numeric: ID 4049,7046,"Neutral Demographic Mix, Partner Inclined",7047,"Diverse Demographics, Average Customer Base"
4050,numeric,Numeric: ID 4050,7045,"Younger, Fewer Partners, Gender Balanced",7048,"Younger, Single Customers: Engagement Focus"
4051,numeric,Numeric: ID 4051,7046,"Neutral Demographic Mix, Partner Inclined",7047,"Diverse Demographics, Average Customer Base"
4052,numeric,Numeric: ID 4052,7045,"Younger, Fewer Partners, Gender Balanced",7048,"Younger, Single Customers: Engagement Focus"
4053,numeric,Numeric: ID 4053,7046,"Neutral Demographic Mix, Partner Inclined",7047,"Diverse Demographics, Average Customer Base"
4054,numeric,Numeric: ID 4054,7046,"Neutral Demographic Mix, Partner Inclined",7047,"Diverse Demographics, Average Customer Base"
4055,numeric,Numeric: ID 4055,7045,"Younger, Fewer Partners, Gender Balanced",7048,"Younger, Single Customers: Engagement Focus"
4056,numeric,Numeric: ID 4056,7046,"Neutral Demographic Mix, Partner Inclined",7047,"Diverse Demographics, Average Customer Base"
4057,numeric,Numeric: ID 4057,7046,"Neutral Demographic Mix, Partner Inclined",7047,"Diverse Demographics, Average Customer Base"
4058,numeric,Numeric: ID 4058,7045,"Younger, Fewer Partners, Gender Balanced",7048,"Younger, Single Customers: Engagement Focus"
4059,numeric,Numeric: ID 4059,7046,"Neutral Demographic Mix, Partner Inclined",7047,"Diverse Demographics, Average Customer Base"
4060,numeric,Numeric: ID 4060,7044,"Balanced Demographics, Average Customer",7047,"Diverse Demographics, Average Customer Base"
4061,numeric,Numeric: ID 4061,7046,"Neutral Demographic Mix, Partner Inclined",7047,"Diverse Demographics, Average Customer Base"
4062,numeric,Numeric: ID 4062,7046,"Neutral Demographic Mix, Partner Inclined",7047,"Diverse Demographics, Average Customer Base"
4063,numeric,Numeric: ID 4063,7046,"Neutral Demographic Mix, Partner Inclined",7047,"Diverse Demographics, Average Customer Base"
4064,numeric,Numeric: ID 4064,7046,"Neutral Demographic Mix, Partner Inclined",7047,"Diverse Demographics, Average Customer Base"
4065,numeric,Numeric: ID 4065,7044,"Balanced Demographics, Average Customer",7047,"Diverse Demographics, Average Customer Base"
4066,numeric,Numeric: ID 4066,7046,"Neutral Demographic Mix, Partner Inclined",7047,"Diverse Demographics, Average Customer Base"
4067,numeric,Numeric: ID 4067,7045,"Younger, Fewer Partners, Gender Balanced",7048,"Younger, Single Customers: Engagement Focus"
4068,numeric,Numeric: ID 4068,7045,"Younger, Fewer Partners, Gender Balanced",7048,"Younger, Single Customers: Engagement Focus"
4069,numeric,Numeric: ID 4069,7046,"Neutral Demographic Mix, Partner Inclined",7047,"Diverse Demographics, Average Customer Base"
4070,numeric,Numeric: ID 4070,7046,"Neutral Demographic Mix, Partner Inclined",7047,"Diverse Demographics, Average Customer Base"
4071,numeric,Numeric: ID 4071,7045,"Younger, Fewer Partners, Gender Balanced",7048,"Younger, Single Customers: Engagement Focus"
4072,numeric,Numeric: ID 4072,7045,"Younger, Fewer Partners, Gender Balanced",7048,"Younger, Single Customers: Engagement Focus"
4073,numeric,Numeric: ID 4073,7045,"Younger, Fewer Partners, Gender Balanced",7048,"Younger, Single Customers: Engagement Focus"
4074,numeric,Numeric: ID 4074,7046,"Neutral Demographic Mix, Partner Inclined",7047,"Diverse Demographics, Average Customer Base"
4075,numeric,Numeric: ID 4075,7045,"Younger, Fewer Partners, Gender Balanced",7048,"Younger, Single Customers: Engagement Focus"
4076,numeric,Numeric: ID 4076,7046,"Neutral Demographic Mix, Partner Inclined",7047,"Diverse Demographics, Average Customer Base"
4077,numeric,Numeric: ID 4077,7046,"Neutral Demographic Mix, Partner Inclined",7047,"Diverse Demographics, Average Customer Base"
4078,numeric,Numeric: ID 4078,7045,"Younger, Fewer Partners, Gender Balanced",7048,"Younger, Single Customers: Engagement Focus"
4079,numeric,Numeric: ID 4079,7046,"Neutral Demographic Mix, Partner Inclined",7047,"Diverse Demographics, Average Customer Base"
4080,numeric,Numeric: ID 4080,7045,"Younger, Fewer Partners, Gender Balanced",7048,"Younger, Single Customers: Engagement Focus"
4081,numeric,Numeric: ID 4081,7046,"Neutral Demographic Mix, Partner Inclined",7047,"Diverse Demographics, Average Customer Base"
4082,numeric,Numeric: ID 4082,7044,"Balanced Demographics, Average Customer",7047,"Diverse Demographics, Average Customer Base"
4083,numeric,Numeric: ID 4083,7045,"Younger, Fewer Partners, Gender Balanced",7048,"Younger, Single Customers: Engagement Focus"
4084,numeric,Numeric: ID 4084,7044,"Balanced Demographics, Average Customer",7047,"Diverse Demographics, Average Customer Base"
4085,numeric,Numeric: ID 4085,7044,"Balanced Demographics, Average Customer",7047,"Diverse Demographics, Average Customer Base"
4086,numeric,Numeric: ID 4086,7046,"Neutral Demographic Mix, Partner Inclined",7047,"Diverse Demographics, Average Customer Base"
4087,numeric,Numeric: ID 4087,7046,"Neutral Demographic Mix, Partner Inclined",7047,"Diverse Demographics, Average Customer Base"
4088,numeric,Numeric: ID 4088,7045,"Younger, Fewer Partners, Gender Balanced",7048,"Younger, Single Customers: Engagement Focus"
4089,numeric,Numeric: ID 4089,7045,"Younger, Fewer Partners, Gender Balanced",7048,"Younger, Single Customers: Engagement Focus"
4090,numeric,Numeric: ID 4090,7046,"Neutral Demographic Mix, Partner Inclined",7047,"Diverse Demographics, Average Customer Base"
4091,numeric,Numeric: ID 4091,7045,"Younger, Fewer Partners, Gender Balanced",7048,"Younger, Single Customers: Engagement Focus"
4092,numeric,Numeric: ID 4092,7045,"Younger, Fewer Partners, Gender Balanced",7048,"Younger, Single Customers: Engagement Focus"
4093,numeric,Numeric: ID 4093,7045,"Younger, Fewer Partners, Gender Balanced",7048,"Younger, Single Customers: Engagement Focus"
4094,numeric,Numeric: ID 4094,7046,"Neutral Demographic Mix, Partner Inclined",7047,"Diverse Demographics, Average Customer Base"
4095,numeric,Numeric: ID 4095,7045,"Younger, Fewer Partners, Gender Balanced",7048,"Younger, Single Customers: Engagement Focus"
4096,numeric,Numeric: ID 4096,7046,"Neutral Demographic Mix, Partner Inclined",7047,"Diverse Demographics, Average Customer Base"
4097,numeric,Numeric: ID 4097,7046,"Neutral Demographic Mix, Partner Inclined",7047,"Diverse Demographics, Average Customer Base"
4098,numeric,Numeric: ID 4098,7046,"Neutral Demographic Mix, Partner Inclined",7047,"Diverse Demographics, Average Customer Base"
4099,numeric,Numeric: ID 4099,7046,"Neutral Demographic Mix, Partner Inclined",7047,"Diverse Demographics, Average Customer Base"
4100,numeric,Numeric: ID 4100,7046,"Neutral Demographic Mix, Partner Inclined",7047,"Diverse Demographics, Average Customer Base"
4101,numeric,Numeric: ID 4101,7045,"Younger, Fewer Partners, Gender Balanced",7048,"Younger, Single Customers: Engagement Focus"
4102,numeric,Numeric: ID 4102,7044,"Balanced Demographics, Average Customer",7047,"Diverse Demographics, Average Customer Base"
4103,numeric,Numeric: ID 4103,7045,"Younger, Fewer Partners, Gender Balanced",7048,"Younger, Single Customers: Engagement Focus"
4104,numeric,Numeric: ID 4104,7045,"Younger, Fewer Partners, Gender Balanced",7048,"Younger, Single Customers: Engagement Focus"
4105,numeric,Numeric: ID 4105,7046,"Neutral Demographic Mix, Partner Inclined",7047,"Diverse Demographics, Average Customer Base"
4106,numeric,Numeric: ID 4106,7045,"Younger, Fewer Partners, Gender Balanced",7048,"Younger, Single Customers: Engagement Focus"
4107,numeric,Numeric: ID 4107,7045,"Younger, Fewer Partners, Gender Balanced",7048,"Younger, Single Customers: Engagement Focus"
4108,numeric,Numeric: ID 4108,7045,"Younger, Fewer Partners, Gender Balanced",7048,"Younger, Single Customers: Engagement Focus"
4109,numeric,Numeric: ID 4109,7045,"Younger, Fewer Partners, Gender Balanced",7048,"Younger, Single Customers: Engagement Focus"
4110,numeric,Numeric: ID 4110,7046,"Neutral Demographic Mix, Partner Inclined",7047,"Diverse Demographics, Average Customer Base"
4111,numeric,Numeric: ID 4111,7046,"Neutral Demographic Mix, Partner Inclined",7047,"Diverse Demographics, Average Customer Base"
4112,numeric,Numeric: ID 4112,7044,"Balanced Demographics, Average Customer",7047,"Diverse Demographics, Average Customer Base"
4113,numeric,Numeric: ID 4113,7045,"Younger, Fewer Partners, Gender Balanced",7048,"Younger, Single Customers: Engagement Focus"
4114,numeric,Numeric: ID 4114,7046,"Neutral Demographic Mix, Partner Inclined",7047,"Diverse Demographics, Average Customer Base"
4115,numeric,Numeric: ID 4115,7044,"Balanced Demographics, Average Customer",7047,"Diverse Demographics, Average Customer Base"
4116,numeric,Numeric: ID 4116,7046,"Neutral Demographic Mix, Partner Inclined",7047,"Diverse Demographics, Average Customer Base"
4117,numeric,Numeric: ID 4117,7046,"Neutral Demographic Mix, Partner Inclined",7047,"Diverse Demographics, Average Customer Base"
4118,numeric,Numeric: ID 4118,7046,"Neutral Demographic Mix, Partner Inclined",7047,"Diverse Demographics, Average Customer Base"
4119,numeric,Numeric: ID 4119,7046,"Neutral Demographic Mix, Partner Inclined",7047,"Diverse Demographics, Average Customer Base"
4120,numeric,Numeric: ID 4120,7046,"Neutral Demographic Mix, Partner Inclined",7047,"Diverse Demographics, Average Customer Base"
4121,numeric,Numeric: ID 4121,7046,"Neutral Demographic Mix, Partner Inclined",7047,"Diverse Demographics, Average Customer Base"
4122,numeric,Numeric: ID 4122,7046,"Neutral Demographic Mix, Partner Inclined",7047,"Diverse Demographics, Average Customer Base"
4123,numeric,Numeric: ID 4123,7046,"Neutral Demographic Mix, Partner Inclined",7047,"Diverse Demographics, Average Customer Base"
4124,numeric,Numeric: ID 4124,7046,"Neutral Demographic Mix, Partner Inclined",7047,"Diverse Demographics, Average Customer Base"
4125,numeric,Numeric: ID 4125,7045,"Younger, Fewer Partners, Gender Balanced",7048,"Younger, Single Customers: Engagement Focus"
4126,numeric,Numeric: ID 4126,7045,"Younger, Fewer Partners, Gender Balanced",7048,"Younger, Single Customers: Engagement Focus"
4127,numeric,Numeric: ID 4127,7044,"Balanced Demographics, Average Customer",7047,"Diverse Demographics, Average Customer Base"
4128,numeric,Numeric: ID 4128,7044,"Balanced Demographics, Average Customer",7047,"Diverse Demographics, Average Customer Base"
4129,numeric,Numeric: ID 4129,7046,"Neutral Demographic Mix, Partner Inclined",7047,"Diverse Demographics, Average Customer Base"
4130,numeric,Numeric: ID 4130,7046,"Neutral Demographic Mix, Partner Inclined",7047,"Diverse Demographics, Average Customer Base"
4131,numeric,Numeric: ID 4131,7046,"Neutral Demographic Mix, Partner Inclined",7047,"Diverse Demographics, Average Customer Base"
4132,numeric,Numeric: ID 4132,7046,"Neutral Demographic Mix, Partner Inclined",7047,"Diverse Demographics, Average Customer Base"
4133,numeric,Numeric: ID 4133,7046,"Neutral Demographic Mix, Partner Inclined",7047,"Diverse Demographics, Average Customer Base"
4134,numeric,Numeric: ID 4134,7045,"Younger, Fewer Partners, Gender Balanced",7048,"Younger, Single Customers: Engagement Focus"
4135,numeric,Numeric: ID 4135,7044,"Balanced Demographics, Average Customer",7047,"Diverse Demographics, Average Customer Base"
4136,numeric,Numeric: ID 4136,7046,"Neutral Demographic Mix, Partner Inclined",7047,"Diverse Demographics, Average Customer Base"
4137,numeric,Numeric: ID 4137,7046,"Neutral Demographic Mix, Partner Inclined",7047,"Diverse Demographics, Average Customer Base"
4138,numeric,Numeric: ID 4138,7044,"Balanced Demographics, Average Customer",7047,"Diverse Demographics, Average Customer Base"
4139,numeric,Numeric: ID 4139,7046,"Neutral Demographic Mix, Partner Inclined",7047,"Diverse Demographics, Average Customer Base"
4140,numeric,Numeric: ID 4140,7046,"Neutral Demographic Mix, Partner Inclined",7047,"Diverse Demographics, Average Customer Base"
4141,numeric,Numeric: ID 4141,7046,"Neutral Demographic Mix, Partner Inclined",7047,"Diverse Demographics, Average Customer Base"
4142,numeric,Numeric: ID 4142,7044,"Balanced Demographics, Average Customer",7047,"Diverse Demographics, Average Customer Base"
4143,numeric,Numeric: ID 4143,7046,"Neutral Demographic Mix, Partner Inclined",7047,"Diverse Demographics, Average Customer Base"
4144,numeric,Numeric: ID 4144,7045,"Younger, Fewer Partners, Gender Balanced",7048,"Younger, Single Customers: Engagement Focus"
4145,numeric,Numeric: ID 4145,7045,"Younger, Fewer Partners, Gender Balanced",7048,"Younger, Single Customers: Engagement Focus"
4146,numeric,Numeric: ID 4146,7046,"Neutral Demographic Mix, Partner Inclined",7047,"Diverse Demographics, Average Customer Base"
4147,numeric,Numeric: ID 4147,7046,"Neutral Demographic Mix, Partner Inclined",7047,"Diverse Demographics, Average Customer Base"
4148,numeric,Numeric: ID 4148,7046,"Neutral Demographic Mix, Partner Inclined",7047,"Diverse Demographics, Average Customer Base"
4149,numeric,Numeric: ID 4149,7045,"Younger, Fewer Partners, Gender Balanced",7048,"Younger, Single Customers: Engagement Focus"
4150,numeric,Numeric: ID 4150,7046,"Neutral Demographic Mix, Partner Inclined",7047,"Diverse Demographics, Average Customer Base"
4151,numeric,Numeric: ID 4151,7046,"Neutral Demographic Mix, Partner Inclined",7047,"Diverse Demographics, Average Customer Base"
4152,numeric,Numeric: ID 4152,7046,"Neutral Demographic Mix, Partner Inclined",7047,"Diverse Demographics, Average Customer Base"
4153,numeric,Numeric: ID 4153,7044,"Balanced Demographics, Average Customer",7047,"Diverse Demographics, Average Customer Base"
4154,numeric,Numeric: ID 4154,7045,"Younger, Fewer Partners, Gender Balanced",7048,"Younger, Single Customers: Engagement Focus"
4155,numeric,Numeric: ID 4155,7045,"Younger, Fewer Partners, Gender Balanced",7048,"Younger, Single Customers: Engagement Focus"
4156,numeric,Numeric: ID 4156,7046,"Neutral Demographic Mix, Partner Inclined",7047,"Diverse Demographics, Average Customer Base"
4157,numeric,Numeric: ID 4157,7046,"Neutral Demographic Mix, Partner Inclined",7047,"Diverse Demographics, Average Customer Base"
4158,numeric,Numeric: ID 4158,7046,"Neutral Demographic Mix, Partner Inclined",7047,"Diverse Demographics, Average Customer Base"
4159,numeric,Numeric: ID 4159,7046,"Neutral Demographic Mix, Partner Inclined",7047,"Diverse Demographics, Average Customer Base"
4160,numeric,Numeric: ID 4160,7045,"Younger, Fewer Partners, Gender Balanced",7048,"Younger, Single Customers: Engagement Focus"
4161,numeric,Numeric: ID 4161,7046,"Neutral Demographic Mix, Partner Inclined",7047,"Diverse Demographics, Average Customer Base"
4162,numeric,Numeric: ID 4162,7046,"Neutral Demographic Mix, Partner Inclined",7047,"Diverse Demographics, Average Customer Base"
4163,numeric,Numeric: ID 4163,7045,"Younger, Fewer Partners, Gender Balanced",7048,"Younger, Single Customers: Engagement Focus"
4164,numeric,Numeric: ID 4164,7045,"Younger, Fewer Partners, Gender Balanced",7048,"Younger, Single Customers: Engagement Focus"
4165,numeric,Numeric: ID 4165,7046,"Neutral Demographic Mix, Partner Inclined",7047,"Diverse Demographics, Average Customer Base"
4166,numeric,Numeric: ID 4166,7046,"Neutral Demographic Mix, Partner Inclined",7047,"Diverse Demographics, Average Customer Base"
4167,numeric,Numeric: ID 4167,7046,"Neutral Demographic Mix, Partner Inclined",7047,"Diverse Demographics, Average Customer Base"
4168,numeric,Numeric: ID 4168,7046,"Neutral Demographic Mix, Partner Inclined",7047,"Diverse Demographics, Average Customer Base"
4169,numeric,Numeric: ID 4169,7046,"Neutral Demographic Mix, Partner Inclined",7047,"Diverse Demographics, Average Customer Base"
4170,numeric,Numeric: ID 4170,7045,"Younger, Fewer Partners, Gender Balanced",7048,"Younger, Single Customers: Engagement Focus"
4171,numeric,Numeric: ID 4171,7045,"Younger, Fewer Partners, Gender Balanced",7048,"Younger, Single Customers: Engagement Focus"
4172,numeric,Numeric: ID 4172,7045,"Younger, Fewer Partners, Gender Balanced",7048,"Younger, Single Customers: Engagement Focus"
4173,numeric,Numeric: ID 4173,7046,"Neutral Demographic Mix, Partner Inclined",7047,"Diverse Demographics, Average Customer Base"
4174,numeric,Numeric: ID 4174,7046,"Neutral Demographic Mix, Partner Inclined",7047,"Diverse Demographics, Average Customer Base"
4175,numeric,Numeric: ID 4175,7045,"Younger, Fewer Partners, Gender Balanced",7048,"Younger, Single Customers: Engagement Focus"
4176,numeric,Numeric: ID 4176,7044,"Balanced Demographics, Average Customer",7047,"Diverse Demographics, Average Customer Base"
4177,numeric,Numeric: ID 4177,7045,"Younger, Fewer Partners, Gender Balanced",7048,"Younger, Single Customers: Engagement Focus"
4178,numeric,Numeric: ID 4178,7046,"Neutral Demographic Mix, Partner Inclined",7047,"Diverse Demographics, Average Customer Base"
4179,numeric,Numeric: ID 4179,7046,"Neutral Demographic Mix, Partner Inclined",7047,"Diverse Demographics, Average Customer Base"
4180,numeric,Numeric: ID 4180,7046,"Neutral Demographic Mix, Partner Inclined",7047,"Diverse Demographics, Average Customer Base"
4181,numeric,Numeric: ID 4181,7046,"Neutral Demographic Mix, Partner Inclined",7047,"Diverse Demographics, Average Customer Base"
4182,numeric,Numeric: ID 4182,7044,"Balanced Demographics, Average Customer",7047,"Diverse Demographics, Average Customer Base"
4183,numeric,Numeric: ID 4183,7045,"Younger, Fewer Partners, Gender Balanced",7048,"Younger, Single Customers: Engagement Focus"
4184,numeric,Numeric: ID 4184,7046,"Neutral Demographic Mix, Partner Inclined",7047,"Diverse Demographics, Average Customer Base"
4185,numeric,Numeric: ID 4185,7046,"Neutral Demographic Mix, Partner Inclined",7047,"Diverse Demographics, Average Customer Base"
4186,numeric,Numeric: ID 4186,7046,"Neutral Demographic Mix, Partner Inclined",7047,"Diverse Demographics, Average Customer Base"
4187,numeric,Numeric: ID 4187,7045,"Younger, Fewer Partners, Gender Balanced",7048,"Younger, Single Customers: Engagement Focus"
4188,numeric,Numeric: ID 4188,7046,"Neutral Demographic Mix, Partner Inclined",7047,"Diverse Demographics, Average Customer Base"
4189,numeric,Numeric: ID 4189,7046,"Neutral Demographic Mix, Partner Inclined",7047,"Diverse Demographics, Average Customer Base"
4190,numeric,Numeric: ID 4190,7046,"Neutral Demographic Mix, Partner Inclined",7047,"Diverse Demographics, Average Customer Base"
4191,numeric,Numeric: ID 4191,7044,"Balanced Demographics, Average Customer",7047,"Diverse Demographics, Average Customer Base"
4192,numeric,Numeric: ID 4192,7046,"Neutral Demographic Mix, Partner Inclined",7047,"Diverse Demographics, Average Customer Base"
4193,numeric,Numeric: ID 4193,7046,"Neutral Demographic Mix, Partner Inclined",7047,"Diverse Demographics, Average Customer Base"
4194,numeric,Numeric: ID 4194,7046,"Neutral Demographic Mix, Partner Inclined",7047,"Diverse Demographics, Average Customer Base"
4195,numeric,Numeric: ID 4195,7046,"Neutral Demographic Mix, Partner Inclined",7047,"Diverse Demographics, Average Customer Base"
4196,numeric,Numeric: ID 4196,7045,"Younger, Fewer Partners, Gender Balanced",7048,"Younger, Single Customers: Engagement Focus"
4197,numeric,Numeric: ID 4197,7045,"Younger, Fewer Partners, Gender Balanced",7048,"Younger, Single Customers: Engagement Focus"
4198,numeric,Numeric: ID 4198,7046,"Neutral Demographic Mix, Partner Inclined",7047,"Diverse Demographics, Average Customer Base"
4199,numeric,Numeric: ID 4199,7044,"Balanced Demographics, Average Customer",7047,"Diverse Demographics, Average Customer Base"
4200,numeric,Numeric: ID 4200,7045,"Younger, Fewer Partners, Gender Balanced",7048,"Younger, Single Customers: Engagement Focus"
4201,numeric,Numeric: ID 4201,7046,"Neutral Demographic Mix, Partner Inclined",7047,"Diverse Demographics, Average Customer Base"
4202,numeric,Numeric: ID 4202,7046,"Neutral Demographic Mix, Partner Inclined",7047,"Diverse Demographics, Average Customer Base"
4203,numeric,Numeric: ID 4203,7046,"Neutral Demographic Mix, Partner Inclined",7047,"Diverse Demographics, Average Customer Base"
4204,numeric,Numeric: ID 4204,7045,"Younger, Fewer Partners, Gender Balanced",7048,"Younger, Single Customers: Engagement Focus"
4205,numeric,Numeric: ID 4205,7046,"Neutral Demographic Mix, Partner Inclined",7047,"Diverse Demographics, Average Customer Base"
4206,numeric,Numeric: ID 4206,7046,"Neutral Demographic Mix, Partner Inclined",7047,"Diverse Demographics, Average Customer Base"
4207,numeric,Numeric: ID 4207,7045,"Younger, Fewer Partners, Gender Balanced",7048,"Younger, Single Customers: Engagement Focus"
4208,numeric,Numeric: ID 4208,7046,"Neutral Demographic Mix, Partner Inclined",7047,"Diverse Demographics, Average Customer Base"
4209,numeric,Numeric: ID 4209,7046,"Neutral Demographic Mix, Partner Inclined",7047,"Diverse Demographics, Average Customer Base"
4210,numeric,Numeric: ID 4210,7045,"Younger, Fewer Partners, Gender Balanced",7048,"Younger, Single Customers: Engagement Focus"
4211,numeric,Numeric: ID 4211,7045,"Younger, Fewer Partners, Gender Balanced",7048,"Younger, Single Customers: Engagement Focus"
4212,numeric,Numeric: ID 4212,7044,"Balanced Demographics, Average Customer",7047,"Diverse Demographics, Average Customer Base"
4213,numeric,Numeric: ID 4213,7045,"Younger, Fewer Partners, Gender Balanced",7048,"Younger, Single Customers: Engagement Focus"
4214,numeric,Numeric: ID 4214,7044,"Balanced Demographics, Average Customer",7047,"Diverse Demographics, Average Customer Base"
4215,numeric,Numeric: ID 4215,7045,"Younger, Fewer Partners, Gender Balanced",7048,"Younger, Single Customers: Engagement Focus"
4216,numeric,Numeric: ID 4216,7045,"Younger, Fewer Partners, Gender Balanced",7048,"Younger, Single Customers: Engagement Focus"
4217,numeric,Numeric: ID 4217,7046,"Neutral Demographic Mix, Partner Inclined",7047,"Diverse Demographics, Average Customer Base"
4218,numeric,Numeric: ID 4218,7046,"Neutral Demographic Mix, Partner Inclined",7047,"Diverse Demographics, Average Customer Base"
4219,numeric,Numeric: ID 4219,7046,"Neutral Demographic Mix, Partner Inclined",7047,"Diverse Demographics, Average Customer Base"
4220,numeric,Numeric: ID 4220,7045,"Younger, Fewer Partners, Gender Balanced",7048,"Younger, Single Customers: Engagement Focus"
4221,numeric,Numeric: ID 4221,7046,"Neutral Demographic Mix, Partner Inclined",7047,"Diverse Demographics, Average Customer Base"
4222,numeric,Numeric: ID 4222,7045,"Younger, Fewer Partners, Gender Balanced",7048,"Younger, Single Customers: Engagement Focus"
4223,numeric,Numeric: ID 4223,7044,"Balanced Demographics, Average Customer",7047,"Diverse Demographics, Average Customer Base"
4224,numeric,Numeric: ID 4224,7044,"Balanced Demographics, Average Customer",7047,"Diverse Demographics, Average Customer Base"
4225,numeric,Numeric: ID 4225,7045,"Younger, Fewer Partners, Gender Balanced",7048,"Younger, Single Customers: Engagement Focus"
4226,numeric,Numeric: ID 4226,7045,"Younger, Fewer Partners, Gender Balanced",7048,"Younger, Single Customers: Engagement Focus"
4227,numeric,Numeric: ID 4227,7046,"Neutral Demographic Mix, Partner Inclined",7047,"Diverse Demographics, Average Customer Base"
4228,numeric,Numeric: ID 4228,7045,"Younger, Fewer Partners, Gender Balanced",7048,"Younger, Single Customers: Engagement Focus"
4229,numeric,Numeric: ID 4229,7046,"Neutral Demographic Mix, Partner Inclined",7047,"Diverse Demographics, Average Customer Base"
4230,numeric,Numeric: ID 4230,7045,"Younger, Fewer Partners, Gender Balanced",7048,"Younger, Single Customers: Engagement Focus"
4231,numeric,Numeric: ID 4231,7046,"Neutral Demographic Mix, Partner Inclined",7047,"Diverse Demographics, Average Customer Base"
4232,numeric,Numeric: ID 4232,7046,"Neutral Demographic Mix, Partner Inclined",7047,"Diverse Demographics, Average Customer Base"
4233,numeric,Numeric: ID 4233,7046,"Neutral Demographic Mix, Partner Inclined",7047,"Diverse Demographics, Average Customer Base"
4234,numeric,Numeric: ID 4234,7045,"Younger, Fewer Partners, Gender Balanced",7048,"Younger, Single Customers: Engagement Focus"
4235,numeric,Numeric: ID 4235,7046,"Neutral Demographic Mix, Partner Inclined",7047,"Diverse Demographics, Average Customer Base"
4236,numeric,Numeric: ID 4236,7045,"Younger, Fewer Partners, Gender Balanced",7048,"Younger, Single Customers: Engagement Focus"
4237,numeric,Numeric: ID 4237,7045,"Younger, Fewer Partners, Gender Balanced",7048,"Younger, Single Customers: Engagement Focus"
4238,numeric,Numeric: ID 4238,7046,"Neutral Demographic Mix, Partner Inclined",7047,"Diverse Demographics, Average Customer Base"
4239,numeric,Numeric: ID 4239,7046,"Neutral Demographic Mix, Partner Inclined",7047,"Diverse Demographics, Average Customer Base"
4240,numeric,Numeric: ID 4240,7045,"Younger, Fewer Partners, Gender Balanced",7048,"Younger, Single Customers: Engagement Focus"
4241,numeric,Numeric: ID 4241,7046,"Neutral Demographic Mix, Partner Inclined",7047,"Diverse Demographics, Average Customer Base"
4242,numeric,Numeric: ID 4242,7044,"Balanced Demographics, Average Customer",7047,"Diverse Demographics, Average Customer Base"
4243,numeric,Numeric: ID 4243,7046,"Neutral Demographic Mix, Partner Inclined",7047,"Diverse Demographics, Average Customer Base"
4244,numeric,Numeric: ID 4244,7046,"Neutral Demographic Mix, Partner Inclined",7047,"Diverse Demographics, Average Customer Base"
4245,numeric,Numeric: ID 4245,7045,"Younger, Fewer Partners, Gender Balanced",7048,"Younger, Single Customers: Engagement Focus"
4246,numeric,Numeric: ID 4246,7046,"Neutral Demographic Mix, Partner Inclined",7047,"Diverse Demographics, Average Customer Base"
4247,numeric,Numeric: ID 4247,7045,"Younger, Fewer Partners, Gender Balanced",7048,"Younger, Single Customers: Engagement Focus"
4248,numeric,Numeric: ID 4248,7046,"Neutral Demographic Mix, Partner Inclined",7047,"Diverse Demographics, Average Customer Base"
4249,numeric,Numeric: ID 4249,7044,"Balanced Demographics, Average Customer",7047,"Diverse Demographics, Average Customer Base"
4250,numeric,Numeric: ID 4250,7046,"Neutral Demographic Mix, Partner Inclined",7047,"Diverse Demographics, Average Customer Base"
4251,numeric,Numeric: ID 4251,7044,"Balanced Demographics, Average Customer",7047,"Diverse Demographics, Average Customer Base"
4252,numeric,Numeric: ID 4252,7046,"Neutral Demographic Mix, Partner Inclined",7047,"Diverse Demographics, Average Customer Base"
4253,numeric,Numeric: ID 4253,7045,"Younger, Fewer Partners, Gender Balanced",7048,"Younger, Single Customers: Engagement Focus"
4254,numeric,Numeric: ID 4254,7046,"Neutral Demographic Mix, Partner Inclined",7047,"Diverse Demographics, Average Customer Base"
4255,numeric,Numeric: ID 4255,7046,"Neutral Demographic Mix, Partner Inclined",7047,"Diverse Demographics, Average Customer Base"
4256,numeric,Numeric: ID 4256,7045,"Younger, Fewer Partners, Gender Balanced",7048,"Younger, Single Customers: Engagement Focus"
4257,numeric,Numeric: ID 4257,7046,"Neutral Demographic Mix, Partner Inclined",7047,"Diverse Demographics, Average Customer Base"
4258,numeric,Numeric: ID 4258,7046,"Neutral Demographic Mix, Partner Inclined",7047,"Diverse Demographics, Average Customer Base"
4259,numeric,Numeric: ID 4259,7044,"Balanced Demographics, Average Customer",7047,"Diverse Demographics, Average Customer Base"
4260,numeric,Numeric: ID 4260,7045,"Younger, Fewer Partners, Gender Balanced",7048,"Younger, Single Customers: Engagement Focus"
4261,numeric,Numeric: ID 4261,7044,"Balanced Demographics, Average Customer",7047,"Diverse Demographics, Average Customer Base"
4262,numeric,Numeric: ID 4262,7046,"Neutral Demographic Mix, Partner Inclined",7047,"Diverse Demographics, Average Customer Base"
4263,numeric,Numeric: ID 4263,7045,"Younger, Fewer Partners, Gender Balanced",7048,"Younger, Single Customers: Engagement Focus"
4264,numeric,Numeric: ID 4264,7045,"Younger, Fewer Partners, Gender Balanced",7048,"Younger, Single Customers: Engagement Focus"
4265,numeric,Numeric: ID 4265,7046,"Neutral Demographic Mix, Partner Inclined",7047,"Diverse Demographics, Average Customer Base"
4266,numeric,Numeric: ID 4266,7045,"Younger, Fewer Partners, Gender Balanced",7048,"Younger, Single Customers: Engagement Focus"
4267,numeric,Numeric: ID 4267,7044,"Balanced Demographics, Average Customer",7047,"Diverse Demographics, Average Customer Base"
4268,numeric,Numeric: ID 4268,7046,"Neutral Demographic Mix, Partner Inclined",7047,"Diverse Demographics, Average Customer Base"
4269,numeric,Numeric: ID 4269,7046,"Neutral Demographic Mix, Partner Inclined",7047,"Diverse Demographics, Average Customer Base"
4270,numeric,Numeric: ID 4270,7046,"Neutral Demographic Mix, Partner Inclined",7047,"Diverse Demographics, Average Customer Base"
4271,numeric,Numeric: ID 4271,7045,"Younger, Fewer Partners, Gender Balanced",7048,"Younger, Single Customers: Engagement Focus"
4272,numeric,Numeric: ID 4272,7046,"Neutral Demographic Mix, Partner Inclined",7047,"Diverse Demographics, Average Customer Base"
4273,numeric,Numeric: ID 4273,7046,"Neutral Demographic Mix, Partner Inclined",7047,"Diverse Demographics, Average Customer Base"
4274,numeric,Numeric: ID 4274,7046,"Neutral Demographic Mix, Partner Inclined",7047,"Diverse Demographics, Average Customer Base"
4275,numeric,Numeric: ID 4275,7046,"Neutral Demographic Mix, Partner Inclined",7047,"Diverse Demographics, Average Customer Base"
4276,numeric,Numeric: ID 4276,7046,"Neutral Demographic Mix, Partner Inclined",7047,"Diverse Demographics, Average Customer Base"
4277,numeric,Numeric: ID 4277,7046,"Neutral Demographic Mix, Partner Inclined",7047,"Diverse Demographics, Average Customer Base"
4278,numeric,Numeric: ID 4278,7044,"Balanced Demographics, Average Customer",7047,"Diverse Demographics, Average Customer Base"
4279,numeric,Numeric: ID 4279,7046,"Neutral Demographic Mix, Partner Inclined",7047,"Diverse Demographics, Average Customer Base"
4280,numeric,Numeric: ID 4280,7046,"Neutral Demographic Mix, Partner Inclined",7047,"Diverse Demographics, Average Customer Base"
4281,numeric,Numeric: ID 4281,7046,"Neutral Demographic Mix, Partner Inclined",7047,"Diverse Demographics, Average Customer Base"
4282,numeric,Numeric: ID 4282,7046,"Neutral Demographic Mix, Partner Inclined",7047,"Diverse Demographics, Average Customer Base"
4283,numeric,Numeric: ID 4283,7045,"Younger, Fewer Partners, Gender Balanced",7048,"Younger, Single Customers: Engagement Focus"
4284,numeric,Numeric: ID 4284,7045,"Younger, Fewer Partners, Gender Balanced",7048,"Younger, Single Customers: Engagement Focus"
4285,numeric,Numeric: ID 4285,7046,"Neutral Demographic Mix, Partner Inclined",7047,"Diverse Demographics, Average Customer Base"
4286,numeric,Numeric: ID 4286,7045,"Younger, Fewer Partners, Gender Balanced",7048,"Younger, Single Customers: Engagement Focus"
4287,numeric,Numeric: ID 4287,7046,"Neutral Demographic Mix, Partner Inclined",7047,"Diverse Demographics, Average Customer Base"
4288,numeric,Numeric: ID 4288,7046,"Neutral Demographic Mix, Partner Inclined",7047,"Diverse Demographics, Average Customer Base"
4289,numeric,Numeric: ID 4289,7045,"Younger, Fewer Partners, Gender Balanced",7048,"Younger, Single Customers: Engagement Focus"
4290,numeric,Numeric: ID 4290,7045,"Younger, Fewer Partners, Gender Balanced",7048,"Younger, Single Customers: Engagement Focus"
4291,numeric,Numeric: ID 4291,7046,"Neutral Demographic Mix, Partner Inclined",7047,"Diverse Demographics, Average Customer Base"
4292,numeric,Numeric: ID 4292,7046,"Neutral Demographic Mix, Partner Inclined",7047,"Diverse Demographics, Average Customer Base"
4293,numeric,Numeric: ID 4293,7046,"Neutral Demographic Mix, Partner Inclined",7047,"Diverse Demographics, Average Customer Base"
4294,numeric,Numeric: ID 4294,7046,"Neutral Demographic Mix, Partner Inclined",7047,"Diverse Demographics, Average Customer Base"
4295,numeric,Numeric: ID 4295,7046,"Neutral Demographic Mix, Partner Inclined",7047,"Diverse Demographics, Average Customer Base"
4296,numeric,Numeric: ID 4296,7045,"Younger, Fewer Partners, Gender Balanced",7048,"Younger, Single Customers: Engagement Focus"
4297,numeric,Numeric: ID 4297,7046,"Neutral Demographic Mix, Partner Inclined",7047,"Diverse Demographics, Average Customer Base"
4298,numeric,Numeric: ID 4298,7046,"Neutral Demographic Mix, Partner Inclined",7047,"Diverse Demographics, Average Customer Base"
4299,numeric,Numeric: ID 4299,7045,"Younger, Fewer Partners, Gender Balanced",7048,"Younger, Single Customers: Engagement Focus"
4300,numeric,Numeric: ID 4300,7046,"Neutral Demographic Mix, Partner Inclined",7047,"Diverse Demographics, Average Customer Base"
4301,numeric,Numeric: ID 4301,7044,"Balanced Demographics, Average Customer",7047,"Diverse Demographics, Average Customer Base"
4302,numeric,Numeric: ID 4302,7046,"Neutral Demographic Mix, Partner Inclined",7047,"Diverse Demographics, Average Customer Base"
4303,numeric,Numeric: ID 4303,7044,"Balanced Demographics, Average Customer",7047,"Diverse Demographics, Average Customer Base"
4304,numeric,Numeric: ID 4304,7046,"Neutral Demographic Mix, Partner Inclined",7047,"Diverse Demographics, Average Customer Base"
4305,numeric,Numeric: ID 4305,7046,"Neutral Demographic Mix, Partner Inclined",7047,"Diverse Demographics, Average Customer Base"
4306,numeric,Numeric: ID 4306,7046,"Neutral Demographic Mix, Partner Inclined",7047,"Diverse Demographics, Average Customer Base"
4307,numeric,Numeric: ID 4307,7046,"Neutral Demographic Mix, Partner Inclined",7047,"Diverse Demographics, Average Customer Base"
4308,numeric,Numeric: ID 4308,7045,"Younger, Fewer Partners, Gender Balanced",7048,"Younger, Single Customers: Engagement Focus"
4309,numeric,Numeric: ID 4309,7046,"Neutral Demographic Mix, Partner Inclined",7047,"Diverse Demographics, Average Customer Base"
4310,numeric,Numeric: ID 4310,7045,"Younger, Fewer Partners, Gender Balanced",7048,"Younger, Single Customers: Engagement Focus"
4311,numeric,Numeric: ID 4311,7046,"Neutral Demographic Mix, Partner Inclined",7047,"Diverse Demographics, Average Customer Base"
4312,numeric,Numeric: ID 4312,7046,"Neutral Demographic Mix, Partner Inclined",7047,"Diverse Demographics, Average Customer Base"
4313,numeric,Numeric: ID 4313,7046,"Neutral Demographic Mix, Partner Inclined",7047,"Diverse Demographics, Average Customer Base"
4314,numeric,Numeric: ID 4314,7046,"Neutral Demographic Mix, Partner Inclined",7047,"Diverse Demographics, Average Customer Base"
4315,numeric,Numeric: ID 4315,7045,"Younger, Fewer Partners, Gender Balanced",7048,"Younger, Single Customers: Engagement Focus"
4316,numeric,Numeric: ID 4316,7045,"Younger, Fewer Partners, Gender Balanced",7048,"Younger, Single Customers: Engagement Focus"
4317,numeric,Numeric: ID 4317,7044,"Balanced Demographics, Average Customer",7047,"Diverse Demographics, Average Customer Base"
4318,numeric,Numeric: ID 4318,7045,"Younger, Fewer Partners, Gender Balanced",7048,"Younger, Single Customers: Engagement Focus"
4319,numeric,Numeric: ID 4319,7045,"Younger, Fewer Partners, Gender Balanced",7048,"Younger, Single Customers: Engagement Focus"
4320,numeric,Numeric: ID 4320,7046,"Neutral Demographic Mix, Partner Inclined",7047,"Diverse Demographics, Average Customer Base"
4321,numeric,Numeric: ID 4321,7046,"Neutral Demographic Mix, Partner Inclined",7047,"Diverse Demographics, Average Customer Base"
4322,numeric,Numeric: ID 4322,7044,"Balanced Demographics, Average Customer",7047,"Diverse Demographics, Average Customer Base"
4323,numeric,Numeric: ID 4323,7046,"Neutral Demographic Mix, Partner Inclined",7047,"Diverse Demographics, Average Customer Base"
4324,numeric,Numeric: ID 4324,7046,"Neutral Demographic Mix, Partner Inclined",7047,"Diverse Demographics, Average Customer Base"
4325,numeric,Numeric: ID 4325,7045,"Younger, Fewer Partners, Gender Balanced",7048,"Younger, Single Customers: Engagement Focus"
4326,numeric,Numeric: ID 4326,7045,"Younger, Fewer Partners, Gender Balanced",7048,"Younger, Single Customers: Engagement Focus"
4327,numeric,Numeric: ID 4327,7046,"Neutral Demographic Mix, Partner Inclined",7047,"Diverse Demographics, Average Customer Base"
4328,numeric,Numeric: ID 4328,7046,"Neutral Demographic Mix, Partner Inclined",7047,"Diverse Demographics, Average Customer Base"
4329,numeric,Numeric: ID 4329,7046,"Neutral Demographic Mix, Partner Inclined",7047,"Diverse Demographics, Average Customer Base"
4330,numeric,Numeric: ID 4330,7046,"Neutral Demographic Mix, Partner Inclined",7047,"Diverse Demographics, Average Customer Base"
4331,numeric,Numeric: ID 4331,7045,"Younger, Fewer Partners, Gender Balanced",7048,"Younger, Single Customers: Engagement Focus"
4332,numeric,Numeric: ID 4332,7045,"Younger, Fewer Partners, Gender Balanced",7048,"Younger, Single Customers: Engagement Focus"
4333,numeric,Numeric: ID 4333,7045,"Younger, Fewer Partners, Gender Balanced",7048,"Younger, Single Customers: Engagement Focus"
4334,numeric,Numeric: ID 4334,7045,"Younger, Fewer Partners, Gender Balanced",7048,"Younger, Single Customers: Engagement Focus"
4335,numeric,Numeric: ID 4335,7046,"Neutral Demographic Mix, Partner Inclined",7047,"Diverse Demographics, Average Customer Base"
4336,numeric,Numeric: ID 4336,7046,"Neutral Demographic Mix, Partner Inclined",7047,"Diverse Demographics, Average Customer Base"
4337,numeric,Numeric: ID 4337,7046,"Neutral Demographic Mix, Partner Inclined",7047,"Diverse Demographics, Average Customer Base"
4338,numeric,Numeric: ID 4338,7044,"Balanced Demographics, Average Customer",7047,"Diverse Demographics, Average Customer Base"
4339,numeric,Numeric: ID 4339,7045,"Younger, Fewer Partners, Gender Balanced",7048,"Younger, Single Customers: Engagement Focus"
4340,numeric,Numeric: ID 4340,7046,"Neutral Demographic Mix, Partner Inclined",7047,"Diverse Demographics, Average Customer Base"
4341,numeric,Numeric: ID 4341,7046,"Neutral Demographic Mix, Partner Inclined",7047,"Diverse Demographics, Average Customer Base"
4342,numeric,Numeric: ID 4342,7045,"Younger, Fewer Partners, Gender Balanced",7048,"Younger, Single Customers: Engagement Focus"
4343,numeric,Numeric: ID 4343,7046,"Neutral Demographic Mix, Partner Inclined",7047,"Diverse Demographics, Average Customer Base"
4344,numeric,Numeric: ID 4344,7046,"Neutral Demographic Mix, Partner Inclined",7047,"Diverse Demographics, Average Customer Base"
4345,numeric,Numeric: ID 4345,7044,"Balanced Demographics, Average Customer",7047,"Diverse Demographics, Average Customer Base"
4346,numeric,Numeric: ID 4346,7046,"Neutral Demographic Mix, Partner Inclined",7047,"Diverse Demographics, Average Customer Base"
4347,numeric,Numeric: ID 4347,7046,"Neutral Demographic Mix, Partner Inclined",7047,"Diverse Demographics, Average Customer Base"
4348,numeric,Numeric: ID 4348,7045,"Younger, Fewer Partners, Gender Balanced",7048,"Younger, Single Customers: Engagement Focus"
4349,numeric,Numeric: ID 4349,7046,"Neutral Demographic Mix, Partner Inclined",7047,"Diverse Demographics, Average Customer Base"
4350,numeric,Numeric: ID 4350,7044,"Balanced Demographics, Average Customer",7047,"Diverse Demographics, Average Customer Base"
4351,numeric,Numeric: ID 4351,7045,"Younger, Fewer Partners, Gender Balanced",7048,"Younger, Single Customers: Engagement Focus"
4352,numeric,Numeric: ID 4352,7046,"Neutral Demographic Mix, Partner Inclined",7047,"Diverse Demographics, Average Customer Base"
4353,numeric,Numeric: ID 4353,7046,"Neutral Demographic Mix, Partner Inclined",7047,"Diverse Demographics, Average Customer Base"
4354,numeric,Numeric: ID 4354,7046,"Neutral Demographic Mix, Partner Inclined",7047,"Diverse Demographics, Average Customer Base"
4355,numeric,Numeric: ID 4355,7046,"Neutral Demographic Mix, Partner Inclined",7047,"Diverse Demographics, Average Customer Base"
4356,numeric,Numeric: ID 4356,7044,"Balanced Demographics, Average Customer",7047,"Diverse Demographics, Average Customer Base"
4357,numeric,Numeric: ID 4357,7046,"Neutral Demographic Mix, Partner Inclined",7047,"Diverse Demographics, Average Customer Base"
4358,numeric,Numeric: ID 4358,7045,"Younger, Fewer Partners, Gender Balanced",7048,"Younger, Single Customers: Engagement Focus"
4359,numeric,Numeric: ID 4359,7045,"Younger, Fewer Partners, Gender Balanced",7048,"Younger, Single Customers: Engagement Focus"
4360,numeric,Numeric: ID 4360,7045,"Younger, Fewer Partners, Gender Balanced",7048,"Younger, Single Customers: Engagement Focus"
4361,numeric,Numeric: ID 4361,7046,"Neutral Demographic Mix, Partner Inclined",7047,"Diverse Demographics, Average Customer Base"
4362,numeric,Numeric: ID 4362,7045,"Younger, Fewer Partners, Gender Balanced",7048,"Younger, Single Customers: Engagement Focus"
4363,numeric,Numeric: ID 4363,7046,"Neutral Demographic Mix, Partner Inclined",7047,"Diverse Demographics, Average Customer Base"
4364,numeric,Numeric: ID 4364,7045,"Younger, Fewer Partners, Gender Balanced",7048,"Younger, Single Customers: Engagement Focus"
4365,numeric,Numeric: ID 4365,7046,"Neutral Demographic Mix, Partner Inclined",7047,"Diverse Demographics, Average Customer Base"
4366,numeric,Numeric: ID 4366,7045,"Younger, Fewer Partners, Gender Balanced",7048,"Younger, Single Customers: Engagement Focus"
4367,numeric,Numeric: ID 4367,7046,"Neutral Demographic Mix, Partner Inclined",7047,"Diverse Demographics, Average Customer Base"
4368,numeric,Numeric: ID 4368,7046,"Neutral Demographic Mix, Partner Inclined",7047,"Diverse Demographics, Average Customer Base"
4369,numeric,Numeric: ID 4369,7045,"Younger, Fewer Partners, Gender Balanced",7048,"Younger, Single Customers: Engagement Focus"
4370,numeric,Numeric: ID 4370,7045,"Younger, Fewer Partners, Gender Balanced",7048,"Younger, Single Customers: Engagement Focus"
4371,numeric,Numeric: ID 4371,7046,"Neutral Demographic Mix, Partner Inclined",7047,"Diverse Demographics, Average Customer Base"
4372,numeric,Numeric: ID 4372,7046,"Neutral Demographic Mix, Partner Inclined",7047,"Diverse Demographics, Average Customer Base"
4373,numeric,Numeric: ID 4373,7046,"Neutral Demographic Mix, Partner Inclined",7047,"Diverse Demographics, Average Customer Base"
4374,numeric,Numeric: ID 4374,7046,"Neutral Demographic Mix, Partner Inclined",7047,"Diverse Demographics, Average Customer Base"
4375,numeric,Numeric: ID 4375,7046,"Neutral Demographic Mix, Partner Inclined",7047,"Diverse Demographics, Average Customer Base"
4376,numeric,Numeric: ID 4376,7046,"Neutral Demographic Mix, Partner Inclined",7047,"Diverse Demographics, Average Customer Base"
4377,numeric,Numeric: ID 4377,7046,"Neutral Demographic Mix, Partner Inclined",7047,"Diverse Demographics, Average Customer Base"
4378,numeric,Numeric: ID 4378,7046,"Neutral Demographic Mix, Partner Inclined",7047,"Diverse Demographics, Average Customer Base"
4379,numeric,Numeric: ID 4379,7046,"Neutral Demographic Mix, Partner Inclined",7047,"Diverse Demographics, Average Customer Base"
4380,numeric,Numeric: ID 4380,7045,"Younger, Fewer Partners, Gender Balanced",7048,"Younger, Single Customers: Engagement Focus"
4381,numeric,Numeric: ID 4381,7045,"Younger, Fewer Partners, Gender Balanced",7048,"Younger, Single Customers: Engagement Focus"
4382,numeric,Numeric: ID 4382,7046,"Neutral Demographic Mix, Partner Inclined",7047,"Diverse Demographics, Average Customer Base"
4383,numeric,Numeric: ID 4383,7046,"Neutral Demographic Mix, Partner Inclined",7047,"Diverse Demographics, Average Customer Base"
4384,numeric,Numeric: ID 4384,7045,"Younger, Fewer Partners, Gender Balanced",7048,"Younger, Single Customers: Engagement Focus"
4385,numeric,Numeric: ID 4385,7045,"Younger, Fewer Partners, Gender Balanced",7048,"Younger, Single Customers: Engagement Focus"
4386,numeric,Numeric: ID 4386,7046,"Neutral Demographic Mix, Partner Inclined",7047,"Diverse Demographics, Average Customer Base"
4387,numeric,Numeric: ID 4387,7046,"Neutral Demographic Mix, Partner Inclined",7047,"Diverse Demographics, Average Customer Base"
4388,numeric,Numeric: ID 4388,7046,"Neutral Demographic Mix, Partner Inclined",7047,"Diverse Demographics, Average Customer Base"
4389,numeric,Numeric: ID 4389,7044,"Balanced Demographics, Average Customer",7047,"Diverse Demographics, Average Customer Base"
4390,numeric,Numeric: ID 4390,7046,"Neutral Demographic Mix, Partner Inclined",7047,"Diverse Demographics, Average Customer Base"
4391,numeric,Numeric: ID 4391,7046,"Neutral Demographic Mix, Partner Inclined",7047,"Diverse Demographics, Average Customer Base"
4392,numeric,Numeric: ID 4392,7046,"Neutral Demographic Mix, Partner Inclined",7047,"Diverse Demographics, Average Customer Base"
4393,numeric,Numeric: ID 4393,7046,"Neutral Demographic Mix, Partner Inclined",7047,"Diverse Demographics, Average Customer Base"
4394,numeric,Numeric: ID 4394,7046,"Neutral Demographic Mix, Partner Inclined",7047,"Diverse Demographics, Average Customer Base"
4395,numeric,Numeric: ID 4395,7046,"Neutral Demographic Mix, Partner Inclined",7047,"Diverse Demographics, Average Customer Base"
4396,numeric,Numeric: ID 4396,7044,"Balanced Demographics, Average Customer",7047,"Diverse Demographics, Average Customer Base"
4397,numeric,Numeric: ID 4397,7046,"Neutral Demographic Mix, Partner Inclined",7047,"Diverse Demographics, Average Customer Base"
4398,numeric,Numeric: ID 4398,7046,"Neutral Demographic Mix, Partner Inclined",7047,"Diverse Demographics, Average Customer Base"
4399,numeric,Numeric: ID 4399,7045,"Younger, Fewer Partners, Gender Balanced",7048,"Younger, Single Customers: Engagement Focus"
4400,numeric,Numeric: ID 4400,7046,"Neutral Demographic Mix, Partner Inclined",7047,"Diverse Demographics, Average Customer Base"
4401,numeric,Numeric: ID 4401,7046,"Neutral Demographic Mix, Partner Inclined",7047,"Diverse Demographics, Average Customer Base"
4402,numeric,Numeric: ID 4402,7046,"Neutral Demographic Mix, Partner Inclined",7047,"Diverse Demographics, Average Customer Base"
4403,numeric,Numeric: ID 4403,7046,"Neutral Demographic Mix, Partner Inclined",7047,"Diverse Demographics, Average Customer Base"
4404,numeric,Numeric: ID 4404,7046,"Neutral Demographic Mix, Partner Inclined",7047,"Diverse Demographics, Average Customer Base"
4405,numeric,Numeric: ID 4405,7045,"Younger, Fewer Partners, Gender Balanced",7048,"Younger, Single Customers: Engagement Focus"
4406,numeric,Numeric: ID 4406,7046,"Neutral Demographic Mix, Partner Inclined",7047,"Diverse Demographics, Average Customer Base"
4407,numeric,Numeric: ID 4407,7046,"Neutral Demographic Mix, Partner Inclined",7047,"Diverse Demographics, Average Customer Base"
4408,numeric,Numeric: ID 4408,7046,"Neutral Demographic Mix, Partner Inclined",7047,"Diverse Demographics, Average Customer Base"
4409,numeric,Numeric: ID 4409,7046,"Neutral Demographic Mix, Partner Inclined",7047,"Diverse Demographics, Average Customer Base"
4410,numeric,Numeric: ID 4410,7046,"Neutral Demographic Mix, Partner Inclined",7047,"Diverse Demographics, Average Customer Base"
4411,numeric,Numeric: ID 4411,7044,"Balanced Demographics, Average Customer",7047,"Diverse Demographics, Average Customer Base"
4412,numeric,Numeric: ID 4412,7046,"Neutral Demographic Mix, Partner Inclined",7047,"Diverse Demographics, Average Customer Base"
4413,numeric,Numeric: ID 4413,7046,"Neutral Demographic Mix, Partner Inclined",7047,"Diverse Demographics, Average Customer Base"
4414,numeric,Numeric: ID 4414,7046,"Neutral Demographic Mix, Partner Inclined",7047,"Diverse Demographics, Average Customer Base"
4415,numeric,Numeric: ID 4415,7046,"Neutral Demographic Mix, Partner Inclined",7047,"Diverse Demographics, Average Customer Base"
4416,numeric,Numeric: ID 4416,7046,"Neutral Demographic Mix, Partner Inclined",7047,"Diverse Demographics, Average Customer Base"
4417,numeric,Numeric: ID 4417,7046,"Neutral Demographic Mix, Partner Inclined",7047,"Diverse Demographics, Average Customer Base"
4418,numeric,Numeric: ID 4418,7046,"Neutral Demographic Mix, Partner Inclined",7047,"Diverse Demographics, Average Customer Base"
4419,numeric,Numeric: ID 4419,7046,"Neutral Demographic Mix, Partner Inclined",7047,"Diverse Demographics, Average Customer Base"
4420,numeric,Numeric: ID 4420,7044,"Balanced Demographics, Average Customer",7047,"Diverse Demographics, Average Customer Base"
4421,numeric,Numeric: ID 4421,7046,"Neutral Demographic Mix, Partner Inclined",7047,"Diverse Demographics, Average Customer Base"
4422,numeric,Numeric: ID 4422,7045,"Younger, Fewer Partners, Gender Balanced",7048,"Younger, Single Customers: Engagement Focus"
4423,numeric,Numeric: ID 4423,7045,"Younger, Fewer Partners, Gender Balanced",7048,"Younger, Single Customers: Engagement Focus"
4424,numeric,Numeric: ID 4424,7046,"Neutral Demographic Mix, Partner Inclined",7047,"Diverse Demographics, Average Customer Base"
4425,numeric,Numeric: ID 4425,7046,"Neutral Demographic Mix, Partner Inclined",7047,"Diverse Demographics, Average Customer Base"
4426,numeric,Numeric: ID 4426,7046,"Neutral Demographic Mix, Partner Inclined",7047,"Diverse Demographics, Average Customer Base"
4427,numeric,Numeric: ID 4427,7046,"Neutral Demographic Mix, Partner Inclined",7047,"Diverse Demographics, Average Customer Base"
4428,numeric,Numeric: ID 4428,7046,"Neutral Demographic Mix, Partner Inclined",7047,"Diverse Demographics, Average Customer Base"
4429,numeric,Numeric: ID 4429,7045,"Younger, Fewer Partners, Gender Balanced",7048,"Younger, Single Customers: Engagement Focus"
4430,numeric,Numeric: ID 4430,7045,"Younger, Fewer Partners, Gender Balanced",7048,"Younger, Single Customers: Engagement Focus"
4431,numeric,Numeric: ID 4431,7046,"Neutral Demographic Mix, Partner Inclined",7047,"Diverse Demographics, Average Customer Base"
4432,numeric,Numeric: ID 4432,7046,"Neutral Demographic Mix, Partner Inclined",7047,"Diverse Demographics, Average Customer Base"
4433,numeric,Numeric: ID 4433,7045,"Younger, Fewer Partners, Gender Balanced",7048,"Younger, Single Customers: Engagement Focus"
4434,numeric,Numeric: ID 4434,7046,"Neutral Demographic Mix, Partner Inclined",7047,"Diverse Demographics, Average Customer Base"
4435,numeric,Numeric: ID 4435,7046,"Neutral Demographic Mix, Partner Inclined",7047,"Diverse Demographics, Average Customer Base"
4436,numeric,Numeric: ID 4436,7045,"Younger, Fewer Partners, Gender Balanced",7048,"Younger, Single Customers: Engagement Focus"
4437,numeric,Numeric: ID 4437,7046,"Neutral Demographic Mix, Partner Inclined",7047,"Diverse Demographics, Average Customer Base"
4438,numeric,Numeric: ID 4438,7046,"Neutral Demographic Mix, Partner Inclined",7047,"Diverse Demographics, Average Customer Base"
4439,numeric,Numeric: ID 4439,7046,"Neutral Demographic Mix, Partner Inclined",7047,"Diverse Demographics, Average Customer Base"
4440,numeric,Numeric: ID 4440,7045,"Younger, Fewer Partners, Gender Balanced",7048,"Younger, Single Customers: Engagement Focus"
4441,numeric,Numeric: ID 4441,7046,"Neutral Demographic Mix, Partner Inclined",7047,"Diverse Demographics, Average Customer Base"
4442,numeric,Numeric: ID 4442,7046,"Neutral Demographic Mix, Partner Inclined",7047,"Diverse Demographics, Average Customer Base"
4443,numeric,Numeric: ID 4443,7046,"Neutral Demographic Mix, Partner Inclined",7047,"Diverse Demographics, Average Customer Base"
4444,numeric,Numeric: ID 4444,7046,"Neutral Demographic Mix, Partner Inclined",7047,"Diverse Demographics, Average Customer Base"
4445,numeric,Numeric: ID 4445,7046,"Neutral Demographic Mix, Partner Inclined",7047,"Diverse Demographics, Average Customer Base"
4446,numeric,Numeric: ID 4446,7045,"Younger, Fewer Partners, Gender Balanced",7048,"Younger, Single Customers: Engagement Focus"
4447,numeric,Numeric: ID 4447,7046,"Neutral Demographic Mix, Partner Inclined",7047,"Diverse Demographics, Average Customer Base"
4448,numeric,Numeric: ID 4448,7046,"Neutral Demographic Mix, Partner Inclined",7047,"Diverse Demographics, Average Customer Base"
4449,numeric,Numeric: ID 4449,7046,"Neutral Demographic Mix, Partner Inclined",7047,"Diverse Demographics, Average Customer Base"
4450,numeric,Numeric: ID 4450,7044,"Balanced Demographics, Average Customer",7047,"Diverse Demographics, Average Customer Base"
4451,numeric,Numeric: ID 4451,7046,"Neutral Demographic Mix, Partner Inclined",7047,"Diverse Demographics, Average Customer Base"
4452,numeric,Numeric: ID 4452,7046,"Neutral Demographic Mix, Partner Inclined",7047,"Diverse Demographics, Average Customer Base"
4453,numeric,Numeric: ID 4453,7046,"Neutral Demographic Mix, Partner Inclined",7047,"Diverse Demographics, Average Customer Base"
4454,numeric,Numeric: ID 4454,7046,"Neutral Demographic Mix, Partner Inclined",7047,"Diverse Demographics, Average Customer Base"
4455,numeric,Numeric: ID 4455,7046,"Neutral Demographic Mix, Partner Inclined",7047,"Diverse Demographics, Average Customer Base"
4456,numeric,Numeric: ID 4456,7044,"Balanced Demographics, Average Customer",7047,"Diverse Demographics, Average Customer Base"
4457,numeric,Numeric: ID 4457,7046,"Neutral Demographic Mix, Partner Inclined",7047,"Diverse Demographics, Average Customer Base"
4458,numeric,Numeric: ID 4458,7045,"Younger, Fewer Partners, Gender Balanced",7048,"Younger, Single Customers: Engagement Focus"
4459,numeric,Numeric: ID 4459,7044,"Balanced Demographics, Average Customer",7047,"Diverse Demographics, Average Customer Base"
4460,numeric,Numeric: ID 4460,7046,"Neutral Demographic Mix, Partner Inclined",7047,"Diverse Demographics, Average Customer Base"
4461,numeric,Numeric: ID 4461,7045,"Younger, Fewer Partners, Gender Balanced",7048,"Younger, Single Customers: Engagement Focus"
4462,numeric,Numeric: ID 4462,7046,"Neutral Demographic Mix, Partner Inclined",7047,"Diverse Demographics, Average Customer Base"
4463,numeric,Numeric: ID 4463,7046,"Neutral Demographic Mix, Partner Inclined",7047,"Diverse Demographics, Average Customer Base"
4464,numeric,Numeric: ID 4464,7046,"Neutral Demographic Mix, Partner Inclined",7047,"Diverse Demographics, Average Customer Base"
4465,numeric,Numeric: ID 4465,7045,"Younger, Fewer Partners, Gender Balanced",7048,"Younger, Single Customers: Engagement Focus"
4466,numeric,Numeric: ID 4466,7045,"Younger, Fewer Partners, Gender Balanced",7048,"Younger, Single Customers: Engagement Focus"
4467,numeric,Numeric: ID 4467,7045,"Younger, Fewer Partners, Gender Balanced",7048,"Younger, Single Customers: Engagement Focus"
4468,numeric,Numeric: ID 4468,7046,"Neutral Demographic Mix, Partner Inclined",7047,"Diverse Demographics, Average Customer Base"
4469,numeric,Numeric: ID 4469,7046,"Neutral Demographic Mix, Partner Inclined",7047,"Diverse Demographics, Average Customer Base"
4470,numeric,Numeric: ID 4470,7045,"Younger, Fewer Partners, Gender Balanced",7048,"Younger, Single Customers: Engagement Focus"
4471,numeric,Numeric: ID 4471,7046,"Neutral Demographic Mix, Partner Inclined",7047,"Diverse Demographics, Average Customer Base"
4472,numeric,Numeric: ID 4472,7045,"Younger, Fewer Partners, Gender Balanced",7048,"Younger, Single Customers: Engagement Focus"
4473,numeric,Numeric: ID 4473,7046,"Neutral Demographic Mix, Partner Inclined",7047,"Diverse Demographics, Average Customer Base"
4474,numeric,Numeric: ID 4474,7045,"Younger, Fewer Partners, Gender Balanced",7048,"Younger, Single Customers: Engagement Focus"
4475,numeric,Numeric: ID 4475,7046,"Neutral Demographic Mix, Partner Inclined",7047,"Diverse Demographics, Average Customer Base"
4476,numeric,Numeric: ID 4476,7046,"Neutral Demographic Mix, Partner Inclined",7047,"Diverse Demographics, Average Customer Base"
4477,numeric,Numeric: ID 4477,7046,"Neutral Demographic Mix, Partner Inclined",7047,"Diverse Demographics, Average Customer Base"
4478,numeric,Numeric: ID 4478,7045,"Younger, Fewer Partners, Gender Balanced",7048,"Younger, Single Customers: Engagement Focus"
4479,numeric,Numeric: ID 4479,7045,"Younger, Fewer Partners, Gender Balanced",7048,"Younger, Single Customers: Engagement Focus"
4480,numeric,Numeric: ID 4480,7046,"Neutral Demographic Mix, Partner Inclined",7047,"Diverse Demographics, Average Customer Base"
4481,numeric,Numeric: ID 4481,7046,"Neutral Demographic Mix, Partner Inclined",7047,"Diverse Demographics, Average Customer Base"
4482,numeric,Numeric: ID 4482,7046,"Neutral Demographic Mix, Partner Inclined",7047,"Diverse Demographics, Average Customer Base"
4483,numeric,Numeric: ID 4483,7046,"Neutral Demographic Mix, Partner Inclined",7047,"Diverse Demographics, Average Customer Base"
4484,numeric,Numeric: ID 4484,7046,"Neutral Demographic Mix, Partner Inclined",7047,"Diverse Demographics, Average Customer Base"
4485,numeric,Numeric: ID 4485,7044,"Balanced Demographics, Average Customer",7047,"Diverse Demographics, Average Customer Base"
4486,numeric,Numeric: ID 4486,7044,"Balanced Demographics, Average Customer",7047,"Diverse Demographics, Average Customer Base"
4487,numeric,Numeric: ID 4487,7046,"Neutral Demographic Mix, Partner Inclined",7047,"Diverse Demographics, Average Customer Base"
4488,numeric,Numeric: ID 4488,7046,"Neutral Demographic Mix, Partner Inclined",7047,"Diverse Demographics, Average Customer Base"
4489,numeric,Numeric: ID 4489,7046,"Neutral Demographic Mix, Partner Inclined",7047,"Diverse Demographics, Average Customer Base"
4490,numeric,Numeric: ID 4490,7046,"Neutral Demographic Mix, Partner Inclined",7047,"Diverse Demographics, Average Customer Base"
4491,numeric,Numeric: ID 4491,7046,"Neutral Demographic Mix, Partner Inclined",7047,"Diverse Demographics, Average Customer Base"
4492,numeric,Numeric: ID 4492,7046,"Neutral Demographic Mix, Partner Inclined",7047,"Diverse Demographics, Average Customer Base"
4493,numeric,Numeric: ID 4493,7046,"Neutral Demographic Mix, Partner Inclined",7047,"Diverse Demographics, Average Customer Base"
4494,numeric,Numeric: ID 4494,7045,"Younger, Fewer Partners, Gender Balanced",7048,"Younger, Single Customers: Engagement Focus"
4495,numeric,Numeric: ID 4495,7046,"Neutral Demographic Mix, Partner Inclined",7047,"Diverse Demographics, Average Customer Base"
4496,numeric,Numeric: ID 4496,7045,"Younger, Fewer Partners, Gender Balanced",7048,"Younger, Single Customers: Engagement Focus"
4497,numeric,Numeric: ID 4497,7044,"Balanced Demographics, Average Customer",7047,"Diverse Demographics, Average Customer Base"
4498,numeric,Numeric: ID 4498,7046,"Neutral Demographic Mix, Partner Inclined",7047,"Diverse Demographics, Average Customer Base"
4499,numeric,Numeric: ID 4499,7045,"Younger, Fewer Partners, Gender Balanced",7048,"Younger, Single Customers: Engagement Focus"
4500,numeric,Numeric: ID 4500,7046,"Neutral Demographic Mix, Partner Inclined",7047,"Diverse Demographics, Average Customer Base"
4501,numeric,Numeric: ID 4501,7046,"Neutral Demographic Mix, Partner Inclined",7047,"Diverse Demographics, Average Customer Base"
4502,numeric,Numeric: ID 4502,7046,"Neutral Demographic Mix, Partner Inclined",7047,"Diverse Demographics, Average Customer Base"
4503,numeric,Numeric: ID 4503,7046,"Neutral Demographic Mix, Partner Inclined",7047,"Diverse Demographics, Average Customer Base"
4504,numeric,Numeric: ID 4504,7046,"Neutral Demographic Mix, Partner Inclined",7047,"Diverse Demographics, Average Customer Base"
4505,numeric,Numeric: ID 4505,7045,"Younger, Fewer Partners, Gender Balanced",7048,"Younger, Single Customers: Engagement Focus"
4506,numeric,Numeric: ID 4506,7045,"Younger, Fewer Partners, Gender Balanced",7048,"Younger, Single Customers: Engagement Focus"
4507,numeric,Numeric: ID 4507,7046,"Neutral Demographic Mix, Partner Inclined",7047,"Diverse Demographics, Average Customer Base"
4508,numeric,Numeric: ID 4508,7046,"Neutral Demographic Mix, Partner Inclined",7047,"Diverse Demographics, Average Customer Base"
4509,numeric,Numeric: ID 4509,7045,"Younger, Fewer Partners, Gender Balanced",7048,"Younger, Single Customers: Engagement Focus"
4510,numeric,Numeric: ID 4510,7045,"Younger, Fewer Partners, Gender Balanced",7048,"Younger, Single Customers: Engagement Focus"
4511,numeric,Numeric: ID 4511,7044,"Balanced Demographics, Average Customer",7047,"Diverse Demographics, Average Customer Base"
4512,numeric,Numeric: ID 4512,7045,"Younger, Fewer Partners, Gender Balanced",7048,"Younger, Single Customers: Engagement Focus"
4513,numeric,Numeric: ID 4513,7046,"Neutral Demographic Mix, Partner Inclined",7047,"Diverse Demographics, Average Customer Base"
4514,numeric,Numeric: ID 4514,7046,"Neutral Demographic Mix, Partner Inclined",7047,"Diverse Demographics, Average Customer Base"
4515,numeric,Numeric: ID 4515,7046,"Neutral Demographic Mix, Partner Inclined",7047,"Diverse Demographics, Average Customer Base"
4516,numeric,Numeric: ID 4516,7046,"Neutral Demographic Mix, Partner Inclined",7047,"Diverse Demographics, Average Customer Base"
4517,numeric,Numeric: ID 4517,7044,"Balanced Demographics, Average Customer",7047,"Diverse Demographics, Average Customer Base"
4518,numeric,Numeric: ID 4518,7046,"Neutral Demographic Mix, Partner Inclined",7047,"Diverse Demographics, Average Customer Base"
4519,numeric,Numeric: ID 4519,7046,"Neutral Demographic Mix, Partner Inclined",7047,"Diverse Demographics, Average Customer Base"
4520,numeric,Numeric: ID 4520,7046,"Neutral Demographic Mix, Partner Inclined",7047,"Diverse Demographics, Average Customer Base"
4521,numeric,Numeric: ID 4521,7046,"Neutral Demographic Mix, Partner Inclined",7047,"Diverse Demographics, Average Customer Base"
4522,numeric,Numeric: ID 4522,7045,"Younger, Fewer Partners, Gender Balanced",7048,"Younger, Single Customers: Engagement Focus"
4523,numeric,Numeric: ID 4523,7044,"Balanced Demographics, Average Customer",7047,"Diverse Demographics, Average Customer Base"
4524,numeric,Numeric: ID 4524,7046,"Neutral Demographic Mix, Partner Inclined",7047,"Diverse Demographics, Average Customer Base"
4525,numeric,Numeric: ID 4525,7046,"Neutral Demographic Mix, Partner Inclined",7047,"Diverse Demographics, Average Customer Base"
4526,numeric,Numeric: ID 4526,7046,"Neutral Demographic Mix, Partner Inclined",7047,"Diverse Demographics, Average Customer Base"
4527,numeric,Numeric: ID 4527,7045,"Younger, Fewer Partners, Gender Balanced",7048,"Younger, Single Customers: Engagement Focus"
4528,numeric,Numeric: ID 4528,7046,"Neutral Demographic Mix, Partner Inclined",7047,"Diverse Demographics, Average Customer Base"
4529,numeric,Numeric: ID 4529,7045,"Younger, Fewer Partners, Gender Balanced",7048,"Younger, Single Customers: Engagement Focus"
4530,numeric,Numeric: ID 4530,7046,"Neutral Demographic Mix, Partner Inclined",7047,"Diverse Demographics, Average Customer Base"
4531,numeric,Numeric: ID 4531,7046,"Neutral Demographic Mix, Partner Inclined",7047,"Diverse Demographics, Average Customer Base"
4532,numeric,Numeric: ID 4532,7046,"Neutral Demographic Mix, Partner Inclined",7047,"Diverse Demographics, Average Customer Base"
4533,numeric,Numeric: ID 4533,7046,"Neutral Demographic Mix, Partner Inclined",7047,"Diverse Demographics, Average Customer Base"
4534,numeric,Numeric: ID 4534,7046,"Neutral Demographic Mix, Partner Inclined",7047,"Diverse Demographics, Average Customer Base"
4535,numeric,Numeric: ID 4535,7046,"Neutral Demographic Mix, Partner Inclined",7047,"Diverse Demographics, Average Customer Base"
4536,numeric,Numeric: ID 4536,7044,"Balanced Demographics, Average Customer",7047,"Diverse Demographics, Average Customer Base"
4537,numeric,Numeric: ID 4537,7044,"Balanced Demographics, Average Customer",7047,"Diverse Demographics, Average Customer Base"
4538,numeric,Numeric: ID 4538,7046,"Neutral Demographic Mix, Partner Inclined",7047,"Diverse Demographics, Average Customer Base"
4539,numeric,Numeric: ID 4539,7046,"Neutral Demographic Mix, Partner Inclined",7047,"Diverse Demographics, Average Customer Base"
4540,numeric,Numeric: ID 4540,7046,"Neutral Demographic Mix, Partner Inclined",7047,"Diverse Demographics, Average Customer Base"
4541,numeric,Numeric: ID 4541,7044,"Balanced Demographics, Average Customer",7047,"Diverse Demographics, Average Customer Base"
4542,numeric,Numeric: ID 4542,7046,"Neutral Demographic Mix, Partner Inclined",7047,"Diverse Demographics, Average Customer Base"
4543,numeric,Numeric: ID 4543,7046,"Neutral Demographic Mix, Partner Inclined",7047,"Diverse Demographics, Average Customer Base"
4544,numeric,Numeric: ID 4544,7046,"Neutral Demographic Mix, Partner Inclined",7047,"Diverse Demographics, Average Customer Base"
4545,numeric,Numeric: ID 4545,7045,"Younger, Fewer Partners, Gender Balanced",7048,"Younger, Single Customers: Engagement Focus"
4546,numeric,Numeric: ID 4546,7046,"Neutral Demographic Mix, Partner Inclined",7047,"Diverse Demographics, Average Customer Base"
4547,numeric,Numeric: ID 4547,7045,"Younger, Fewer Partners, Gender Balanced",7048,"Younger, Single Customers: Engagement Focus"
4548,numeric,Numeric: ID 4548,7046,"Neutral Demographic Mix, Partner Inclined",7047,"Diverse Demographics, Average Customer Base"
4549,numeric,Numeric: ID 4549,7045,"Younger, Fewer Partners, Gender Balanced",7048,"Younger, Single Customers: Engagement Focus"
4550,numeric,Numeric: ID 4550,7046,"Neutral Demographic Mix, Partner Inclined",7047,"Diverse Demographics, Average Customer Base"
4551,numeric,Numeric: ID 4551,7046,"Neutral Demographic Mix, Partner Inclined",7047,"Diverse Demographics, Average Customer Base"
4552,numeric,Numeric: ID 4552,7046,"Neutral Demographic Mix, Partner Inclined",7047,"Diverse Demographics, Average Customer Base"
4553,numeric,Numeric: ID 4553,7045,"Younger, Fewer Partners, Gender Balanced",7048,"Younger, Single Customers: Engagement Focus"
4554,numeric,Numeric: ID 4554,7045,"Younger, Fewer Partners, Gender Balanced",7048,"Younger, Single Customers: Engagement Focus"
4555,numeric,Numeric: ID 4555,7046,"Neutral Demographic Mix, Partner Inclined",7047,"Diverse Demographics, Average Customer Base"
4556,numeric,Numeric: ID 4556,7046,"Neutral Demographic Mix, Partner Inclined",7047,"Diverse Demographics, Average Customer Base"
4557,numeric,Numeric: ID 4557,7046,"Neutral Demographic Mix, Partner Inclined",7047,"Diverse Demographics, Average Customer Base"
4558,numeric,Numeric: ID 4558,7045,"Younger, Fewer Partners, Gender Balanced",7048,"Younger, Single Customers: Engagement Focus"
4559,numeric,Numeric: ID 4559,7045,"Younger, Fewer Partners, Gender Balanced",7048,"Younger, Single Customers: Engagement Focus"
4560,numeric,Numeric: ID 4560,7045,"Younger, Fewer Partners, Gender Balanced",7048,"Younger, Single Customers: Engagement Focus"
4561,numeric,Numeric: ID 4561,7046,"Neutral Demographic Mix, Partner Inclined",7047,"Diverse Demographics, Average Customer Base"
4562,numeric,Numeric: ID 4562,7046,"Neutral Demographic Mix, Partner Inclined",7047,"Diverse Demographics, Average Customer Base"
4563,numeric,Numeric: ID 4563,7046,"Neutral Demographic Mix, Partner Inclined",7047,"Diverse Demographics, Average Customer Base"
4564,numeric,Numeric: ID 4564,7045,"Younger, Fewer Partners, Gender Balanced",7048,"Younger, Single Customers: Engagement Focus"
4565,numeric,Numeric: ID 4565,7045,"Younger, Fewer Partners, Gender Balanced",7048,"Younger, Single Customers: Engagement Focus"
4566,numeric,Numeric: ID 4566,7045,"Younger, Fewer Partners, Gender Balanced",7048,"Younger, Single Customers: Engagement Focus"
4567,numeric,Numeric: ID 4567,7044,"Balanced Demographics, Average Customer",7047,"Diverse Demographics, Average Customer Base"
4568,numeric,Numeric: ID 4568,7046,"Neutral Demographic Mix, Partner Inclined",7047,"Diverse Demographics, Average Customer Base"
4569,numeric,Numeric: ID 4569,7045,"Younger, Fewer Partners, Gender Balanced",7048,"Younger, Single Customers: Engagement Focus"
4570,numeric,Numeric: ID 4570,7046,"Neutral Demographic Mix, Partner Inclined",7047,"Diverse Demographics, Average Customer Base"
4571,numeric,Numeric: ID 4571,7045,"Younger, Fewer Partners, Gender Balanced",7048,"Younger, Single Customers: Engagement Focus"
4572,numeric,Numeric: ID 4572,7046,"Neutral Demographic Mix, Partner Inclined",7047,"Diverse Demographics, Average Customer Base"
4573,numeric,Numeric: ID 4573,7046,"Neutral Demographic Mix, Partner Inclined",7047,"Diverse Demographics, Average Customer Base"
4574,numeric,Numeric: ID 4574,7044,"Balanced Demographics, Average Customer",7047,"Diverse Demographics, Average Customer Base"
4575,numeric,Numeric: ID 4575,7046,"Neutral Demographic Mix, Partner Inclined",7047,"Diverse Demographics, Average Customer Base"
4576,numeric,Numeric: ID 4576,7046,"Neutral Demographic Mix, Partner Inclined",7047,"Diverse Demographics, Average Customer Base"
4577,numeric,Numeric: ID 4577,7046,"Neutral Demographic Mix, Partner Inclined",7047,"Diverse Demographics, Average Customer Base"
4578,numeric,Numeric: ID 4578,7046,"Neutral Demographic Mix, Partner Inclined",7047,"Diverse Demographics, Average Customer Base"
4579,numeric,Numeric: ID 4579,7046,"Neutral Demographic Mix, Partner Inclined",7047,"Diverse Demographics, Average Customer Base"
4580,numeric,Numeric: ID 4580,7046,"Neutral Demographic Mix, Partner Inclined",7047,"Diverse Demographics, Average Customer Base"
4581,numeric,Numeric: ID 4581,7046,"Neutral Demographic Mix, Partner Inclined",7047,"Diverse Demographics, Average Customer Base"
4582,numeric,Numeric: ID 4582,7045,"Younger, Fewer Partners, Gender Balanced",7048,"Younger, Single Customers: Engagement Focus"
4583,numeric,Numeric: ID 4583,7045,"Younger, Fewer Partners, Gender Balanced",7048,"Younger, Single Customers: Engagement Focus"
4584,numeric,Numeric: ID 4584,7046,"Neutral Demographic Mix, Partner Inclined",7047,"Diverse Demographics, Average Customer Base"
4585,numeric,Numeric: ID 4585,7044,"Balanced Demographics, Average Customer",7047,"Diverse Demographics, Average Customer Base"
4586,numeric,Numeric: ID 4586,7046,"Neutral Demographic Mix, Partner Inclined",7047,"Diverse Demographics, Average Customer Base"
4587,numeric,Numeric: ID 4587,7046,"Neutral Demographic Mix, Partner Inclined",7047,"Diverse Demographics, Average Customer Base"
4588,numeric,Numeric: ID 4588,7046,"Neutral Demographic Mix, Partner Inclined",7047,"Diverse Demographics, Average Customer Base"
4589,numeric,Numeric: ID 4589,7044,"Balanced Demographics, Average Customer",7047,"Diverse Demographics, Average Customer Base"
4590,numeric,Numeric: ID 4590,7046,"Neutral Demographic Mix, Partner Inclined",7047,"Diverse Demographics, Average Customer Base"
4591,numeric,Numeric: ID 4591,7046,"Neutral Demographic Mix, Partner Inclined",7047,"Diverse Demographics, Average Customer Base"
4592,numeric,Numeric: ID 4592,7046,"Neutral Demographic Mix, Partner Inclined",7047,"Diverse Demographics, Average Customer Base"
4593,numeric,Numeric: ID 4593,7046,"Neutral Demographic Mix, Partner Inclined",7047,"Diverse Demographics, Average Customer Base"
4594,numeric,Numeric: ID 4594,7046,"Neutral Demographic Mix, Partner Inclined",7047,"Diverse Demographics, Average Customer Base"
4595,numeric,Numeric: ID 4595,7046,"Neutral Demographic Mix, Partner Inclined",7047,"Diverse Demographics, Average Customer Base"
4596,numeric,Numeric: ID 4596,7046,"Neutral Demographic Mix, Partner Inclined",7047,"Diverse Demographics, Average Customer Base"
4597,numeric,Numeric: ID 4597,7046,"Neutral Demographic Mix, Partner Inclined",7047,"Diverse Demographics, Average Customer Base"
4598,numeric,Numeric: ID 4598,7045,"Younger, Fewer Partners, Gender Balanced",7048,"Younger, Single Customers: Engagement Focus"
4599,numeric,Numeric: ID 4599,7045,"Younger, Fewer Partners, Gender Balanced",7048,"Younger, Single Customers: Engagement Focus"
4600,numeric,Numeric: ID 4600,7046,"Neutral Demographic Mix, Partner Inclined",7047,"Diverse Demographics, Average Customer Base"
4601,numeric,Numeric: ID 4601,7046,"Neutral Demographic Mix, Partner Inclined",7047,"Diverse Demographics, Average Customer Base"
4602,numeric,Numeric: ID 4602,7046,"Neutral Demographic Mix, Partner Inclined",7047,"Diverse Demographics, Average Customer Base"
4603,numeric,Numeric: ID 4603,7045,"Younger, Fewer Partners, Gender Balanced",7048,"Younger, Single Customers: Engagement Focus"
4604,numeric,Numeric: ID 4604,7045,"Younger, Fewer Partners, Gender Balanced",7048,"Younger, Single Customers: Engagement Focus"
4605,numeric,Numeric: ID 4605,7046,"Neutral Demographic Mix, Partner Inclined",7047,"Diverse Demographics, Average Customer Base"
4606,numeric,Numeric: ID 4606,7045,"Younger, Fewer Partners, Gender Balanced",7048,"Younger, Single Customers: Engagement Focus"
4607,numeric,Numeric: ID 4607,7046,"Neutral Demographic Mix, Partner Inclined",7047,"Diverse Demographics, Average Customer Base"
4608,numeric,Numeric: ID 4608,7046,"Neutral Demographic Mix, Partner Inclined",7047,"Diverse Demographics, Average Customer Base"
4609,numeric,Numeric: ID 4609,7046,"Neutral Demographic Mix, Partner Inclined",7047,"Diverse Demographics, Average Customer Base"
4610,numeric,Numeric: ID 4610,7046,"Neutral Demographic Mix, Partner Inclined",7047,"Diverse Demographics, Average Customer Base"
4611,numeric,Numeric: ID 4611,7046,"Neutral Demographic Mix, Partner Inclined",7047,"Diverse Demographics, Average Customer Base"
4612,numeric,Numeric: ID 4612,7046,"Neutral Demographic Mix, Partner Inclined",7047,"Diverse Demographics, Average Customer Base"
4613,numeric,Numeric: ID 4613,7045,"Younger, Fewer Partners, Gender Balanced",7048,"Younger, Single Customers: Engagement Focus"
4614,numeric,Numeric: ID 4614,7046,"Neutral Demographic Mix, Partner Inclined",7047,"Diverse Demographics, Average Customer Base"
4615,numeric,Numeric: ID 4615,7044,"Balanced Demographics, Average Customer",7047,"Diverse Demographics, Average Customer Base"
4616,numeric,Numeric: ID 4616,7045,"Younger, Fewer Partners, Gender Balanced",7048,"Younger, Single Customers: Engagement Focus"
4617,numeric,Numeric: ID 4617,7045,"Younger, Fewer Partners, Gender Balanced",7048,"Younger, Single Customers: Engagement Focus"
4618,numeric,Numeric: ID 4618,7046,"Neutral Demographic Mix, Partner Inclined",7047,"Diverse Demographics, Average Customer Base"
4619,numeric,Numeric: ID 4619,7045,"Younger, Fewer Partners, Gender Balanced",7048,"Younger, Single Customers: Engagement Focus"
4620,numeric,Numeric: ID 4620,7046,"Neutral Demographic Mix, Partner Inclined",7047,"Diverse Demographics, Average Customer Base"
4621,numeric,Numeric: ID 4621,7046,"Neutral Demographic Mix, Partner Inclined",7047,"Diverse Demographics, Average Customer Base"
4622,numeric,Numeric: ID 4622,7044,"Balanced Demographics, Average Customer",7047,"Diverse Demographics, Average Customer Base"
4623,numeric,Numeric: ID 4623,7046,"Neutral Demographic Mix, Partner Inclined",7047,"Diverse Demographics, Average Customer Base"
4624,numeric,Numeric: ID 4624,7046,"Neutral Demographic Mix, Partner Inclined",7047,"Diverse Demographics, Average Customer Base"
4625,numeric,Numeric: ID 4625,7045,"Younger, Fewer Partners, Gender Balanced",7048,"Younger, Single Customers: Engagement Focus"
4626,numeric,Numeric: ID 4626,7044,"Balanced Demographics, Average Customer",7047,"Diverse Demographics, Average Customer Base"
4627,numeric,Numeric: ID 4627,7045,"Younger, Fewer Partners, Gender Balanced",7048,"Younger, Single Customers: Engagement Focus"
4628,numeric,Numeric: ID 4628,7046,"Neutral Demographic Mix, Partner Inclined",7047,"Diverse Demographics, Average Customer Base"
4629,numeric,Numeric: ID 4629,7046,"Neutral Demographic Mix, Partner Inclined",7047,"Diverse Demographics, Average Customer Base"
4630,numeric,Numeric: ID 4630,7046,"Neutral Demographic Mix, Partner Inclined",7047,"Diverse Demographics, Average Customer Base"
4631,numeric,Numeric: ID 4631,7046,"Neutral Demographic Mix, Partner Inclined",7047,"Diverse Demographics, Average Customer Base"
4632,numeric,Numeric: ID 4632,7046,"Neutral Demographic Mix, Partner Inclined",7047,"Diverse Demographics, Average Customer Base"
4633,numeric,Numeric: ID 4633,7046,"Neutral Demographic Mix, Partner Inclined",7047,"Diverse Demographics, Average Customer Base"
4634,numeric,Numeric: ID 4634,7046,"Neutral Demographic Mix, Partner Inclined",7047,"Diverse Demographics, Average Customer Base"
4635,numeric,Numeric: ID 4635,7046,"Neutral Demographic Mix, Partner Inclined",7047,"Diverse Demographics, Average Customer Base"
4636,numeric,Numeric: ID 4636,7046,"Neutral Demographic Mix, Partner Inclined",7047,"Diverse Demographics, Average Customer Base"
4637,numeric,Numeric: ID 4637,7044,"Balanced Demographics, Average Customer",7047,"Diverse Demographics, Average Customer Base"
4638,numeric,Numeric: ID 4638,7045,"Younger, Fewer Partners, Gender Balanced",7048,"Younger, Single Customers: Engagement Focus"
4639,numeric,Numeric: ID 4639,7046,"Neutral Demographic Mix, Partner Inclined",7047,"Diverse Demographics, Average Customer Base"
4640,numeric,Numeric: ID 4640,7046,"Neutral Demographic Mix, Partner Inclined",7047,"Diverse Demographics, Average Customer Base"
4641,numeric,Numeric: ID 4641,7046,"Neutral Demographic Mix, Partner Inclined",7047,"Diverse Demographics, Average Customer Base"
4642,numeric,Numeric: ID 4642,7046,"Neutral Demographic Mix, Partner Inclined",7047,"Diverse Demographics, Average Customer Base"
4643,numeric,Numeric: ID 4643,7046,"Neutral Demographic Mix, Partner Inclined",7047,"Diverse Demographics, Average Customer Base"
4644,numeric,Numeric: ID 4644,7045,"Younger, Fewer Partners, Gender Balanced",7048,"Younger, Single Customers: Engagement Focus"
4645,numeric,Numeric: ID 4645,7045,"Younger, Fewer Partners, Gender Balanced",7048,"Younger, Single Customers: Engagement Focus"
4646,numeric,Numeric: ID 4646,7046,"Neutral Demographic Mix, Partner Inclined",7047,"Diverse Demographics, Average Customer Base"
4647,numeric,Numeric: ID 4647,7046,"Neutral Demographic Mix, Partner Inclined",7047,"Diverse Demographics, Average Customer Base"
4648,numeric,Numeric: ID 4648,7045,"Younger, Fewer Partners, Gender Balanced",7048,"Younger, Single Customers: Engagement Focus"
4649,numeric,Numeric: ID 4649,7045,"Younger, Fewer Partners, Gender Balanced",7048,"Younger, Single Customers: Engagement Focus"
4650,numeric,Numeric: ID 4650,7046,"Neutral Demographic Mix, Partner Inclined",7047,"Diverse Demographics, Average Customer Base"
4651,numeric,Numeric: ID 4651,7046,"Neutral Demographic Mix, Partner Inclined",7047,"Diverse Demographics, Average Customer Base"
4652,numeric,Numeric: ID 4652,7045,"Younger, Fewer Partners, Gender Balanced",7048,"Younger, Single Customers: Engagement Focus"
4653,numeric,Numeric: ID 4653,7046,"Neutral Demographic Mix, Partner Inclined",7047,"Diverse Demographics, Average Customer Base"
4654,numeric,Numeric: ID 4654,7046,"Neutral Demographic Mix, Partner Inclined",7047,"Diverse Demographics, Average Customer Base"
4655,numeric,Numeric: ID 4655,7045,"Younger, Fewer Partners, Gender Balanced",7048,"Younger, Single Customers: Engagement Focus"
4656,numeric,Numeric: ID 4656,7046,"Neutral Demographic Mix, Partner Inclined",7047,"Diverse Demographics, Average Customer Base"
4657,numeric,Numeric: ID 4657,7046,"Neutral Demographic Mix, Partner Inclined",7047,"Diverse Demographics, Average Customer Base"
4658,numeric,Numeric: ID 4658,7046,"Neutral Demographic Mix, Partner Inclined",7047,"Diverse Demographics, Average Customer Base"
4659,numeric,Numeric: ID 4659,7046,"Neutral Demographic Mix, Partner Inclined",7047,"Diverse Demographics, Average Customer Base"
4660,numeric,Numeric: ID 4660,7045,"Younger, Fewer Partners, Gender Balanced",7048,"Younger, Single Customers: Engagement Focus"
4661,numeric,Numeric: ID 4661,7046,"Neutral Demographic Mix, Partner Inclined",7047,"Diverse Demographics, Average Customer Base"
4662,numeric,Numeric: ID 4662,7045,"Younger, Fewer Partners, Gender Balanced",7048,"Younger, Single Customers: Engagement Focus"
4663,numeric,Numeric: ID 4663,7046,"Neutral Demographic Mix, Partner Inclined",7047,"Diverse Demographics, Average Customer Base"
4664,numeric,Numeric: ID 4664,7046,"Neutral Demographic Mix, Partner Inclined",7047,"Diverse Demographics, Average Customer Base"
4665,numeric,Numeric: ID 4665,7046,"Neutral Demographic Mix, Partner Inclined",7047,"Diverse Demographics, Average Customer Base"
4666,numeric,Numeric: ID 4666,7046,"Neutral Demographic Mix, Partner Inclined",7047,"Diverse Demographics, Average Customer Base"
4667,numeric,Numeric: ID 4667,7046,"Neutral Demographic Mix, Partner Inclined",7047,"Diverse Demographics, Average Customer Base"
4668,numeric,Numeric: ID 4668,7045,"Younger, Fewer Partners, Gender Balanced",7048,"Younger, Single Customers: Engagement Focus"
4669,numeric,Numeric: ID 4669,7046,"Neutral Demographic Mix, Partner Inclined",7047,"Diverse Demographics, Average Customer Base"
4670,numeric,Numeric: ID 4670,7046,"Neutral Demographic Mix, Partner Inclined",7047,"Diverse Demographics, Average Customer Base"
4671,numeric,Numeric: ID 4671,7045,"Younger, Fewer Partners, Gender Balanced",7048,"Younger, Single Customers: Engagement Focus"
4672,numeric,Numeric: ID 4672,7045,"Younger, Fewer Partners, Gender Balanced",7048,"Younger, Single Customers: Engagement Focus"
4673,numeric,Numeric: ID 4673,7046,"Neutral Demographic Mix, Partner Inclined",7047,"Diverse Demographics, Average Customer Base"
4674,numeric,Numeric: ID 4674,7046,"Neutral Demographic Mix, Partner Inclined",7047,"Diverse Demographics, Average Customer Base"
4675,numeric,Numeric: ID 4675,7045,"Younger, Fewer Partners, Gender Balanced",7048,"Younger, Single Customers: Engagement Focus"
4676,numeric,Numeric: ID 4676,7046,"Neutral Demographic Mix, Partner Inclined",7047,"Diverse Demographics, Average Customer Base"
4677,numeric,Numeric: ID 4677,7046,"Neutral Demographic Mix, Partner Inclined",7047,"Diverse Demographics, Average Customer Base"
4678,numeric,Numeric: ID 4678,7046,"Neutral Demographic Mix, Partner Inclined",7047,"Diverse Demographics, Average Customer Base"
4679,numeric,Numeric: ID 4679,7045,"Younger, Fewer Partners, Gender Balanced",7048,"Younger, Single Customers: Engagement Focus"
4680,numeric,Numeric: ID 4680,7046,"Neutral Demographic Mix, Partner Inclined",7047,"Diverse Demographics, Average Customer Base"
4681,numeric,Numeric: ID 4681,7044,"Balanced Demographics, Average Customer",7047,"Diverse Demographics, Average Customer Base"
4682,numeric,Numeric: ID 4682,7046,"Neutral Demographic Mix, Partner Inclined",7047,"Diverse Demographics, Average Customer Base"
4683,numeric,Numeric: ID 4683,7046,"Neutral Demographic Mix, Partner Inclined",7047,"Diverse Demographics, Average Customer Base"
4684,numeric,Numeric: ID 4684,7046,"Neutral Demographic Mix, Partner Inclined",7047,"Diverse Demographics, Average Customer Base"
4685,numeric,Numeric: ID 4685,7046,"Neutral Demographic Mix, Partner Inclined",7047,"Diverse Demographics, Average Customer Base"
4686,numeric,Numeric: ID 4686,7045,"Younger, Fewer Partners, Gender Balanced",7048,"Younger, Single Customers: Engagement Focus"
4687,numeric,Numeric: ID 4687,7045,"Younger, Fewer Partners, Gender Balanced",7048,"Younger, Single Customers: Engagement Focus"
4688,numeric,Numeric: ID 4688,7045,"Younger, Fewer Partners, Gender Balanced",7048,"Younger, Single Customers: Engagement Focus"
4689,numeric,Numeric: ID 4689,7045,"Younger, Fewer Partners, Gender Balanced",7048,"Younger, Single Customers: Engagement Focus"
4690,numeric,Numeric: ID 4690,7046,"Neutral Demographic Mix, Partner Inclined",7047,"Diverse Demographics, Average Customer Base"
4691,numeric,Numeric: ID 4691,7046,"Neutral Demographic Mix, Partner Inclined",7047,"Diverse Demographics, Average Customer Base"
4692,numeric,Numeric: ID 4692,7045,"Younger, Fewer Partners, Gender Balanced",7048,"Younger, Single Customers: Engagement Focus"
4693,numeric,Numeric: ID 4693,7046,"Neutral Demographic Mix, Partner Inclined",7047,"Diverse Demographics, Average Customer Base"
4694,numeric,Numeric: ID 4694,7046,"Neutral Demographic Mix, Partner Inclined",7047,"Diverse Demographics, Average Customer Base"
4695,numeric,Numeric: ID 4695,7045,"Younger, Fewer Partners, Gender Balanced",7048,"Younger, Single Customers: Engagement Focus"
4696,numeric,Numeric: ID 4696,7045,"Younger, Fewer Partners, Gender Balanced",7048,"Younger, Single Customers: Engagement Focus"
4697,numeric,Numeric: ID 4697,7046,"Neutral Demographic Mix, Partner Inclined",7047,"Diverse Demographics, Average Customer Base"
4698,numeric,Numeric: ID 4698,7046,"Neutral Demographic Mix, Partner Inclined",7047,"Diverse Demographics, Average Customer Base"
4699,numeric,Numeric: ID 4699,7045,"Younger, Fewer Partners, Gender Balanced",7048,"Younger, Single Customers: Engagement Focus"
4700,numeric,Numeric: ID 4700,7046,"Neutral Demographic Mix, Partner Inclined",7047,"Diverse Demographics, Average Customer Base"
4701,numeric,Numeric: ID 4701,7046,"Neutral Demographic Mix, Partner Inclined",7047,"Diverse Demographics, Average Customer Base"
4702,numeric,Numeric: ID 4702,7045,"Younger, Fewer Partners, Gender Balanced",7048,"Younger, Single Customers: Engagement Focus"
4703,numeric,Numeric: ID 4703,7045,"Younger, Fewer Partners, Gender Balanced",7048,"Younger, Single Customers: Engagement Focus"
4704,numeric,Numeric: ID 4704,7046,"Neutral Demographic Mix, Partner Inclined",7047,"Diverse Demographics, Average Customer Base"
4705,numeric,Numeric: ID 4705,7046,"Neutral Demographic Mix, Partner Inclined",7047,"Diverse Demographics, Average Customer Base"
4706,numeric,Numeric: ID 4706,7046,"Neutral Demographic Mix, Partner Inclined",7047,"Diverse Demographics, Average Customer Base"
4707,numeric,Numeric: ID 4707,7046,"Neutral Demographic Mix, Partner Inclined",7047,"Diverse Demographics, Average Customer Base"
4708,numeric,Numeric: ID 4708,7045,"Younger, Fewer Partners, Gender Balanced",7048,"Younger, Single Customers: Engagement Focus"
4709,numeric,Numeric: ID 4709,7046,"Neutral Demographic Mix, Partner Inclined",7047,"Diverse Demographics, Average Customer Base"
4710,numeric,Numeric: ID 4710,7046,"Neutral Demographic Mix, Partner Inclined",7047,"Diverse Demographics, Average Customer Base"
4711,numeric,Numeric: ID 4711,7044,"Balanced Demographics, Average Customer",7047,"Diverse Demographics, Average Customer Base"
4712,numeric,Numeric: ID 4712,7046,"Neutral Demographic Mix, Partner Inclined",7047,"Diverse Demographics, Average Customer Base"
4713,numeric,Numeric: ID 4713,7045,"Younger, Fewer Partners, Gender Balanced",7048,"Younger, Single Customers: Engagement Focus"
4714,numeric,Numeric: ID 4714,7046,"Neutral Demographic Mix, Partner Inclined",7047,"Diverse Demographics, Average Customer Base"
4715,numeric,Numeric: ID 4715,7045,"Younger, Fewer Partners, Gender Balanced",7048,"Younger, Single Customers: Engagement Focus"
4716,numeric,Numeric: ID 4716,7045,"Younger, Fewer Partners, Gender Balanced",7048,"Younger, Single Customers: Engagement Focus"
4717,numeric,Numeric: ID 4717,7046,"Neutral Demographic Mix, Partner Inclined",7047,"Diverse Demographics, Average Customer Base"
4718,numeric,Numeric: ID 4718,7046,"Neutral Demographic Mix, Partner Inclined",7047,"Diverse Demographics, Average Customer Base"
4719,numeric,Numeric: ID 4719,7044,"Balanced Demographics, Average Customer",7047,"Diverse Demographics, Average Customer Base"
4720,numeric,Numeric: ID 4720,7046,"Neutral Demographic Mix, Partner Inclined",7047,"Diverse Demographics, Average Customer Base"
4721,numeric,Numeric: ID 4721,7044,"Balanced Demographics, Average Customer",7047,"Diverse Demographics, Average Customer Base"
4722,numeric,Numeric: ID 4722,7046,"Neutral Demographic Mix, Partner Inclined",7047,"Diverse Demographics, Average Customer Base"
4723,numeric,Numeric: ID 4723,7046,"Neutral Demographic Mix, Partner Inclined",7047,"Diverse Demographics, Average Customer Base"
4724,numeric,Numeric: ID 4724,7046,"Neutral Demographic Mix, Partner Inclined",7047,"Diverse Demographics, Average Customer Base"
4725,numeric,Numeric: ID 4725,7046,"Neutral Demographic Mix, Partner Inclined",7047,"Diverse Demographics, Average Customer Base"
4726,numeric,Numeric: ID 4726,7046,"Neutral Demographic Mix, Partner Inclined",7047,"Diverse Demographics, Average Customer Base"
4727,numeric,Numeric: ID 4727,7046,"Neutral Demographic Mix, Partner Inclined",7047,"Diverse Demographics, Average Customer Base"
4728,numeric,Numeric: ID 4728,7046,"Neutral Demographic Mix, Partner Inclined",7047,"Diverse Demographics, Average Customer Base"
4729,numeric,Numeric: ID 4729,7046,"Neutral Demographic Mix, Partner Inclined",7047,"Diverse Demographics, Average Customer Base"
4730,numeric,Numeric: ID 4730,7046,"Neutral Demographic Mix, Partner Inclined",7047,"Diverse Demographics, Average Customer Base"
4731,numeric,Numeric: ID 4731,7046,"Neutral Demographic Mix, Partner Inclined",7047,"Diverse Demographics, Average Customer Base"
4732,numeric,Numeric: ID 4732,7045,"Younger, Fewer Partners, Gender Balanced",7048,"Younger, Single Customers: Engagement Focus"
4733,numeric,Numeric: ID 4733,7046,"Neutral Demographic Mix, Partner Inclined",7047,"Diverse Demographics, Average Customer Base"
4734,numeric,Numeric: ID 4734,7045,"Younger, Fewer Partners, Gender Balanced",7048,"Younger, Single Customers: Engagement Focus"
4735,numeric,Numeric: ID 4735,7046,"Neutral Demographic Mix, Partner Inclined",7047,"Diverse Demographics, Average Customer Base"
4736,numeric,Numeric: ID 4736,7046,"Neutral Demographic Mix, Partner Inclined",7047,"Diverse Demographics, Average Customer Base"
4737,numeric,Numeric: ID 4737,7045,"Younger, Fewer Partners, Gender Balanced",7048,"Younger, Single Customers: Engagement Focus"
4738,numeric,Numeric: ID 4738,7045,"Younger, Fewer Partners, Gender Balanced",7048,"Younger, Single Customers: Engagement Focus"
4739,numeric,Numeric: ID 4739,7046,"Neutral Demographic Mix, Partner Inclined",7047,"Diverse Demographics, Average Customer Base"
4740,numeric,Numeric: ID 4740,7045,"Younger, Fewer Partners, Gender Balanced",7048,"Younger, Single Customers: Engagement Focus"
4741,numeric,Numeric: ID 4741,7046,"Neutral Demographic Mix, Partner Inclined",7047,"Diverse Demographics, Average Customer Base"
4742,numeric,Numeric: ID 4742,7045,"Younger, Fewer Partners, Gender Balanced",7048,"Younger, Single Customers: Engagement Focus"
4743,numeric,Numeric: ID 4743,7046,"Neutral Demographic Mix, Partner Inclined",7047,"Diverse Demographics, Average Customer Base"
4744,numeric,Numeric: ID 4744,7044,"Balanced Demographics, Average Customer",7047,"Diverse Demographics, Average Customer Base"
4745,numeric,Numeric: ID 4745,7046,"Neutral Demographic Mix, Partner Inclined",7047,"Diverse Demographics, Average Customer Base"
4746,numeric,Numeric: ID 4746,7045,"Younger, Fewer Partners, Gender Balanced",7048,"Younger, Single Customers: Engagement Focus"
4747,numeric,Numeric: ID 4747,7046,"Neutral Demographic Mix, Partner Inclined",7047,"Diverse Demographics, Average Customer Base"
4748,numeric,Numeric: ID 4748,7046,"Neutral Demographic Mix, Partner Inclined",7047,"Diverse Demographics, Average Customer Base"
4749,numeric,Numeric: ID 4749,7045,"Younger, Fewer Partners, Gender Balanced",7048,"Younger, Single Customers: Engagement Focus"
4750,numeric,Numeric: ID 4750,7046,"Neutral Demographic Mix, Partner Inclined",7047,"Diverse Demographics, Average Customer Base"
4751,numeric,Numeric: ID 4751,7045,"Younger, Fewer Partners, Gender Balanced",7048,"Younger, Single Customers: Engagement Focus"
4752,numeric,Numeric: ID 4752,7045,"Younger, Fewer Partners, Gender Balanced",7048,"Younger, Single Customers: Engagement Focus"
4753,numeric,Numeric: ID 4753,7046,"Neutral Demographic Mix, Partner Inclined",7047,"Diverse Demographics, Average Customer Base"
4754,numeric,Numeric: ID 4754,7046,"Neutral Demographic Mix, Partner Inclined",7047,"Diverse Demographics, Average Customer Base"
4755,numeric,Numeric: ID 4755,7046,"Neutral Demographic Mix, Partner Inclined",7047,"Diverse Demographics, Average Customer Base"
4756,numeric,Numeric: ID 4756,7046,"Neutral Demographic Mix, Partner Inclined",7047,"Diverse Demographics, Average Customer Base"
4757,numeric,Numeric: ID 4757,7046,"Neutral Demographic Mix, Partner Inclined",7047,"Diverse Demographics, Average Customer Base"
4758,numeric,Numeric: ID 4758,7046,"Neutral Demographic Mix, Partner Inclined",7047,"Diverse Demographics, Average Customer Base"
4759,numeric,Numeric: ID 4759,7044,"Balanced Demographics, Average Customer",7047,"Diverse Demographics, Average Customer Base"
4760,numeric,Numeric: ID 4760,7046,"Neutral Demographic Mix, Partner Inclined",7047,"Diverse Demographics, Average Customer Base"
4761,numeric,Numeric: ID 4761,7046,"Neutral Demographic Mix, Partner Inclined",7047,"Diverse Demographics, Average Customer Base"
4762,numeric,Numeric: ID 4762,7046,"Neutral Demographic Mix, Partner Inclined",7047,"Diverse Demographics, Average Customer Base"
4763,numeric,Numeric: ID 4763,7046,"Neutral Demographic Mix, Partner Inclined",7047,"Diverse Demographics, Average Customer Base"
4764,numeric,Numeric: ID 4764,7045,"Younger, Fewer Partners, Gender Balanced",7048,"Younger, Single Customers: Engagement Focus"
4765,numeric,Numeric: ID 4765,7044,"Balanced Demographics, Average Customer",7047,"Diverse Demographics, Average Customer Base"
4766,numeric,Numeric: ID 4766,7045,"Younger, Fewer Partners, Gender Balanced",7048,"Younger, Single Customers: Engagement Focus"
4767,numeric,Numeric: ID 4767,7046,"Neutral Demographic Mix, Partner Inclined",7047,"Diverse Demographics, Average Customer Base"
4768,numeric,Numeric: ID 4768,7045,"Younger, Fewer Partners, Gender Balanced",7048,"Younger, Single Customers: Engagement Focus"
4769,numeric,Numeric: ID 4769,7046,"Neutral Demographic Mix, Partner Inclined",7047,"Diverse Demographics, Average Customer Base"
4770,numeric,Numeric: ID 4770,7044,"Balanced Demographics, Average Customer",7047,"Diverse Demographics, Average Customer Base"
4771,numeric,Numeric: ID 4771,7045,"Younger, Fewer Partners, Gender Balanced",7048,"Younger, Single Customers: Engagement Focus"
4772,numeric,Numeric: ID 4772,7046,"Neutral Demographic Mix, Partner Inclined",7047,"Diverse Demographics, Average Customer Base"
4773,numeric,Numeric: ID 4773,7045,"Younger, Fewer Partners, Gender Balanced",7048,"Younger, Single Customers: Engagement Focus"
4774,numeric,Numeric: ID 4774,7046,"Neutral Demographic Mix, Partner Inclined",7047,"Diverse Demographics, Average Customer Base"
4775,numeric,Numeric: ID 4775,7046,"Neutral Demographic Mix, Partner Inclined",7047,"Diverse Demographics, Average Customer Base"
4776,numeric,Numeric: ID 4776,7046,"Neutral Demographic Mix, Partner Inclined",7047,"Diverse Demographics, Average Customer Base"
4777,numeric,Numeric: ID 4777,7046,"Neutral Demographic Mix, Partner Inclined",7047,"Diverse Demographics, Average Customer Base"
4778,numeric,Numeric: ID 4778,7046,"Neutral Demographic Mix, Partner Inclined",7047,"Diverse Demographics, Average Customer Base"
4779,numeric,Numeric: ID 4779,7046,"Neutral Demographic Mix, Partner Inclined",7047,"Diverse Demographics, Average Customer Base"
4780,numeric,Numeric: ID 4780,7044,"Balanced Demographics, Average Customer",7047,"Diverse Demographics, Average Customer Base"
4781,numeric,Numeric: ID 4781,7046,"Neutral Demographic Mix, Partner Inclined",7047,"Diverse Demographics, Average Customer Base"
4782,numeric,Numeric: ID 4782,7046,"Neutral Demographic Mix, Partner Inclined",7047,"Diverse Demographics, Average Customer Base"
4783,numeric,Numeric: ID 4783,7046,"Neutral Demographic Mix, Partner Inclined",7047,"Diverse Demographics, Average Customer Base"
4784,numeric,Numeric: ID 4784,7044,"Balanced Demographics, Average Customer",7047,"Diverse Demographics, Average Customer Base"
4785,numeric,Numeric: ID 4785,7045,"Younger, Fewer Partners, Gender Balanced",7048,"Younger, Single Customers: Engagement Focus"
4786,numeric,Numeric: ID 4786,7046,"Neutral Demographic Mix, Partner Inclined",7047,"Diverse Demographics, Average Customer Base"
4787,numeric,Numeric: ID 4787,7046,"Neutral Demographic Mix, Partner Inclined",7047,"Diverse Demographics, Average Customer Base"
4788,numeric,Numeric: ID 4788,7046,"Neutral Demographic Mix, Partner Inclined",7047,"Diverse Demographics, Average Customer Base"
4789,numeric,Numeric: ID 4789,7045,"Younger, Fewer Partners, Gender Balanced",7048,"Younger, Single Customers: Engagement Focus"
4790,numeric,Numeric: ID 4790,7045,"Younger, Fewer Partners, Gender Balanced",7048,"Younger, Single Customers: Engagement Focus"
4791,numeric,Numeric: ID 4791,7046,"Neutral Demographic Mix, Partner Inclined",7047,"Diverse Demographics, Average Customer Base"
4792,numeric,Numeric: ID 4792,7046,"Neutral Demographic Mix, Partner Inclined",7047,"Diverse Demographics, Average Customer Base"
4793,numeric,Numeric: ID 4793,7046,"Neutral Demographic Mix, Partner Inclined",7047,"Diverse Demographics, Average Customer Base"
4794,numeric,Numeric: ID 4794,7044,"Balanced Demographics, Average Customer",7047,"Diverse Demographics, Average Customer Base"
4795,numeric,Numeric: ID 4795,7046,"Neutral Demographic Mix, Partner Inclined",7047,"Diverse Demographics, Average Customer Base"
4796,numeric,Numeric: ID 4796,7046,"Neutral Demographic Mix, Partner Inclined",7047,"Diverse Demographics, Average Customer Base"
4797,numeric,Numeric: ID 4797,7046,"Neutral Demographic Mix, Partner Inclined",7047,"Diverse Demographics, Average Customer Base"
4798,numeric,Numeric: ID 4798,7045,"Younger, Fewer Partners, Gender Balanced",7048,"Younger, Single Customers: Engagement Focus"
4799,numeric,Numeric: ID 4799,7046,"Neutral Demographic Mix, Partner Inclined",7047,"Diverse Demographics, Average Customer Base"
4800,numeric,Numeric: ID 4800,7045,"Younger, Fewer Partners, Gender Balanced",7048,"Younger, Single Customers: Engagement Focus"
4801,numeric,Numeric: ID 4801,7045,"Younger, Fewer Partners, Gender Balanced",7048,"Younger, Single Customers: Engagement Focus"
4802,numeric,Numeric: ID 4802,7046,"Neutral Demographic Mix, Partner Inclined",7047,"Diverse Demographics, Average Customer Base"
4803,numeric,Numeric: ID 4803,7046,"Neutral Demographic Mix, Partner Inclined",7047,"Diverse Demographics, Average Customer Base"
4804,numeric,Numeric: ID 4804,7046,"Neutral Demographic Mix, Partner Inclined",7047,"Diverse Demographics, Average Customer Base"
4805,numeric,Numeric: ID 4805,7044,"Balanced Demographics, Average Customer",7047,"Diverse Demographics, Average Customer Base"
4806,numeric,Numeric: ID 4806,7046,"Neutral Demographic Mix, Partner Inclined",7047,"Diverse Demographics, Average Customer Base"
4807,numeric,Numeric: ID 4807,7046,"Neutral Demographic Mix, Partner Inclined",7047,"Diverse Demographics, Average Customer Base"
4808,numeric,Numeric: ID 4808,7046,"Neutral Demographic Mix, Partner Inclined",7047,"Diverse Demographics, Average Customer Base"
4809,numeric,Numeric: ID 4809,7045,"Younger, Fewer Partners, Gender Balanced",7048,"Younger, Single Customers: Engagement Focus"
4810,numeric,Numeric: ID 4810,7046,"Neutral Demographic Mix, Partner Inclined",7047,"Diverse Demographics, Average Customer Base"
4811,numeric,Numeric: ID 4811,7046,"Neutral Demographic Mix, Partner Inclined",7047,"Diverse Demographics, Average Customer Base"
4812,numeric,Numeric: ID 4812,7046,"Neutral Demographic Mix, Partner Inclined",7047,"Diverse Demographics, Average Customer Base"
4813,numeric,Numeric: ID 4813,7046,"Neutral Demographic Mix, Partner Inclined",7047,"Diverse Demographics, Average Customer Base"
4814,numeric,Numeric: ID 4814,7046,"Neutral Demographic Mix, Partner Inclined",7047,"Diverse Demographics, Average Customer Base"
4815,numeric,Numeric: ID 4815,7045,"Younger, Fewer Partners, Gender Balanced",7048,"Younger, Single Customers: Engagement Focus"
4816,numeric,Numeric: ID 4816,7046,"Neutral Demographic Mix, Partner Inclined",7047,"Diverse Demographics, Average Customer Base"
4817,numeric,Numeric: ID 4817,7045,"Younger, Fewer Partners, Gender Balanced",7048,"Younger, Single Customers: Engagement Focus"
4818,numeric,Numeric: ID 4818,7045,"Younger, Fewer Partners, Gender Balanced",7048,"Younger, Single Customers: Engagement Focus"
4819,numeric,Numeric: ID 4819,7044,"Balanced Demographics, Average Customer",7047,"Diverse Demographics, Average Customer Base"
4820,numeric,Numeric: ID 4820,7046,"Neutral Demographic Mix, Partner Inclined",7047,"Diverse Demographics, Average Customer Base"
4821,numeric,Numeric: ID 4821,7045,"Younger, Fewer Partners, Gender Balanced",7048,"Younger, Single Customers: Engagement Focus"
4822,numeric,Numeric: ID 4822,7045,"Younger, Fewer Partners, Gender Balanced",7048,"Younger, Single Customers: Engagement Focus"
4823,numeric,Numeric: ID 4823,7046,"Neutral Demographic Mix, Partner Inclined",7047,"Diverse Demographics, Average Customer Base"
4824,numeric,Numeric: ID 4824,7046,"Neutral Demographic Mix, Partner Inclined",7047,"Diverse Demographics, Average Customer Base"
4825,numeric,Numeric: ID 4825,7046,"Neutral Demographic Mix, Partner Inclined",7047,"Diverse Demographics, Average Customer Base"
4826,numeric,Numeric: ID 4826,7046,"Neutral Demographic Mix, Partner Inclined",7047,"Diverse Demographics, Average Customer Base"
4827,numeric,Numeric: ID 4827,7046,"Neutral Demographic Mix, Partner Inclined",7047,"Diverse Demographics, Average Customer Base"
4828,numeric,Numeric: ID 4828,7046,"Neutral Demographic Mix, Partner Inclined",7047,"Diverse Demographics, Average Customer Base"
4829,numeric,Numeric: ID 4829,7044,"Balanced Demographics, Average Customer",7047,"Diverse Demographics, Average Customer Base"
4830,numeric,Numeric: ID 4830,7045,"Younger, Fewer Partners, Gender Balanced",7048,"Younger, Single Customers: Engagement Focus"
4831,numeric,Numeric: ID 4831,7045,"Younger, Fewer Partners, Gender Balanced",7048,"Younger, Single Customers: Engagement Focus"
4832,numeric,Numeric: ID 4832,7044,"Balanced Demographics, Average Customer",7047,"Diverse Demographics, Average Customer Base"
4833,numeric,Numeric: ID 4833,7046,"Neutral Demographic Mix, Partner Inclined",7047,"Diverse Demographics, Average Customer Base"
4834,numeric,Numeric: ID 4834,7046,"Neutral Demographic Mix, Partner Inclined",7047,"Diverse Demographics, Average Customer Base"
4835,numeric,Numeric: ID 4835,7044,"Balanced Demographics, Average Customer",7047,"Diverse Demographics, Average Customer Base"
4836,numeric,Numeric: ID 4836,7046,"Neutral Demographic Mix, Partner Inclined",7047,"Diverse Demographics, Average Customer Base"
4837,numeric,Numeric: ID 4837,7046,"Neutral Demographic Mix, Partner Inclined",7047,"Diverse Demographics, Average Customer Base"
4838,numeric,Numeric: ID 4838,7046,"Neutral Demographic Mix, Partner Inclined",7047,"Diverse Demographics, Average Customer Base"
4839,numeric,Numeric: ID 4839,7046,"Neutral Demographic Mix, Partner Inclined",7047,"Diverse Demographics, Average Customer Base"
4840,numeric,Numeric: ID 4840,7046,"Neutral Demographic Mix, Partner Inclined",7047,"Diverse Demographics, Average Customer Base"
4841,numeric,Numeric: ID 4841,7046,"Neutral Demographic Mix, Partner Inclined",7047,"Diverse Demographics, Average Customer Base"
4842,numeric,Numeric: ID 4842,7045,"Younger, Fewer Partners, Gender Balanced",7048,"Younger, Single Customers: Engagement Focus"
4843,numeric,Numeric: ID 4843,7045,"Younger, Fewer Partners, Gender Balanced",7048,"Younger, Single Customers: Engagement Focus"
4844,numeric,Numeric: ID 4844,7045,"Younger, Fewer Partners, Gender Balanced",7048,"Younger, Single Customers: Engagement Focus"
4845,numeric,Numeric: ID 4845,7046,"Neutral Demographic Mix, Partner Inclined",7047,"Diverse Demographics, Average Customer Base"
4846,numeric,Numeric: ID 4846,7044,"Balanced Demographics, Average Customer",7047,"Diverse Demographics, Average Customer Base"
4847,numeric,Numeric: ID 4847,7044,"Balanced Demographics, Average Customer",7047,"Diverse Demographics, Average Customer Base"
4848,numeric,Numeric: ID 4848,7046,"Neutral Demographic Mix, Partner Inclined",7047,"Diverse Demographics, Average Customer Base"
4849,numeric,Numeric: ID 4849,7044,"Balanced Demographics, Average Customer",7047,"Diverse Demographics, Average Customer Base"
4850,numeric,Numeric: ID 4850,7046,"Neutral Demographic Mix, Partner Inclined",7047,"Diverse Demographics, Average Customer Base"
4851,numeric,Numeric: ID 4851,7046,"Neutral Demographic Mix, Partner Inclined",7047,"Diverse Demographics, Average Customer Base"
4852,numeric,Numeric: ID 4852,7046,"Neutral Demographic Mix, Partner Inclined",7047,"Diverse Demographics, Average Customer Base"
4853,numeric,Numeric: ID 4853,7044,"Balanced Demographics, Average Customer",7047,"Diverse Demographics, Average Customer Base"
4854,numeric,Numeric: ID 4854,7046,"Neutral Demographic Mix, Partner Inclined",7047,"Diverse Demographics, Average Customer Base"
4855,numeric,Numeric: ID 4855,7046,"Neutral Demographic Mix, Partner Inclined",7047,"Diverse Demographics, Average Customer Base"
4856,numeric,Numeric: ID 4856,7046,"Neutral Demographic Mix, Partner Inclined",7047,"Diverse Demographics, Average Customer Base"
4857,numeric,Numeric: ID 4857,7046,"Neutral Demographic Mix, Partner Inclined",7047,"Diverse Demographics, Average Customer Base"
4858,numeric,Numeric: ID 4858,7044,"Balanced Demographics, Average Customer",7047,"Diverse Demographics, Average Customer Base"
4859,numeric,Numeric: ID 4859,7044,"Balanced Demographics, Average Customer",7047,"Diverse Demographics, Average Customer Base"
4860,numeric,Numeric: ID 4860,7045,"Younger, Fewer Partners, Gender Balanced",7048,"Younger, Single Customers: Engagement Focus"
4861,numeric,Numeric: ID 4861,7046,"Neutral Demographic Mix, Partner Inclined",7047,"Diverse Demographics, Average Customer Base"
4862,numeric,Numeric: ID 4862,7046,"Neutral Demographic Mix, Partner Inclined",7047,"Diverse Demographics, Average Customer Base"
4863,numeric,Numeric: ID 4863,7046,"Neutral Demographic Mix, Partner Inclined",7047,"Diverse Demographics, Average Customer Base"
4864,numeric,Numeric: ID 4864,7046,"Neutral Demographic Mix, Partner Inclined",7047,"Diverse Demographics, Average Customer Base"
4865,numeric,Numeric: ID 4865,7046,"Neutral Demographic Mix, Partner Inclined",7047,"Diverse Demographics, Average Customer Base"
4866,numeric,Numeric: ID 4866,7045,"Younger, Fewer Partners, Gender Balanced",7048,"Younger, Single Customers: Engagement Focus"
4867,numeric,Numeric: ID 4867,7046,"Neutral Demographic Mix, Partner Inclined",7047,"Diverse Demographics, Average Customer Base"
4868,numeric,Numeric: ID 4868,7046,"Neutral Demographic Mix, Partner Inclined",7047,"Diverse Demographics, Average Customer Base"
4869,numeric,Numeric: ID 4869,7044,"Balanced Demographics, Average Customer",7047,"Diverse Demographics, Average Customer Base"
4870,numeric,Numeric: ID 4870,7046,"Neutral Demographic Mix, Partner Inclined",7047,"Diverse Demographics, Average Customer Base"
4871,numeric,Numeric: ID 4871,7044,"Balanced Demographics, Average Customer",7047,"Diverse Demographics, Average Customer Base"
4872,numeric,Numeric: ID 4872,7046,"Neutral Demographic Mix, Partner Inclined",7047,"Diverse Demographics, Average Customer Base"
4873,numeric,Numeric: ID 4873,7046,"Neutral Demographic Mix, Partner Inclined",7047,"Diverse Demographics, Average Customer Base"
4874,numeric,Numeric: ID 4874,7046,"Neutral Demographic Mix, Partner Inclined",7047,"Diverse Demographics, Average Customer Base"
4875,numeric,Numeric: ID 4875,7045,"Younger, Fewer Partners, Gender Balanced",7048,"Younger, Single Customers: Engagement Focus"
4876,numeric,Numeric: ID 4876,7044,"Balanced Demographics, Average Customer",7047,"Diverse Demographics, Average Customer Base"
4877,numeric,Numeric: ID 4877,7046,"Neutral Demographic Mix, Partner Inclined",7047,"Diverse Demographics, Average Customer Base"
4878,numeric,Numeric: ID 4878,7045,"Younger, Fewer Partners, Gender Balanced",7048,"Younger, Single Customers: Engagement Focus"
4879,numeric,Numeric: ID 4879,7046,"Neutral Demographic Mix, Partner Inclined",7047,"Diverse Demographics, Average Customer Base"
4880,numeric,Numeric: ID 4880,7046,"Neutral Demographic Mix, Partner Inclined",7047,"Diverse Demographics, Average Customer Base"
4881,numeric,Numeric: ID 4881,7045,"Younger, Fewer Partners, Gender Balanced",7048,"Younger, Single Customers: Engagement Focus"
4882,numeric,Numeric: ID 4882,7046,"Neutral Demographic Mix, Partner Inclined",7047,"Diverse Demographics, Average Customer Base"
4883,numeric,Numeric: ID 4883,7046,"Neutral Demographic Mix, Partner Inclined",7047,"Diverse Demographics, Average Customer Base"
4884,numeric,Numeric: ID 4884,7046,"Neutral Demographic Mix, Partner Inclined",7047,"Diverse Demographics, Average Customer Base"
4885,numeric,Numeric: ID 4885,7046,"Neutral Demographic Mix, Partner Inclined",7047,"Diverse Demographics, Average Customer Base"
4886,numeric,Numeric: ID 4886,7046,"Neutral Demographic Mix, Partner Inclined",7047,"Diverse Demographics, Average Customer Base"
4887,numeric,Numeric: ID 4887,7044,"Balanced Demographics, Average Customer",7047,"Diverse Demographics, Average Customer Base"
4888,numeric,Numeric: ID 4888,7045,"Younger, Fewer Partners, Gender Balanced",7048,"Younger, Single Customers: Engagement Focus"
4889,numeric,Numeric: ID 4889,7046,"Neutral Demographic Mix, Partner Inclined",7047,"Diverse Demographics, Average Customer Base"
4890,numeric,Numeric: ID 4890,7046,"Neutral Demographic Mix, Partner Inclined",7047,"Diverse Demographics, Average Customer Base"
4891,numeric,Numeric: ID 4891,7046,"Neutral Demographic Mix, Partner Inclined",7047,"Diverse Demographics, Average Customer Base"
4892,numeric,Numeric: ID 4892,7046,"Neutral Demographic Mix, Partner Inclined",7047,"Diverse Demographics, Average Customer Base"
4893,numeric,Numeric: ID 4893,7046,"Neutral Demographic Mix, Partner Inclined",7047,"Diverse Demographics, Average Customer Base"
4894,numeric,Numeric: ID 4894,7046,"Neutral Demographic Mix, Partner Inclined",7047,"Diverse Demographics, Average Customer Base"
4895,numeric,Numeric: ID 4895,7045,"Younger, Fewer Partners, Gender Balanced",7048,"Younger, Single Customers: Engagement Focus"
4896,numeric,Numeric: ID 4896,7046,"Neutral Demographic Mix, Partner Inclined",7047,"Diverse Demographics, Average Customer Base"
4897,numeric,Numeric: ID 4897,7046,"Neutral Demographic Mix, Partner Inclined",7047,"Diverse Demographics, Average Customer Base"
4898,numeric,Numeric: ID 4898,7046,"Neutral Demographic Mix, Partner Inclined",7047,"Diverse Demographics, Average Customer Base"
4899,numeric,Numeric: ID 4899,7045,"Younger, Fewer Partners, Gender Balanced",7048,"Younger, Single Customers: Engagement Focus"
4900,numeric,Numeric: ID 4900,7045,"Younger, Fewer Partners, Gender Balanced",7048,"Younger, Single Customers: Engagement Focus"
4901,numeric,Numeric: ID 4901,7046,"Neutral Demographic Mix, Partner Inclined",7047,"Diverse Demographics, Average Customer Base"
4902,numeric,Numeric: ID 4902,7045,"Younger, Fewer Partners, Gender Balanced",7048,"Younger, Single Customers: Engagement Focus"
4903,numeric,Numeric: ID 4903,7046,"Neutral Demographic Mix, Partner Inclined",7047,"Diverse Demographics, Average Customer Base"
4904,numeric,Numeric: ID 4904,7046,"Neutral Demographic Mix, Partner Inclined",7047,"Diverse Demographics, Average Customer Base"
4905,numeric,Numeric: ID 4905,7045,"Younger, Fewer Partners, Gender Balanced",7048,"Younger, Single Customers: Engagement Focus"
4906,numeric,Numeric: ID 4906,7046,"Neutral Demographic Mix, Partner Inclined",7047,"Diverse Demographics, Average Customer Base"
4907,numeric,Numeric: ID 4907,7046,"Neutral Demographic Mix, Partner Inclined",7047,"Diverse Demographics, Average Customer Base"
4908,numeric,Numeric: ID 4908,7046,"Neutral Demographic Mix, Partner Inclined",7047,"Diverse Demographics, Average Customer Base"
4909,numeric,Numeric: ID 4909,7046,"Neutral Demographic Mix, Partner Inclined",7047,"Diverse Demographics, Average Customer Base"
4910,numeric,Numeric: ID 4910,7046,"Neutral Demographic Mix, Partner Inclined",7047,"Diverse Demographics, Average Customer Base"
4911,numeric,Numeric: ID 4911,7045,"Younger, Fewer Partners, Gender Balanced",7048,"Younger, Single Customers: Engagement Focus"
4912,numeric,Numeric: ID 4912,7045,"Younger, Fewer Partners, Gender Balanced",7048,"Younger, Single Customers: Engagement Focus"
4913,numeric,Numeric: ID 4913,7046,"Neutral Demographic Mix, Partner Inclined",7047,"Diverse Demographics, Average Customer Base"
4914,numeric,Numeric: ID 4914,7044,"Balanced Demographics, Average Customer",7047,"Diverse Demographics, Average Customer Base"
4915,numeric,Numeric: ID 4915,7046,"Neutral Demographic Mix, Partner Inclined",7047,"Diverse Demographics, Average Customer Base"
4916,numeric,Numeric: ID 4916,7046,"Neutral Demographic Mix, Partner Inclined",7047,"Diverse Demographics, Average Customer Base"
4917,numeric,Numeric: ID 4917,7046,"Neutral Demographic Mix, Partner Inclined",7047,"Diverse Demographics, Average Customer Base"
4918,numeric,Numeric: ID 4918,7045,"Younger, Fewer Partners, Gender Balanced",7048,"Younger, Single Customers: Engagement Focus"
4919,numeric,Numeric: ID 4919,7045,"Younger, Fewer Partners, Gender Balanced",7048,"Younger, Single Customers: Engagement Focus"
4920,numeric,Numeric: ID 4920,7046,"Neutral Demographic Mix, Partner Inclined",7047,"Diverse Demographics, Average Customer Base"
4921,numeric,Numeric: ID 4921,7044,"Balanced Demographics, Average Customer",7047,"Diverse Demographics, Average Customer Base"
4922,numeric,Numeric: ID 4922,7046,"Neutral Demographic Mix, Partner Inclined",7047,"Diverse Demographics, Average Customer Base"
4923,numeric,Numeric: ID 4923,7046,"Neutral Demographic Mix, Partner Inclined",7047,"Diverse Demographics, Average Customer Base"
4924,numeric,Numeric: ID 4924,7046,"Neutral Demographic Mix, Partner Inclined",7047,"Diverse Demographics, Average Customer Base"
4925,numeric,Numeric: ID 4925,7045,"Younger, Fewer Partners, Gender Balanced",7048,"Younger, Single Customers: Engagement Focus"
4926,numeric,Numeric: ID 4926,7045,"Younger, Fewer Partners, Gender Balanced",7048,"Younger, Single Customers: Engagement Focus"
4927,numeric,Numeric: ID 4927,7046,"Neutral Demographic Mix, Partner Inclined",7047,"Diverse Demographics, Average Customer Base"
4928,numeric,Numeric: ID 4928,7044,"Balanced Demographics, Average Customer",7047,"Diverse Demographics, Average Customer Base"
4929,numeric,Numeric: ID 4929,7046,"Neutral Demographic Mix, Partner Inclined",7047,"Diverse Demographics, Average Customer Base"
4930,numeric,Numeric: ID 4930,7045,"Younger, Fewer Partners, Gender Balanced",7048,"Younger, Single Customers: Engagement Focus"
4931,numeric,Numeric: ID 4931,7046,"Neutral Demographic Mix, Partner Inclined",7047,"Diverse Demographics, Average Customer Base"
4932,numeric,Numeric: ID 4932,7045,"Younger, Fewer Partners, Gender Balanced",7048,"Younger, Single Customers: Engagement Focus"
4933,numeric,Numeric: ID 4933,7046,"Neutral Demographic Mix, Partner Inclined",7047,"Diverse Demographics, Average Customer Base"
4934,numeric,Numeric: ID 4934,7045,"Younger, Fewer Partners, Gender Balanced",7048,"Younger, Single Customers: Engagement Focus"
4935,numeric,Numeric: ID 4935,7046,"Neutral Demographic Mix, Partner Inclined",7047,"Diverse Demographics, Average Customer Base"
4936,numeric,Numeric: ID 4936,7046,"Neutral Demographic Mix, Partner Inclined",7047,"Diverse Demographics, Average Customer Base"
4937,numeric,Numeric: ID 4937,7046,"Neutral Demographic Mix, Partner Inclined",7047,"Diverse Demographics, Average Customer Base"
4938,numeric,Numeric: ID 4938,7044,"Balanced Demographics, Average Customer",7047,"Diverse Demographics, Average Customer Base"
4939,numeric,Numeric: ID 4939,7046,"Neutral Demographic Mix, Partner Inclined",7047,"Diverse Demographics, Average Customer Base"
4940,numeric,Numeric: ID 4940,7046,"Neutral Demographic Mix, Partner Inclined",7047,"Diverse Demographics, Average Customer Base"
4941,numeric,Numeric: ID 4941,7046,"Neutral Demographic Mix, Partner Inclined",7047,"Diverse Demographics, Average Customer Base"
4942,numeric,Numeric: ID 4942,7045,"Younger, Fewer Partners, Gender Balanced",7048,"Younger, Single Customers: Engagement Focus"
4943,numeric,Numeric: ID 4943,7046,"Neutral Demographic Mix, Partner Inclined",7047,"Diverse Demographics, Average Customer Base"
4944,numeric,Numeric: ID 4944,7044,"Balanced Demographics, Average Customer",7047,"Diverse Demographics, Average Customer Base"
4945,numeric,Numeric: ID 4945,7046,"Neutral Demographic Mix, Partner Inclined",7047,"Diverse Demographics, Average Customer Base"
4946,numeric,Numeric: ID 4946,7045,"Younger, Fewer Partners, Gender Balanced",7048,"Younger, Single Customers: Engagement Focus"
4947,numeric,Numeric: ID 4947,7046,"Neutral Demographic Mix, Partner Inclined",7047,"Diverse Demographics, Average Customer Base"
4948,numeric,Numeric: ID 4948,7045,"Younger, Fewer Partners, Gender Balanced",7048,"Younger, Single Customers: Engagement Focus"
4949,numeric,Numeric: ID 4949,7045,"Younger, Fewer Partners, Gender Balanced",7048,"Younger, Single Customers: Engagement Focus"
4950,numeric,Numeric: ID 4950,7046,"Neutral Demographic Mix, Partner Inclined",7047,"Diverse Demographics, Average Customer Base"
4951,numeric,Numeric: ID 4951,7044,"Balanced Demographics, Average Customer",7047,"Diverse Demographics, Average Customer Base"
4952,numeric,Numeric: ID 4952,7046,"Neutral Demographic Mix, Partner Inclined",7047,"Diverse Demographics, Average Customer Base"
4953,numeric,Numeric: ID 4953,7046,"Neutral Demographic Mix, Partner Inclined",7047,"Diverse Demographics, Average Customer Base"
4954,numeric,Numeric: ID 4954,7044,"Balanced Demographics, Average Customer",7047,"Diverse Demographics, Average Customer Base"
4955,numeric,Numeric: ID 4955,7045,"Younger, Fewer Partners, Gender Balanced",7048,"Younger, Single Customers: Engagement Focus"
4956,numeric,Numeric: ID 4956,7046,"Neutral Demographic Mix, Partner Inclined",7047,"Diverse Demographics, Average Customer Base"
4957,numeric,Numeric: ID 4957,7045,"Younger, Fewer Partners, Gender Balanced",7048,"Younger, Single Customers: Engagement Focus"
4958,numeric,Numeric: ID 4958,7046,"Neutral Demographic Mix, Partner Inclined",7047,"Diverse Demographics, Average Customer Base"
4959,numeric,Numeric: ID 4959,7046,"Neutral Demographic Mix, Partner Inclined",7047,"Diverse Demographics, Average Customer Base"
4960,numeric,Numeric: ID 4960,7045,"Younger, Fewer Partners, Gender Balanced",7048,"Younger, Single Customers: Engagement Focus"
4961,numeric,Numeric: ID 4961,7045,"Younger, Fewer Partners, Gender Balanced",7048,"Younger, Single Customers: Engagement Focus"
4962,numeric,Numeric: ID 4962,7045,"Younger, Fewer Partners, Gender Balanced",7048,"Younger, Single Customers: Engagement Focus"
4963,numeric,Numeric: ID 4963,7046,"Neutral Demographic Mix, Partner Inclined",7047,"Diverse Demographics, Average Customer Base"
4964,numeric,Numeric: ID 4964,7045,"Younger, Fewer Partners, Gender Balanced",7048,"Younger, Single Customers: Engagement Focus"
4965,numeric,Numeric: ID 4965,7046,"Neutral Demographic Mix, Partner Inclined",7047,"Diverse Demographics, Average Customer Base"
4966,numeric,Numeric: ID 4966,7045,"Younger, Fewer Partners, Gender Balanced",7048,"Younger, Single Customers: Engagement Focus"
4967,numeric,Numeric: ID 4967,7044,"Balanced Demographics, Average Customer",7047,"Diverse Demographics, Average Customer Base"
4968,numeric,Numeric: ID 4968,7045,"Younger, Fewer Partners, Gender Balanced",7048,"Younger, Single Customers: Engagement Focus"
4969,numeric,Numeric: ID 4969,7045,"Younger, Fewer Partners, Gender Balanced",7048,"Younger, Single Customers: Engagement Focus"
4970,numeric,Numeric: ID 4970,7045,"Younger, Fewer Partners, Gender Balanced",7048,"Younger, Single Customers: Engagement Focus"
4971,numeric,Numeric: ID 4971,7046,"Neutral Demographic Mix, Partner Inclined",7047,"Diverse Demographics, Average Customer Base"
4972,numeric,Numeric: ID 4972,7046,"Neutral Demographic Mix, Partner Inclined",7047,"Diverse Demographics, Average Customer Base"
4973,numeric,Numeric: ID 4973,7046,"Neutral Demographic Mix, Partner Inclined",7047,"Diverse Demographics, Average Customer Base"
4974,numeric,Numeric: ID 4974,7044,"Balanced Demographics, Average Customer",7047,"Diverse Demographics, Average Customer Base"
4975,numeric,Numeric: ID 4975,7044,"Balanced Demographics, Average Customer",7047,"Diverse Demographics, Average Customer Base"
4976,numeric,Numeric: ID 4976,7046,"Neutral Demographic Mix, Partner Inclined",7047,"Diverse Demographics, Average Customer Base"
4977,numeric,Numeric: ID 4977,7046,"Neutral Demographic Mix, Partner Inclined",7047,"Diverse Demographics, Average Customer Base"
4978,numeric,Numeric: ID 4978,7046,"Neutral Demographic Mix, Partner Inclined",7047,"Diverse Demographics, Average Customer Base"
4979,numeric,Numeric: ID 4979,7046,"Neutral Demographic Mix, Partner Inclined",7047,"Diverse Demographics, Average Customer Base"
4980,numeric,Numeric: ID 4980,7046,"Neutral Demographic Mix, Partner Inclined",7047,"Diverse Demographics, Average Customer Base"
4981,numeric,Numeric: ID 4981,7045,"Younger, Fewer Partners, Gender Balanced",7048,"Younger, Single Customers: Engagement Focus"
4982,numeric,Numeric: ID 4982,7046,"Neutral Demographic Mix, Partner Inclined",7047,"Diverse Demographics, Average Customer Base"
4983,numeric,Numeric: ID 4983,7045,"Younger, Fewer Partners, Gender Balanced",7048,"Younger, Single Customers: Engagement Focus"
4984,numeric,Numeric: ID 4984,7045,"Younger, Fewer Partners, Gender Balanced",7048,"Younger, Single Customers: Engagement Focus"
4985,numeric,Numeric: ID 4985,7046,"Neutral Demographic Mix, Partner Inclined",7047,"Diverse Demographics, Average Customer Base"
4986,numeric,Numeric: ID 4986,7046,"Neutral Demographic Mix, Partner Inclined",7047,"Diverse Demographics, Average Customer Base"
4987,numeric,Numeric: ID 4987,7045,"Younger, Fewer Partners, Gender Balanced",7048,"Younger, Single Customers: Engagement Focus"
4988,numeric,Numeric: ID 4988,7045,"Younger, Fewer Partners, Gender Balanced",7048,"Younger, Single Customers: Engagement Focus"
4989,numeric,Numeric: ID 4989,7046,"Neutral Demographic Mix, Partner Inclined",7047,"Diverse Demographics, Average Customer Base"
4990,numeric,Numeric: ID 4990,7046,"Neutral Demographic Mix, Partner Inclined",7047,"Diverse Demographics, Average Customer Base"
4991,numeric,Numeric: ID 4991,7046,"Neutral Demographic Mix, Partner Inclined",7047,"Diverse Demographics, Average Customer Base"
4992,numeric,Numeric: ID 4992,7044,"Balanced Demographics, Average Customer",7047,"Diverse Demographics, Average Customer Base"
4993,numeric,Numeric: ID 4993,7045,"Younger, Fewer Partners, Gender Balanced",7048,"Younger, Single Customers: Engagement Focus"
4994,numeric,Numeric: ID 4994,7046,"Neutral Demographic Mix, Partner Inclined",7047,"Diverse Demographics, Average Customer Base"
4995,numeric,Numeric: ID 4995,7045,"Younger, Fewer Partners, Gender Balanced",7048,"Younger, Single Customers: Engagement Focus"
4996,numeric,Numeric: ID 4996,7045,"Younger, Fewer Partners, Gender Balanced",7048,"Younger, Single Customers: Engagement Focus"
4997,numeric,Numeric: ID 4997,7044,"Balanced Demographics, Average Customer",7047,"Diverse Demographics, Average Customer Base"
4998,numeric,Numeric: ID 4998,7045,"Younger, Fewer Partners, Gender Balanced",7048,"Younger, Single Customers: Engagement Focus"
4999,numeric,Numeric: ID 4999,7046,"Neutral Demographic Mix, Partner Inclined",7047,"Diverse Demographics, Average Customer Base"
5000,numeric,Numeric: ID 5000,7045,"Younger, Fewer Partners, Gender Balanced",7048,"Younger, Single Customers: Engagement Focus"
5001,numeric,Numeric: ID 5001,7045,"Younger, Fewer Partners, Gender Balanced",7048,"Younger, Single Customers: Engagement Focus"
5002,numeric,Numeric: ID 5002,7046,"Neutral Demographic Mix, Partner Inclined",7047,"Diverse Demographics, Average Customer Base"
5003,numeric,Numeric: ID 5003,7046,"Neutral Demographic Mix, Partner Inclined",7047,"Diverse Demographics, Average Customer Base"
5004,numeric,Numeric: ID 5004,7046,"Neutral Demographic Mix, Partner Inclined",7047,"Diverse Demographics, Average Customer Base"
5005,numeric,Numeric: ID 5005,7046,"Neutral Demographic Mix, Partner Inclined",7047,"Diverse Demographics, Average Customer Base"
5006,numeric,Numeric: ID 5006,7046,"Neutral Demographic Mix, Partner Inclined",7047,"Diverse Demographics, Average Customer Base"
5007,numeric,Numeric: ID 5007,7044,"Balanced Demographics, Average Customer",7047,"Diverse Demographics, Average Customer Base"
5008,numeric,Numeric: ID 5008,7046,"Neutral Demographic Mix, Partner Inclined",7047,"Diverse Demographics, Average Customer Base"
5009,numeric,Numeric: ID 5009,7046,"Neutral Demographic Mix, Partner Inclined",7047,"Diverse Demographics, Average Customer Base"
5010,numeric,Numeric: ID 5010,7045,"Younger, Fewer Partners, Gender Balanced",7048,"Younger, Single Customers: Engagement Focus"
5011,numeric,Numeric: ID 5011,7046,"Neutral Demographic Mix, Partner Inclined",7047,"Diverse Demographics, Average Customer Base"
5012,numeric,Numeric: ID 5012,7046,"Neutral Demographic Mix, Partner Inclined",7047,"Diverse Demographics, Average Customer Base"
5013,numeric,Numeric: ID 5013,7046,"Neutral Demographic Mix, Partner Inclined",7047,"Diverse Demographics, Average Customer Base"
5014,numeric,Numeric: ID 5014,7046,"Neutral Demographic Mix, Partner Inclined",7047,"Diverse Demographics, Average Customer Base"
5015,numeric,Numeric: ID 5015,7046,"Neutral Demographic Mix, Partner Inclined",7047,"Diverse Demographics, Average Customer Base"
5016,numeric,Numeric: ID 5016,7046,"Neutral Demographic Mix, Partner Inclined",7047,"Diverse Demographics, Average Customer Base"
5017,numeric,Numeric: ID 5017,7046,"Neutral Demographic Mix, Partner Inclined",7047,"Diverse Demographics, Average Customer Base"
5018,numeric,Numeric: ID 5018,7046,"Neutral Demographic Mix, Partner Inclined",7047,"Diverse Demographics, Average Customer Base"
5019,numeric,Numeric: ID 5019,7045,"Younger, Fewer Partners, Gender Balanced",7048,"Younger, Single Customers: Engagement Focus"
5020,numeric,Numeric: ID 5020,7045,"Younger, Fewer Partners, Gender Balanced",7048,"Younger, Single Customers: Engagement Focus"
5021,numeric,Numeric: ID 5021,7045,"Younger, Fewer Partners, Gender Balanced",7048,"Younger, Single Customers: Engagement Focus"
5022,numeric,Numeric: ID 5022,7045,"Younger, Fewer Partners, Gender Balanced",7048,"Younger, Single Customers: Engagement Focus"
5023,numeric,Numeric: ID 5023,7046,"Neutral Demographic Mix, Partner Inclined",7047,"Diverse Demographics, Average Customer Base"
5024,numeric,Numeric: ID 5024,7045,"Younger, Fewer Partners, Gender Balanced",7048,"Younger, Single Customers: Engagement Focus"
5025,numeric,Numeric: ID 5025,7045,"Younger, Fewer Partners, Gender Balanced",7048,"Younger, Single Customers: Engagement Focus"
5026,numeric,Numeric: ID 5026,7044,"Balanced Demographics, Average Customer",7047,"Diverse Demographics, Average Customer Base"
5027,numeric,Numeric: ID 5027,7046,"Neutral Demographic Mix, Partner Inclined",7047,"Diverse Demographics, Average Customer Base"
5028,numeric,Numeric: ID 5028,7046,"Neutral Demographic Mix, Partner Inclined",7047,"Diverse Demographics, Average Customer Base"
5029,numeric,Numeric: ID 5029,7046,"Neutral Demographic Mix, Partner Inclined",7047,"Diverse Demographics, Average Customer Base"
5030,numeric,Numeric: ID 5030,7046,"Neutral Demographic Mix, Partner Inclined",7047,"Diverse Demographics, Average Customer Base"
5031,numeric,Numeric: ID 5031,7046,"Neutral Demographic Mix, Partner Inclined",7047,"Diverse Demographics, Average Customer Base"
5032,numeric,Numeric: ID 5032,7045,"Younger, Fewer Partners, Gender Balanced",7048,"Younger, Single Customers: Engagement Focus"
5033,numeric,Numeric: ID 5033,7046,"Neutral Demographic Mix, Partner Inclined",7047,"Diverse Demographics, Average Customer Base"
5034,numeric,Numeric: ID 5034,7046,"Neutral Demographic Mix, Partner Inclined",7047,"Diverse Demographics, Average Customer Base"
5035,numeric,Numeric: ID 5035,7046,"Neutral Demographic Mix, Partner Inclined",7047,"Diverse Demographics, Average Customer Base"
5036,numeric,Numeric: ID 5036,7046,"Neutral Demographic Mix, Partner Inclined",7047,"Diverse Demographics, Average Customer Base"
5037,numeric,Numeric: ID 5037,7046,"Neutral Demographic Mix, Partner Inclined",7047,"Diverse Demographics, Average Customer Base"
5038,numeric,Numeric: ID 5038,7046,"Neutral Demographic Mix, Partner Inclined",7047,"Diverse Demographics, Average Customer Base"
5039,numeric,Numeric: ID 5039,7045,"Younger, Fewer Partners, Gender Balanced",7048,"Younger, Single Customers: Engagement Focus"
5040,numeric,Numeric: ID 5040,7045,"Younger, Fewer Partners, Gender Balanced",7048,"Younger, Single Customers: Engagement Focus"
5041,numeric,Numeric: ID 5041,7046,"Neutral Demographic Mix, Partner Inclined",7047,"Diverse Demographics, Average Customer Base"
5042,numeric,Numeric: ID 5042,7045,"Younger, Fewer Partners, Gender Balanced",7048,"Younger, Single Customers: Engagement Focus"
5043,numeric,Numeric: ID 5043,7045,"Younger, Fewer Partners, Gender Balanced",7048,"Younger, Single Customers: Engagement Focus"
5044,numeric,Numeric: ID 5044,7045,"Younger, Fewer Partners, Gender Balanced",7048,"Younger, Single Customers: Engagement Focus"
5045,numeric,Numeric: ID 5045,7046,"Neutral Demographic Mix, Partner Inclined",7047,"Diverse Demographics, Average Customer Base"
5046,numeric,Numeric: ID 5046,7046,"Neutral Demographic Mix, Partner Inclined",7047,"Diverse Demographics, Average Customer Base"
5047,numeric,Numeric: ID 5047,7044,"Balanced Demographics, Average Customer",7047,"Diverse Demographics, Average Customer Base"
5048,numeric,Numeric: ID 5048,7044,"Balanced Demographics, Average Customer",7047,"Diverse Demographics, Average Customer Base"
5049,numeric,Numeric: ID 5049,7046,"Neutral Demographic Mix, Partner Inclined",7047,"Diverse Demographics, Average Customer Base"
5050,numeric,Numeric: ID 5050,7046,"Neutral Demographic Mix, Partner Inclined",7047,"Diverse Demographics, Average Customer Base"
5051,numeric,Numeric: ID 5051,7046,"Neutral Demographic Mix, Partner Inclined",7047,"Diverse Demographics, Average Customer Base"
5052,numeric,Numeric: ID 5052,7045,"Younger, Fewer Partners, Gender Balanced",7048,"Younger, Single Customers: Engagement Focus"
5053,numeric,Numeric: ID 5053,7046,"Neutral Demographic Mix, Partner Inclined",7047,"Diverse Demographics, Average Customer Base"
5054,numeric,Numeric: ID 5054,7046,"Neutral Demographic Mix, Partner Inclined",7047,"Diverse Demographics, Average Customer Base"
5055,numeric,Numeric: ID 5055,7045,"Younger, Fewer Partners, Gender Balanced",7048,"Younger, Single Customers: Engagement Focus"
5056,numeric,Numeric: ID 5056,7046,"Neutral Demographic Mix, Partner Inclined",7047,"Diverse Demographics, Average Customer Base"
5057,numeric,Numeric: ID 5057,7046,"Neutral Demographic Mix, Partner Inclined",7047,"Diverse Demographics, Average Customer Base"
5058,numeric,Numeric: ID 5058,7046,"Neutral Demographic Mix, Partner Inclined",7047,"Diverse Demographics, Average Customer Base"
5059,numeric,Numeric: ID 5059,7045,"Younger, Fewer Partners, Gender Balanced",7048,"Younger, Single Customers: Engagement Focus"
5060,numeric,Numeric: ID 5060,7046,"Neutral Demographic Mix, Partner Inclined",7047,"Diverse Demographics, Average Customer Base"
5061,numeric,Numeric: ID 5061,7046,"Neutral Demographic Mix, Partner Inclined",7047,"Diverse Demographics, Average Customer Base"
5062,numeric,Numeric: ID 5062,7045,"Younger, Fewer Partners, Gender Balanced",7048,"Younger, Single Customers: Engagement Focus"
5063,numeric,Numeric: ID 5063,7046,"Neutral Demographic Mix, Partner Inclined",7047,"Diverse Demographics, Average Customer Base"
5064,numeric,Numeric: ID 5064,7046,"Neutral Demographic Mix, Partner Inclined",7047,"Diverse Demographics, Average Customer Base"
5065,numeric,Numeric: ID 5065,7046,"Neutral Demographic Mix, Partner Inclined",7047,"Diverse Demographics, Average Customer Base"
5066,numeric,Numeric: ID 5066,7046,"Neutral Demographic Mix, Partner Inclined",7047,"Diverse Demographics, Average Customer Base"
5067,numeric,Numeric: ID 5067,7046,"Neutral Demographic Mix, Partner Inclined",7047,"Diverse Demographics, Average Customer Base"
5068,numeric,Numeric: ID 5068,7046,"Neutral Demographic Mix, Partner Inclined",7047,"Diverse Demographics, Average Customer Base"
5069,numeric,Numeric: ID 5069,7044,"Balanced Demographics, Average Customer",7047,"Diverse Demographics, Average Customer Base"
5070,numeric,Numeric: ID 5070,7046,"Neutral Demographic Mix, Partner Inclined",7047,"Diverse Demographics, Average Customer Base"
5071,numeric,Numeric: ID 5071,7046,"Neutral Demographic Mix, Partner Inclined",7047,"Diverse Demographics, Average Customer Base"
5072,numeric,Numeric: ID 5072,7046,"Neutral Demographic Mix, Partner Inclined",7047,"Diverse Demographics, Average Customer Base"
5073,numeric,Numeric: ID 5073,7046,"Neutral Demographic Mix, Partner Inclined",7047,"Diverse Demographics, Average Customer Base"
5074,numeric,Numeric: ID 5074,7045,"Younger, Fewer Partners, Gender Balanced",7048,"Younger, Single Customers: Engagement Focus"
5075,numeric,Numeric: ID 5075,7046,"Neutral Demographic Mix, Partner Inclined",7047,"Diverse Demographics, Average Customer Base"
5076,numeric,Numeric: ID 5076,7046,"Neutral Demographic Mix, Partner Inclined",7047,"Diverse Demographics, Average Customer Base"
5077,numeric,Numeric: ID 5077,7046,"Neutral Demographic Mix, Partner Inclined",7047,"Diverse Demographics, Average Customer Base"
5078,numeric,Numeric: ID 5078,7045,"Younger, Fewer Partners, Gender Balanced",7048,"Younger, Single Customers: Engagement Focus"
5079,numeric,Numeric: ID 5079,7046,"Neutral Demographic Mix, Partner Inclined",7047,"Diverse Demographics, Average Customer Base"
5080,numeric,Numeric: ID 5080,7045,"Younger, Fewer Partners, Gender Balanced",7048,"Younger, Single Customers: Engagement Focus"
5081,numeric,Numeric: ID 5081,7046,"Neutral Demographic Mix, Partner Inclined",7047,"Diverse Demographics, Average Customer Base"
5082,numeric,Numeric: ID 5082,7045,"Younger, Fewer Partners, Gender Balanced",7048,"Younger, Single Customers: Engagement Focus"
5083,numeric,Numeric: ID 5083,7045,"Younger, Fewer Partners, Gender Balanced",7048,"Younger, Single Customers: Engagement Focus"
5084,numeric,Numeric: ID 5084,7046,"Neutral Demographic Mix, Partner Inclined",7047,"Diverse Demographics, Average Customer Base"
5085,numeric,Numeric: ID 5085,7046,"Neutral Demographic Mix, Partner Inclined",7047,"Diverse Demographics, Average Customer Base"
5086,numeric,Numeric: ID 5086,7046,"Neutral Demographic Mix, Partner Inclined",7047,"Diverse Demographics, Average Customer Base"
5087,numeric,Numeric: ID 5087,7046,"Neutral Demographic Mix, Partner Inclined",7047,"Diverse Demographics, Average Customer Base"
5088,numeric,Numeric: ID 5088,7045,"Younger, Fewer Partners, Gender Balanced",7048,"Younger, Single Customers: Engagement Focus"
5089,numeric,Numeric: ID 5089,7046,"Neutral Demographic Mix, Partner Inclined",7047,"Diverse Demographics, Average Customer Base"
5090,numeric,Numeric: ID 5090,7046,"Neutral Demographic Mix, Partner Inclined",7047,"Diverse Demographics, Average Customer Base"
5091,numeric,Numeric: ID 5091,7046,"Neutral Demographic Mix, Partner Inclined",7047,"Diverse Demographics, Average Customer Base"
5092,numeric,Numeric: ID 5092,7046,"Neutral Demographic Mix, Partner Inclined",7047,"Diverse Demographics, Average Customer Base"
5093,numeric,Numeric: ID 5093,7046,"Neutral Demographic Mix, Partner Inclined",7047,"Diverse Demographics, Average Customer Base"
5094,numeric,Numeric: ID 5094,7046,"Neutral Demographic Mix, Partner Inclined",7047,"Diverse Demographics, Average Customer Base"
5095,numeric,Numeric: ID 5095,7045,"Younger, Fewer Partners, Gender Balanced",7048,"Younger, Single Customers: Engagement Focus"
5096,numeric,Numeric: ID 5096,7045,"Younger, Fewer Partners, Gender Balanced",7048,"Younger, Single Customers: Engagement Focus"
5097,numeric,Numeric: ID 5097,7045,"Younger, Fewer Partners, Gender Balanced",7048,"Younger, Single Customers: Engagement Focus"
5098,numeric,Numeric: ID 5098,7045,"Younger, Fewer Partners, Gender Balanced",7048,"Younger, Single Customers: Engagement Focus"
5099,numeric,Numeric: ID 5099,7046,"Neutral Demographic Mix, Partner Inclined",7047,"Diverse Demographics, Average Customer Base"
5100,numeric,Numeric: ID 5100,7046,"Neutral Demographic Mix, Partner Inclined",7047,"Diverse Demographics, Average Customer Base"
5101,numeric,Numeric: ID 5101,7046,"Neutral Demographic Mix, Partner Inclined",7047,"Diverse Demographics, Average Customer Base"
5102,numeric,Numeric: ID 5102,7045,"Younger, Fewer Partners, Gender Balanced",7048,"Younger, Single Customers: Engagement Focus"
5103,numeric,Numeric: ID 5103,7046,"Neutral Demographic Mix, Partner Inclined",7047,"Diverse Demographics, Average Customer Base"
5104,numeric,Numeric: ID 5104,7045,"Younger, Fewer Partners, Gender Balanced",7048,"Younger, Single Customers: Engagement Focus"
5105,numeric,Numeric: ID 5105,7046,"Neutral Demographic Mix, Partner Inclined",7047,"Diverse Demographics, Average Customer Base"
5106,numeric,Numeric: ID 5106,7046,"Neutral Demographic Mix, Partner Inclined",7047,"Diverse Demographics, Average Customer Base"
5107,numeric,Numeric: ID 5107,7045,"Younger, Fewer Partners, Gender Balanced",7048,"Younger, Single Customers: Engagement Focus"
5108,numeric,Numeric: ID 5108,7045,"Younger, Fewer Partners, Gender Balanced",7048,"Younger, Single Customers: Engagement Focus"
5109,numeric,Numeric: ID 5109,7045,"Younger, Fewer Partners, Gender Balanced",7048,"Younger, Single Customers: Engagement Focus"
5110,numeric,Numeric: ID 5110,7046,"Neutral Demographic Mix, Partner Inclined",7047,"Diverse Demographics, Average Customer Base"
5111,numeric,Numeric: ID 5111,7046,"Neutral Demographic Mix, Partner Inclined",7047,"Diverse Demographics, Average Customer Base"
5112,numeric,Numeric: ID 5112,7046,"Neutral Demographic Mix, Partner Inclined",7047,"Diverse Demographics, Average Customer Base"
5113,numeric,Numeric: ID 5113,7045,"Younger, Fewer Partners, Gender Balanced",7048,"Younger, Single Customers: Engagement Focus"
5114,numeric,Numeric: ID 5114,7046,"Neutral Demographic Mix, Partner Inclined",7047,"Diverse Demographics, Average Customer Base"
5115,numeric,Numeric: ID 5115,7046,"Neutral Demographic Mix, Partner Inclined",7047,"Diverse Demographics, Average Customer Base"
5116,numeric,Numeric: ID 5116,7046,"Neutral Demographic Mix, Partner Inclined",7047,"Diverse Demographics, Average Customer Base"
5117,numeric,Numeric: ID 5117,7046,"Neutral Demographic Mix, Partner Inclined",7047,"Diverse Demographics, Average Customer Base"
5118,numeric,Numeric: ID 5118,7044,"Balanced Demographics, Average Customer",7047,"Diverse Demographics, Average Customer Base"
5119,numeric,Numeric: ID 5119,7046,"Neutral Demographic Mix, Partner Inclined",7047,"Diverse Demographics, Average Customer Base"
5120,numeric,Numeric: ID 5120,7046,"Neutral Demographic Mix, Partner Inclined",7047,"Diverse Demographics, Average Customer Base"
5121,numeric,Numeric: ID 5121,7046,"Neutral Demographic Mix, Partner Inclined",7047,"Diverse Demographics, Average Customer Base"
5122,numeric,Numeric: ID 5122,7046,"Neutral Demographic Mix, Partner Inclined",7047,"Diverse Demographics, Average Customer Base"
5123,numeric,Numeric: ID 5123,7045,"Younger, Fewer Partners, Gender Balanced",7048,"Younger, Single Customers: Engagement Focus"
5124,numeric,Numeric: ID 5124,7046,"Neutral Demographic Mix, Partner Inclined",7047,"Diverse Demographics, Average Customer Base"
5125,numeric,Numeric: ID 5125,7044,"Balanced Demographics, Average Customer",7047,"Diverse Demographics, Average Customer Base"
5126,numeric,Numeric: ID 5126,7046,"Neutral Demographic Mix, Partner Inclined",7047,"Diverse Demographics, Average Customer Base"
5127,numeric,Numeric: ID 5127,7044,"Balanced Demographics, Average Customer",7047,"Diverse Demographics, Average Customer Base"
5128,numeric,Numeric: ID 5128,7045,"Younger, Fewer Partners, Gender Balanced",7048,"Younger, Single Customers: Engagement Focus"
5129,numeric,Numeric: ID 5129,7045,"Younger, Fewer Partners, Gender Balanced",7048,"Younger, Single Customers: Engagement Focus"
5130,numeric,Numeric: ID 5130,7046,"Neutral Demographic Mix, Partner Inclined",7047,"Diverse Demographics, Average Customer Base"
5131,numeric,Numeric: ID 5131,7046,"Neutral Demographic Mix, Partner Inclined",7047,"Diverse Demographics, Average Customer Base"
5132,numeric,Numeric: ID 5132,7045,"Younger, Fewer Partners, Gender Balanced",7048,"Younger, Single Customers: Engagement Focus"
5133,numeric,Numeric: ID 5133,7046,"Neutral Demographic Mix, Partner Inclined",7047,"Diverse Demographics, Average Customer Base"
5134,numeric,Numeric: ID 5134,7046,"Neutral Demographic Mix, Partner Inclined",7047,"Diverse Demographics, Average Customer Base"
5135,numeric,Numeric: ID 5135,7046,"Neutral Demographic Mix, Partner Inclined",7047,"Diverse Demographics, Average Customer Base"
5136,numeric,Numeric: ID 5136,7046,"Neutral Demographic Mix, Partner Inclined",7047,"Diverse Demographics, Average Customer Base"
5137,numeric,Numeric: ID 5137,7046,"Neutral Demographic Mix, Partner Inclined",7047,"Diverse Demographics, Average Customer Base"
5138,numeric,Numeric: ID 5138,7046,"Neutral Demographic Mix, Partner Inclined",7047,"Diverse Demographics, Average Customer Base"
5139,numeric,Numeric: ID 5139,7046,"Neutral Demographic Mix, Partner Inclined",7047,"Diverse Demographics, Average Customer Base"
5140,numeric,Numeric: ID 5140,7046,"Neutral Demographic Mix, Partner Inclined",7047,"Diverse Demographics, Average Customer Base"
5141,numeric,Numeric: ID 5141,7046,"Neutral Demographic Mix, Partner Inclined",7047,"Diverse Demographics, Average Customer Base"
5142,numeric,Numeric: ID 5142,7046,"Neutral Demographic Mix, Partner Inclined",7047,"Diverse Demographics, Average Customer Base"
5143,numeric,Numeric: ID 5143,7044,"Balanced Demographics, Average Customer",7047,"Diverse Demographics, Average Customer Base"
5144,numeric,Numeric: ID 5144,7046,"Neutral Demographic Mix, Partner Inclined",7047,"Diverse Demographics, Average Customer Base"
5145,numeric,Numeric: ID 5145,7046,"Neutral Demographic Mix, Partner Inclined",7047,"Diverse Demographics, Average Customer Base"
5146,numeric,Numeric: ID 5146,7046,"Neutral Demographic Mix, Partner Inclined",7047,"Diverse Demographics, Average Customer Base"
5147,numeric,Numeric: ID 5147,7046,"Neutral Demographic Mix, Partner Inclined",7047,"Diverse Demographics, Average Customer Base"
5148,numeric,Numeric: ID 5148,7046,"Neutral Demographic Mix, Partner Inclined",7047,"Diverse Demographics, Average Customer Base"
5149,numeric,Numeric: ID 5149,7045,"Younger, Fewer Partners, Gender Balanced",7048,"Younger, Single Customers: Engagement Focus"
5150,numeric,Numeric: ID 5150,7045,"Younger, Fewer Partners, Gender Balanced",7048,"Younger, Single Customers: Engagement Focus"
5151,numeric,Numeric: ID 5151,7046,"Neutral Demographic Mix, Partner Inclined",7047,"Diverse Demographics, Average Customer Base"
5152,numeric,Numeric: ID 5152,7045,"Younger, Fewer Partners, Gender Balanced",7048,"Younger, Single Customers: Engagement Focus"
5153,numeric,Numeric: ID 5153,7046,"Neutral Demographic Mix, Partner Inclined",7047,"Diverse Demographics, Average Customer Base"
5154,numeric,Numeric: ID 5154,7046,"Neutral Demographic Mix, Partner Inclined",7047,"Diverse Demographics, Average Customer Base"
5155,numeric,Numeric: ID 5155,7046,"Neutral Demographic Mix, Partner Inclined",7047,"Diverse Demographics, Average Customer Base"
5156,numeric,Numeric: ID 5156,7046,"Neutral Demographic Mix, Partner Inclined",7047,"Diverse Demographics, Average Customer Base"
5157,numeric,Numeric: ID 5157,7046,"Neutral Demographic Mix, Partner Inclined",7047,"Diverse Demographics, Average Customer Base"
5158,numeric,Numeric: ID 5158,7046,"Neutral Demographic Mix, Partner Inclined",7047,"Diverse Demographics, Average Customer Base"
5159,numeric,Numeric: ID 5159,7045,"Younger, Fewer Partners, Gender Balanced",7048,"Younger, Single Customers: Engagement Focus"
5160,numeric,Numeric: ID 5160,7045,"Younger, Fewer Partners, Gender Balanced",7048,"Younger, Single Customers: Engagement Focus"
5161,numeric,Numeric: ID 5161,7046,"Neutral Demographic Mix, Partner Inclined",7047,"Diverse Demographics, Average Customer Base"
5162,numeric,Numeric: ID 5162,7046,"Neutral Demographic Mix, Partner Inclined",7047,"Diverse Demographics, Average Customer Base"
5163,numeric,Numeric: ID 5163,7046,"Neutral Demographic Mix, Partner Inclined",7047,"Diverse Demographics, Average Customer Base"
5164,numeric,Numeric: ID 5164,7044,"Balanced Demographics, Average Customer",7047,"Diverse Demographics, Average Customer Base"
5165,numeric,Numeric: ID 5165,7046,"Neutral Demographic Mix, Partner Inclined",7047,"Diverse Demographics, Average Customer Base"
5166,numeric,Numeric: ID 5166,7046,"Neutral Demographic Mix, Partner Inclined",7047,"Diverse Demographics, Average Customer Base"
5167,numeric,Numeric: ID 5167,7046,"Neutral Demographic Mix, Partner Inclined",7047,"Diverse Demographics, Average Customer Base"
5168,numeric,Numeric: ID 5168,7046,"Neutral Demographic Mix, Partner Inclined",7047,"Diverse Demographics, Average Customer Base"
5169,numeric,Numeric: ID 5169,7046,"Neutral Demographic Mix, Partner Inclined",7047,"Diverse Demographics, Average Customer Base"
5170,numeric,Numeric: ID 5170,7044,"Balanced Demographics, Average Customer",7047,"Diverse Demographics, Average Customer Base"
5171,numeric,Numeric: ID 5171,7045,"Younger, Fewer Partners, Gender Balanced",7048,"Younger, Single Customers: Engagement Focus"
5172,numeric,Numeric: ID 5172,7046,"Neutral Demographic Mix, Partner Inclined",7047,"Diverse Demographics, Average Customer Base"
5173,numeric,Numeric: ID 5173,7046,"Neutral Demographic Mix, Partner Inclined",7047,"Diverse Demographics, Average Customer Base"
5174,numeric,Numeric: ID 5174,7045,"Younger, Fewer Partners, Gender Balanced",7048,"Younger, Single Customers: Engagement Focus"
5175,numeric,Numeric: ID 5175,7044,"Balanced Demographics, Average Customer",7047,"Diverse Demographics, Average Customer Base"
5176,numeric,Numeric: ID 5176,7045,"Younger, Fewer Partners, Gender Balanced",7048,"Younger, Single Customers: Engagement Focus"
5177,numeric,Numeric: ID 5177,7046,"Neutral Demographic Mix, Partner Inclined",7047,"Diverse Demographics, Average Customer Base"
5178,numeric,Numeric: ID 5178,7046,"Neutral Demographic Mix, Partner Inclined",7047,"Diverse Demographics, Average Customer Base"
5179,numeric,Numeric: ID 5179,7046,"Neutral Demographic Mix, Partner Inclined",7047,"Diverse Demographics, Average Customer Base"
5180,numeric,Numeric: ID 5180,7045,"Younger, Fewer Partners, Gender Balanced",7048,"Younger, Single Customers: Engagement Focus"
5181,numeric,Numeric: ID 5181,7046,"Neutral Demographic Mix, Partner Inclined",7047,"Diverse Demographics, Average Customer Base"
5182,numeric,Numeric: ID 5182,7046,"Neutral Demographic Mix, Partner Inclined",7047,"Diverse Demographics, Average Customer Base"
5183,numeric,Numeric: ID 5183,7045,"Younger, Fewer Partners, Gender Balanced",7048,"Younger, Single Customers: Engagement Focus"
5184,numeric,Numeric: ID 5184,7045,"Younger, Fewer Partners, Gender Balanced",7048,"Younger, Single Customers: Engagement Focus"
5185,numeric,Numeric: ID 5185,7045,"Younger, Fewer Partners, Gender Balanced",7048,"Younger, Single Customers: Engagement Focus"
5186,numeric,Numeric: ID 5186,7046,"Neutral Demographic Mix, Partner Inclined",7047,"Diverse Demographics, Average Customer Base"
5187,numeric,Numeric: ID 5187,7046,"Neutral Demographic Mix, Partner Inclined",7047,"Diverse Demographics, Average Customer Base"
5188,numeric,Numeric: ID 5188,7046,"Neutral Demographic Mix, Partner Inclined",7047,"Diverse Demographics, Average Customer Base"
5189,numeric,Numeric: ID 5189,7045,"Younger, Fewer Partners, Gender Balanced",7048,"Younger, Single Customers: Engagement Focus"
5190,numeric,Numeric: ID 5190,7046,"Neutral Demographic Mix, Partner Inclined",7047,"Diverse Demographics, Average Customer Base"
5191,numeric,Numeric: ID 5191,7045,"Younger, Fewer Partners, Gender Balanced",7048,"Younger, Single Customers: Engagement Focus"
5192,numeric,Numeric: ID 5192,7045,"Younger, Fewer Partners, Gender Balanced",7048,"Younger, Single Customers: Engagement Focus"
5193,numeric,Numeric: ID 5193,7045,"Younger, Fewer Partners, Gender Balanced",7048,"Younger, Single Customers: Engagement Focus"
5194,numeric,Numeric: ID 5194,7046,"Neutral Demographic Mix, Partner Inclined",7047,"Diverse Demographics, Average Customer Base"
5195,numeric,Numeric: ID 5195,7046,"Neutral Demographic Mix, Partner Inclined",7047,"Diverse Demographics, Average Customer Base"
5196,numeric,Numeric: ID 5196,7045,"Younger, Fewer Partners, Gender Balanced",7048,"Younger, Single Customers: Engagement Focus"
5197,numeric,Numeric: ID 5197,7046,"Neutral Demographic Mix, Partner Inclined",7047,"Diverse Demographics, Average Customer Base"
5198,numeric,Numeric: ID 5198,7046,"Neutral Demographic Mix, Partner Inclined",7047,"Diverse Demographics, Average Customer Base"
5199,numeric,Numeric: ID 5199,7046,"Neutral Demographic Mix, Partner Inclined",7047,"Diverse Demographics, Average Customer Base"
5200,numeric,Numeric: ID 5200,7046,"Neutral Demographic Mix, Partner Inclined",7047,"Diverse Demographics, Average Customer Base"
5201,numeric,Numeric: ID 5201,7046,"Neutral Demographic Mix, Partner Inclined",7047,"Diverse Demographics, Average Customer Base"
5202,numeric,Numeric: ID 5202,7046,"Neutral Demographic Mix, Partner Inclined",7047,"Diverse Demographics, Average Customer Base"
5203,numeric,Numeric: ID 5203,7046,"Neutral Demographic Mix, Partner Inclined",7047,"Diverse Demographics, Average Customer Base"
5204,numeric,Numeric: ID 5204,7044,"Balanced Demographics, Average Customer",7047,"Diverse Demographics, Average Customer Base"
5205,numeric,Numeric: ID 5205,7045,"Younger, Fewer Partners, Gender Balanced",7048,"Younger, Single Customers: Engagement Focus"
5206,numeric,Numeric: ID 5206,7046,"Neutral Demographic Mix, Partner Inclined",7047,"Diverse Demographics, Average Customer Base"
5207,numeric,Numeric: ID 5207,7046,"Neutral Demographic Mix, Partner Inclined",7047,"Diverse Demographics, Average Customer Base"
5208,numeric,Numeric: ID 5208,7046,"Neutral Demographic Mix, Partner Inclined",7047,"Diverse Demographics, Average Customer Base"
5209,numeric,Numeric: ID 5209,7046,"Neutral Demographic Mix, Partner Inclined",7047,"Diverse Demographics, Average Customer Base"
5210,numeric,Numeric: ID 5210,7046,"Neutral Demographic Mix, Partner Inclined",7047,"Diverse Demographics, Average Customer Base"
5211,numeric,Numeric: ID 5211,7045,"Younger, Fewer Partners, Gender Balanced",7048,"Younger, Single Customers: Engagement Focus"
5212,numeric,Numeric: ID 5212,7046,"Neutral Demographic Mix, Partner Inclined",7047,"Diverse Demographics, Average Customer Base"
5213,numeric,Numeric: ID 5213,7046,"Neutral Demographic Mix, Partner Inclined",7047,"Diverse Demographics, Average Customer Base"
5214,numeric,Numeric: ID 5214,7044,"Balanced Demographics, Average Customer",7047,"Diverse Demographics, Average Customer Base"
5215,numeric,Numeric: ID 5215,7045,"Younger, Fewer Partners, Gender Balanced",7048,"Younger, Single Customers: Engagement Focus"
5216,numeric,Numeric: ID 5216,7046,"Neutral Demographic Mix, Partner Inclined",7047,"Diverse Demographics, Average Customer Base"
5217,numeric,Numeric: ID 5217,7045,"Younger, Fewer Partners, Gender Balanced",7048,"Younger, Single Customers: Engagement Focus"
5218,numeric,Numeric: ID 5218,7046,"Neutral Demographic Mix, Partner Inclined",7047,"Diverse Demographics, Average Customer Base"
5219,numeric,Numeric: ID 5219,7046,"Neutral Demographic Mix, Partner Inclined",7047,"Diverse Demographics, Average Customer Base"
5220,numeric,Numeric: ID 5220,7046,"Neutral Demographic Mix, Partner Inclined",7047,"Diverse Demographics, Average Customer Base"
5221,numeric,Numeric: ID 5221,7045,"Younger, Fewer Partners, Gender Balanced",7048,"Younger, Single Customers: Engagement Focus"
5222,numeric,Numeric: ID 5222,7046,"Neutral Demographic Mix, Partner Inclined",7047,"Diverse Demographics, Average Customer Base"
5223,numeric,Numeric: ID 5223,7045,"Younger, Fewer Partners, Gender Balanced",7048,"Younger, Single Customers: Engagement Focus"
5224,numeric,Numeric: ID 5224,7046,"Neutral Demographic Mix, Partner Inclined",7047,"Diverse Demographics, Average Customer Base"
5225,numeric,Numeric: ID 5225,7046,"Neutral Demographic Mix, Partner Inclined",7047,"Diverse Demographics, Average Customer Base"
5226,numeric,Numeric: ID 5226,7045,"Younger, Fewer Partners, Gender Balanced",7048,"Younger, Single Customers: Engagement Focus"
5227,numeric,Numeric: ID 5227,7044,"Balanced Demographics, Average Customer",7047,"Diverse Demographics, Average Customer Base"
5228,numeric,Numeric: ID 5228,7045,"Younger, Fewer Partners, Gender Balanced",7048,"Younger, Single Customers: Engagement Focus"
5229,numeric,Numeric: ID 5229,7046,"Neutral Demographic Mix, Partner Inclined",7047,"Diverse Demographics, Average Customer Base"
5230,numeric,Numeric: ID 5230,7046,"Neutral Demographic Mix, Partner Inclined",7047,"Diverse Demographics, Average Customer Base"
5231,numeric,Numeric: ID 5231,7046,"Neutral Demographic Mix, Partner Inclined",7047,"Diverse Demographics, Average Customer Base"
5232,numeric,Numeric: ID 5232,7044,"Balanced Demographics, Average Customer",7047,"Diverse Demographics, Average Customer Base"
5233,numeric,Numeric: ID 5233,7046,"Neutral Demographic Mix, Partner Inclined",7047,"Diverse Demographics, Average Customer Base"
5234,numeric,Numeric: ID 5234,7046,"Neutral Demographic Mix, Partner Inclined",7047,"Diverse Demographics, Average Customer Base"
5235,numeric,Numeric: ID 5235,7046,"Neutral Demographic Mix, Partner Inclined",7047,"Diverse Demographics, Average Customer Base"
5236,numeric,Numeric: ID 5236,7045,"Younger, Fewer Partners, Gender Balanced",7048,"Younger, Single Customers: Engagement Focus"
5237,numeric,Numeric: ID 5237,7046,"Neutral Demographic Mix, Partner Inclined",7047,"Diverse Demographics, Average Customer Base"
5238,numeric,Numeric: ID 5238,7046,"Neutral Demographic Mix, Partner Inclined",7047,"Diverse Demographics, Average Customer Base"
5239,numeric,Numeric: ID 5239,7045,"Younger, Fewer Partners, Gender Balanced",7048,"Younger, Single Customers: Engagement Focus"
5240,numeric,Numeric: ID 5240,7046,"Neutral Demographic Mix, Partner Inclined",7047,"Diverse Demographics, Average Customer Base"
5241,numeric,Numeric: ID 5241,7045,"Younger, Fewer Partners, Gender Balanced",7048,"Younger, Single Customers: Engagement Focus"
5242,numeric,Numeric: ID 5242,7045,"Younger, Fewer Partners, Gender Balanced",7048,"Younger, Single Customers: Engagement Focus"
5243,numeric,Numeric: ID 5243,7046,"Neutral Demographic Mix, Partner Inclined",7047,"Diverse Demographics, Average Customer Base"
5244,numeric,Numeric: ID 5244,7046,"Neutral Demographic Mix, Partner Inclined",7047,"Diverse Demographics, Average Customer Base"
5245,numeric,Numeric: ID 5245,7046,"Neutral Demographic Mix, Partner Inclined",7047,"Diverse Demographics, Average Customer Base"
5246,numeric,Numeric: ID 5246,7045,"Younger, Fewer Partners, Gender Balanced",7048,"Younger, Single Customers: Engagement Focus"
5247,numeric,Numeric: ID 5247,7045,"Younger, Fewer Partners, Gender Balanced",7048,"Younger, Single Customers: Engagement Focus"
5248,numeric,Numeric: ID 5248,7046,"Neutral Demographic Mix, Partner Inclined",7047,"Diverse Demographics, Average Customer Base"
5249,numeric,Numeric: ID 5249,7046,"Neutral Demographic Mix, Partner Inclined",7047,"Diverse Demographics, Average Customer Base"
5250,numeric,Numeric: ID 5250,7046,"Neutral Demographic Mix, Partner Inclined",7047,"Diverse Demographics, Average Customer Base"
5251,numeric,Numeric: ID 5251,7046,"Neutral Demographic Mix, Partner Inclined",7047,"Diverse Demographics, Average Customer Base"
5252,numeric,Numeric: ID 5252,7046,"Neutral Demographic Mix, Partner Inclined",7047,"Diverse Demographics, Average Customer Base"
5253,numeric,Numeric: ID 5253,7046,"Neutral Demographic Mix, Partner Inclined",7047,"Diverse Demographics, Average Customer Base"
5254,numeric,Numeric: ID 5254,7045,"Younger, Fewer Partners, Gender Balanced",7048,"Younger, Single Customers: Engagement Focus"
5255,numeric,Numeric: ID 5255,7046,"Neutral Demographic Mix, Partner Inclined",7047,"Diverse Demographics, Average Customer Base"
5256,numeric,Numeric: ID 5256,7045,"Younger, Fewer Partners, Gender Balanced",7048,"Younger, Single Customers: Engagement Focus"
5257,numeric,Numeric: ID 5257,7045,"Younger, Fewer Partners, Gender Balanced",7048,"Younger, Single Customers: Engagement Focus"
5258,numeric,Numeric: ID 5258,7045,"Younger, Fewer Partners, Gender Balanced",7048,"Younger, Single Customers: Engagement Focus"
5259,numeric,Numeric: ID 5259,7046,"Neutral Demographic Mix, Partner Inclined",7047,"Diverse Demographics, Average Customer Base"
5260,numeric,Numeric: ID 5260,7046,"Neutral Demographic Mix, Partner Inclined",7047,"Diverse Demographics, Average Customer Base"
5261,numeric,Numeric: ID 5261,7046,"Neutral Demographic Mix, Partner Inclined",7047,"Diverse Demographics, Average Customer Base"
5262,numeric,Numeric: ID 5262,7046,"Neutral Demographic Mix, Partner Inclined",7047,"Diverse Demographics, Average Customer Base"
5263,numeric,Numeric: ID 5263,7046,"Neutral Demographic Mix, Partner Inclined",7047,"Diverse Demographics, Average Customer Base"
5264,numeric,Numeric: ID 5264,7046,"Neutral Demographic Mix, Partner Inclined",7047,"Diverse Demographics, Average Customer Base"
5265,numeric,Numeric: ID 5265,7045,"Younger, Fewer Partners, Gender Balanced",7048,"Younger, Single Customers: Engagement Focus"
5266,numeric,Numeric: ID 5266,7044,"Balanced Demographics, Average Customer",7047,"Diverse Demographics, Average Customer Base"
5267,numeric,Numeric: ID 5267,7046,"Neutral Demographic Mix, Partner Inclined",7047,"Diverse Demographics, Average Customer Base"
5268,numeric,Numeric: ID 5268,7046,"Neutral Demographic Mix, Partner Inclined",7047,"Diverse Demographics, Average Customer Base"
5269,numeric,Numeric: ID 5269,7045,"Younger, Fewer Partners, Gender Balanced",7048,"Younger, Single Customers: Engagement Focus"
5270,numeric,Numeric: ID 5270,7046,"Neutral Demographic Mix, Partner Inclined",7047,"Diverse Demographics, Average Customer Base"
5271,numeric,Numeric: ID 5271,7046,"Neutral Demographic Mix, Partner Inclined",7047,"Diverse Demographics, Average Customer Base"
5272,numeric,Numeric: ID 5272,7046,"Neutral Demographic Mix, Partner Inclined",7047,"Diverse Demographics, Average Customer Base"
5273,numeric,Numeric: ID 5273,7045,"Younger, Fewer Partners, Gender Balanced",7048,"Younger, Single Customers: Engagement Focus"
5274,numeric,Numeric: ID 5274,7044,"Balanced Demographics, Average Customer",7047,"Diverse Demographics, Average Customer Base"
5275,numeric,Numeric: ID 5275,7045,"Younger, Fewer Partners, Gender Balanced",7048,"Younger, Single Customers: Engagement Focus"
5276,numeric,Numeric: ID 5276,7046,"Neutral Demographic Mix, Partner Inclined",7047,"Diverse Demographics, Average Customer Base"
5277,numeric,Numeric: ID 5277,7046,"Neutral Demographic Mix, Partner Inclined",7047,"Diverse Demographics, Average Customer Base"
5278,numeric,Numeric: ID 5278,7045,"Younger, Fewer Partners, Gender Balanced",7048,"Younger, Single Customers: Engagement Focus"
5279,numeric,Numeric: ID 5279,7046,"Neutral Demographic Mix, Partner Inclined",7047,"Diverse Demographics, Average Customer Base"
5280,numeric,Numeric: ID 5280,7046,"Neutral Demographic Mix, Partner Inclined",7047,"Diverse Demographics, Average Customer Base"
5281,numeric,Numeric: ID 5281,7046,"Neutral Demographic Mix, Partner Inclined",7047,"Diverse Demographics, Average Customer Base"
5282,numeric,Numeric: ID 5282,7046,"Neutral Demographic Mix, Partner Inclined",7047,"Diverse Demographics, Average Customer Base"
5283,numeric,Numeric: ID 5283,7046,"Neutral Demographic Mix, Partner Inclined",7047,"Diverse Demographics, Average Customer Base"
5284,numeric,Numeric: ID 5284,7046,"Neutral Demographic Mix, Partner Inclined",7047,"Diverse Demographics, Average Customer Base"
5285,numeric,Numeric: ID 5285,7046,"Neutral Demographic Mix, Partner Inclined",7047,"Diverse Demographics, Average Customer Base"
5286,numeric,Numeric: ID 5286,7046,"Neutral Demographic Mix, Partner Inclined",7047,"Diverse Demographics, Average Customer Base"
5287,numeric,Numeric: ID 5287,7046,"Neutral Demographic Mix, Partner Inclined",7047,"Diverse Demographics, Average Customer Base"
5288,numeric,Numeric: ID 5288,7045,"Younger, Fewer Partners, Gender Balanced",7048,"Younger, Single Customers: Engagement Focus"
5289,numeric,Numeric: ID 5289,7046,"Neutral Demographic Mix, Partner Inclined",7047,"Diverse Demographics, Average Customer Base"
5290,numeric,Numeric: ID 5290,7045,"Younger, Fewer Partners, Gender Balanced",7048,"Younger, Single Customers: Engagement Focus"
5291,numeric,Numeric: ID 5291,7045,"Younger, Fewer Partners, Gender Balanced",7048,"Younger, Single Customers: Engagement Focus"
5292,numeric,Numeric: ID 5292,7045,"Younger, Fewer Partners, Gender Balanced",7048,"Younger, Single Customers: Engagement Focus"
5293,numeric,Numeric: ID 5293,7045,"Younger, Fewer Partners, Gender Balanced",7048,"Younger, Single Customers: Engagement Focus"
5294,numeric,Numeric: ID 5294,7046,"Neutral Demographic Mix, Partner Inclined",7047,"Diverse Demographics, Average Customer Base"
5295,numeric,Numeric: ID 5295,7046,"Neutral Demographic Mix, Partner Inclined",7047,"Diverse Demographics, Average Customer Base"
5296,numeric,Numeric: ID 5296,7044,"Balanced Demographics, Average Customer",7047,"Diverse Demographics, Average Customer Base"
5297,numeric,Numeric: ID 5297,7046,"Neutral Demographic Mix, Partner Inclined",7047,"Diverse Demographics, Average Customer Base"
5298,numeric,Numeric: ID 5298,7046,"Neutral Demographic Mix, Partner Inclined",7047,"Diverse Demographics, Average Customer Base"
5299,numeric,Numeric: ID 5299,7046,"Neutral Demographic Mix, Partner Inclined",7047,"Diverse Demographics, Average Customer Base"
5300,numeric,Numeric: ID 5300,7046,"Neutral Demographic Mix, Partner Inclined",7047,"Diverse Demographics, Average Customer Base"
5301,numeric,Numeric: ID 5301,7046,"Neutral Demographic Mix, Partner Inclined",7047,"Diverse Demographics, Average Customer Base"
5302,numeric,Numeric: ID 5302,7046,"Neutral Demographic Mix, Partner Inclined",7047,"Diverse Demographics, Average Customer Base"
5303,numeric,Numeric: ID 5303,7045,"Younger, Fewer Partners, Gender Balanced",7048,"Younger, Single Customers: Engagement Focus"
5304,numeric,Numeric: ID 5304,7045,"Younger, Fewer Partners, Gender Balanced",7048,"Younger, Single Customers: Engagement Focus"
5305,numeric,Numeric: ID 5305,7045,"Younger, Fewer Partners, Gender Balanced",7048,"Younger, Single Customers: Engagement Focus"
5306,numeric,Numeric: ID 5306,7046,"Neutral Demographic Mix, Partner Inclined",7047,"Diverse Demographics, Average Customer Base"
5307,numeric,Numeric: ID 5307,7046,"Neutral Demographic Mix, Partner Inclined",7047,"Diverse Demographics, Average Customer Base"
5308,numeric,Numeric: ID 5308,7044,"Balanced Demographics, Average Customer",7047,"Diverse Demographics, Average Customer Base"
5309,numeric,Numeric: ID 5309,7046,"Neutral Demographic Mix, Partner Inclined",7047,"Diverse Demographics, Average Customer Base"
5310,numeric,Numeric: ID 5310,7046,"Neutral Demographic Mix, Partner Inclined",7047,"Diverse Demographics, Average Customer Base"
5311,numeric,Numeric: ID 5311,7046,"Neutral Demographic Mix, Partner Inclined",7047,"Diverse Demographics, Average Customer Base"
5312,numeric,Numeric: ID 5312,7045,"Younger, Fewer Partners, Gender Balanced",7048,"Younger, Single Customers: Engagement Focus"
5313,numeric,Numeric: ID 5313,7044,"Balanced Demographics, Average Customer",7047,"Diverse Demographics, Average Customer Base"
5314,numeric,Numeric: ID 5314,7045,"Younger, Fewer Partners, Gender Balanced",7048,"Younger, Single Customers: Engagement Focus"
5315,numeric,Numeric: ID 5315,7045,"Younger, Fewer Partners, Gender Balanced",7048,"Younger, Single Customers: Engagement Focus"
5316,numeric,Numeric: ID 5316,7046,"Neutral Demographic Mix, Partner Inclined",7047,"Diverse Demographics, Average Customer Base"
5317,numeric,Numeric: ID 5317,7045,"Younger, Fewer Partners, Gender Balanced",7048,"Younger, Single Customers: Engagement Focus"
5318,numeric,Numeric: ID 5318,7044,"Balanced Demographics, Average Customer",7047,"Diverse Demographics, Average Customer Base"
5319,numeric,Numeric: ID 5319,7046,"Neutral Demographic Mix, Partner Inclined",7047,"Diverse Demographics, Average Customer Base"
5320,numeric,Numeric: ID 5320,7046,"Neutral Demographic Mix, Partner Inclined",7047,"Diverse Demographics, Average Customer Base"
5321,numeric,Numeric: ID 5321,7045,"Younger, Fewer Partners, Gender Balanced",7048,"Younger, Single Customers: Engagement Focus"
5322,numeric,Numeric: ID 5322,7046,"Neutral Demographic Mix, Partner Inclined",7047,"Diverse Demographics, Average Customer Base"
5323,numeric,Numeric: ID 5323,7046,"Neutral Demographic Mix, Partner Inclined",7047,"Diverse Demographics, Average Customer Base"
5324,numeric,Numeric: ID 5324,7046,"Neutral Demographic Mix, Partner Inclined",7047,"Diverse Demographics, Average Customer Base"
5325,numeric,Numeric: ID 5325,7046,"Neutral Demographic Mix, Partner Inclined",7047,"Diverse Demographics, Average Customer Base"
5326,numeric,Numeric: ID 5326,7046,"Neutral Demographic Mix, Partner Inclined",7047,"Diverse Demographics, Average Customer Base"
5327,numeric,Numeric: ID 5327,7046,"Neutral Demographic Mix, Partner Inclined",7047,"Diverse Demographics, Average Customer Base"
5328,numeric,Numeric: ID 5328,7045,"Younger, Fewer Partners, Gender Balanced",7048,"Younger, Single Customers: Engagement Focus"
5329,numeric,Numeric: ID 5329,7046,"Neutral Demographic Mix, Partner Inclined",7047,"Diverse Demographics, Average Customer Base"
5330,numeric,Numeric: ID 5330,7046,"Neutral Demographic Mix, Partner Inclined",7047,"Diverse Demographics, Average Customer Base"
5331,numeric,Numeric: ID 5331,7045,"Younger, Fewer Partners, Gender Balanced",7048,"Younger, Single Customers: Engagement Focus"
5332,numeric,Numeric: ID 5332,7045,"Younger, Fewer Partners, Gender Balanced",7048,"Younger, Single Customers: Engagement Focus"
5333,numeric,Numeric: ID 5333,7045,"Younger, Fewer Partners, Gender Balanced",7048,"Younger, Single Customers: Engagement Focus"
5334,numeric,Numeric: ID 5334,7046,"Neutral Demographic Mix, Partner Inclined",7047,"Diverse Demographics, Average Customer Base"
5335,numeric,Numeric: ID 5335,7046,"Neutral Demographic Mix, Partner Inclined",7047,"Diverse Demographics, Average Customer Base"
5336,numeric,Numeric: ID 5336,7046,"Neutral Demographic Mix, Partner Inclined",7047,"Diverse Demographics, Average Customer Base"
5337,numeric,Numeric: ID 5337,7046,"Neutral Demographic Mix, Partner Inclined",7047,"Diverse Demographics, Average Customer Base"
5338,numeric,Numeric: ID 5338,7046,"Neutral Demographic Mix, Partner Inclined",7047,"Diverse Demographics, Average Customer Base"
5339,numeric,Numeric: ID 5339,7044,"Balanced Demographics, Average Customer",7047,"Diverse Demographics, Average Customer Base"
5340,numeric,Numeric: ID 5340,7046,"Neutral Demographic Mix, Partner Inclined",7047,"Diverse Demographics, Average Customer Base"
5341,numeric,Numeric: ID 5341,7046,"Neutral Demographic Mix, Partner Inclined",7047,"Diverse Demographics, Average Customer Base"
5342,numeric,Numeric: ID 5342,7046,"Neutral Demographic Mix, Partner Inclined",7047,"Diverse Demographics, Average Customer Base"
5343,numeric,Numeric: ID 5343,7046,"Neutral Demographic Mix, Partner Inclined",7047,"Diverse Demographics, Average Customer Base"
5344,numeric,Numeric: ID 5344,7046,"Neutral Demographic Mix, Partner Inclined",7047,"Diverse Demographics, Average Customer Base"
5345,numeric,Numeric: ID 5345,7044,"Balanced Demographics, Average Customer",7047,"Diverse Demographics, Average Customer Base"
5346,numeric,Numeric: ID 5346,7045,"Younger, Fewer Partners, Gender Balanced",7048,"Younger, Single Customers: Engagement Focus"
5347,numeric,Numeric: ID 5347,7046,"Neutral Demographic Mix, Partner Inclined",7047,"Diverse Demographics, Average Customer Base"
5348,numeric,Numeric: ID 5348,7046,"Neutral Demographic Mix, Partner Inclined",7047,"Diverse Demographics, Average Customer Base"
5349,numeric,Numeric: ID 5349,7046,"Neutral Demographic Mix, Partner Inclined",7047,"Diverse Demographics, Average Customer Base"
5350,numeric,Numeric: ID 5350,7046,"Neutral Demographic Mix, Partner Inclined",7047,"Diverse Demographics, Average Customer Base"
5351,numeric,Numeric: ID 5351,7046,"Neutral Demographic Mix, Partner Inclined",7047,"Diverse Demographics, Average Customer Base"
5352,numeric,Numeric: ID 5352,7046,"Neutral Demographic Mix, Partner Inclined",7047,"Diverse Demographics, Average Customer Base"
5353,numeric,Numeric: ID 5353,7045,"Younger, Fewer Partners, Gender Balanced",7048,"Younger, Single Customers: Engagement Focus"
5354,numeric,Numeric: ID 5354,7046,"Neutral Demographic Mix, Partner Inclined",7047,"Diverse Demographics, Average Customer Base"
5355,numeric,Numeric: ID 5355,7046,"Neutral Demographic Mix, Partner Inclined",7047,"Diverse Demographics, Average Customer Base"
5356,numeric,Numeric: ID 5356,7046,"Neutral Demographic Mix, Partner Inclined",7047,"Diverse Demographics, Average Customer Base"
5357,numeric,Numeric: ID 5357,7044,"Balanced Demographics, Average Customer",7047,"Diverse Demographics, Average Customer Base"
5358,numeric,Numeric: ID 5358,7045,"Younger, Fewer Partners, Gender Balanced",7048,"Younger, Single Customers: Engagement Focus"
5359,numeric,Numeric: ID 5359,7044,"Balanced Demographics, Average Customer",7047,"Diverse Demographics, Average Customer Base"
5360,numeric,Numeric: ID 5360,7044,"Balanced Demographics, Average Customer",7047,"Diverse Demographics, Average Customer Base"
5361,numeric,Numeric: ID 5361,7046,"Neutral Demographic Mix, Partner Inclined",7047,"Diverse Demographics, Average Customer Base"
5362,numeric,Numeric: ID 5362,7045,"Younger, Fewer Partners, Gender Balanced",7048,"Younger, Single Customers: Engagement Focus"
5363,numeric,Numeric: ID 5363,7045,"Younger, Fewer Partners, Gender Balanced",7048,"Younger, Single Customers: Engagement Focus"
5364,numeric,Numeric: ID 5364,7046,"Neutral Demographic Mix, Partner Inclined",7047,"Diverse Demographics, Average Customer Base"
5365,numeric,Numeric: ID 5365,7046,"Neutral Demographic Mix, Partner Inclined",7047,"Diverse Demographics, Average Customer Base"
5366,numeric,Numeric: ID 5366,7046,"Neutral Demographic Mix, Partner Inclined",7047,"Diverse Demographics, Average Customer Base"
5367,numeric,Numeric: ID 5367,7046,"Neutral Demographic Mix, Partner Inclined",7047,"Diverse Demographics, Average Customer Base"
5368,numeric,Numeric: ID 5368,7046,"Neutral Demographic Mix, Partner Inclined",7047,"Diverse Demographics, Average Customer Base"
5369,numeric,Numeric: ID 5369,7046,"Neutral Demographic Mix, Partner Inclined",7047,"Diverse Demographics, Average Customer Base"
5370,numeric,Numeric: ID 5370,7045,"Younger, Fewer Partners, Gender Balanced",7048,"Younger, Single Customers: Engagement Focus"
5371,numeric,Numeric: ID 5371,7046,"Neutral Demographic Mix, Partner Inclined",7047,"Diverse Demographics, Average Customer Base"
5372,numeric,Numeric: ID 5372,7045,"Younger, Fewer Partners, Gender Balanced",7048,"Younger, Single Customers: Engagement Focus"
5373,numeric,Numeric: ID 5373,7046,"Neutral Demographic Mix, Partner Inclined",7047,"Diverse Demographics, Average Customer Base"
5374,numeric,Numeric: ID 5374,7045,"Younger, Fewer Partners, Gender Balanced",7048,"Younger, Single Customers: Engagement Focus"
5375,numeric,Numeric: ID 5375,7045,"Younger, Fewer Partners, Gender Balanced",7048,"Younger, Single Customers: Engagement Focus"
5376,numeric,Numeric: ID 5376,7044,"Balanced Demographics, Average Customer",7047,"Diverse Demographics, Average Customer Base"
5377,numeric,Numeric: ID 5377,7045,"Younger, Fewer Partners, Gender Balanced",7048,"Younger, Single Customers: Engagement Focus"
5378,numeric,Numeric: ID 5378,7045,"Younger, Fewer Partners, Gender Balanced",7048,"Younger, Single Customers: Engagement Focus"
5379,numeric,Numeric: ID 5379,7046,"Neutral Demographic Mix, Partner Inclined",7047,"Diverse Demographics, Average Customer Base"
5380,numeric,Numeric: ID 5380,7046,"Neutral Demographic Mix, Partner Inclined",7047,"Diverse Demographics, Average Customer Base"
5381,numeric,Numeric: ID 5381,7045,"Younger, Fewer Partners, Gender Balanced",7048,"Younger, Single Customers: Engagement Focus"
5382,numeric,Numeric: ID 5382,7046,"Neutral Demographic Mix, Partner Inclined",7047,"Diverse Demographics, Average Customer Base"
5383,numeric,Numeric: ID 5383,7045,"Younger, Fewer Partners, Gender Balanced",7048,"Younger, Single Customers: Engagement Focus"
5384,numeric,Numeric: ID 5384,7046,"Neutral Demographic Mix, Partner Inclined",7047,"Diverse Demographics, Average Customer Base"
5385,numeric,Numeric: ID 5385,7046,"Neutral Demographic Mix, Partner Inclined",7047,"Diverse Demographics, Average Customer Base"
5386,numeric,Numeric: ID 5386,7044,"Balanced Demographics, Average Customer",7047,"Diverse Demographics, Average Customer Base"
5387,numeric,Numeric: ID 5387,7046,"Neutral Demographic Mix, Partner Inclined",7047,"Diverse Demographics, Average Customer Base"
5388,numeric,Numeric: ID 5388,7045,"Younger, Fewer Partners, Gender Balanced",7048,"Younger, Single Customers: Engagement Focus"
5389,numeric,Numeric: ID 5389,7045,"Younger, Fewer Partners, Gender Balanced",7048,"Younger, Single Customers: Engagement Focus"
5390,numeric,Numeric: ID 5390,7045,"Younger, Fewer Partners, Gender Balanced",7048,"Younger, Single Customers: Engagement Focus"
5391,numeric,Numeric: ID 5391,7045,"Younger, Fewer Partners, Gender Balanced",7048,"Younger, Single Customers: Engagement Focus"
5392,numeric,Numeric: ID 5392,7046,"Neutral Demographic Mix, Partner Inclined",7047,"Diverse Demographics, Average Customer Base"
5393,numeric,Numeric: ID 5393,7046,"Neutral Demographic Mix, Partner Inclined",7047,"Diverse Demographics, Average Customer Base"
5394,numeric,Numeric: ID 5394,7046,"Neutral Demographic Mix, Partner Inclined",7047,"Diverse Demographics, Average Customer Base"
5395,numeric,Numeric: ID 5395,7046,"Neutral Demographic Mix, Partner Inclined",7047,"Diverse Demographics, Average Customer Base"
5396,numeric,Numeric: ID 5396,7045,"Younger, Fewer Partners, Gender Balanced",7048,"Younger, Single Customers: Engagement Focus"
5397,numeric,Numeric: ID 5397,7046,"Neutral Demographic Mix, Partner Inclined",7047,"Diverse Demographics, Average Customer Base"
5398,numeric,Numeric: ID 5398,7046,"Neutral Demographic Mix, Partner Inclined",7047,"Diverse Demographics, Average Customer Base"
5399,numeric,Numeric: ID 5399,7045,"Younger, Fewer Partners, Gender Balanced",7048,"Younger, Single Customers: Engagement Focus"
5400,numeric,Numeric: ID 5400,7046,"Neutral Demographic Mix, Partner Inclined",7047,"Diverse Demographics, Average Customer Base"
5401,numeric,Numeric: ID 5401,7046,"Neutral Demographic Mix, Partner Inclined",7047,"Diverse Demographics, Average Customer Base"
5402,numeric,Numeric: ID 5402,7045,"Younger, Fewer Partners, Gender Balanced",7048,"Younger, Single Customers: Engagement Focus"
5403,numeric,Numeric: ID 5403,7046,"Neutral Demographic Mix, Partner Inclined",7047,"Diverse Demographics, Average Customer Base"
5404,numeric,Numeric: ID 5404,7046,"Neutral Demographic Mix, Partner Inclined",7047,"Diverse Demographics, Average Customer Base"
5405,numeric,Numeric: ID 5405,7046,"Neutral Demographic Mix, Partner Inclined",7047,"Diverse Demographics, Average Customer Base"
5406,numeric,Numeric: ID 5406,7046,"Neutral Demographic Mix, Partner Inclined",7047,"Diverse Demographics, Average Customer Base"
5407,numeric,Numeric: ID 5407,7045,"Younger, Fewer Partners, Gender Balanced",7048,"Younger, Single Customers: Engagement Focus"
5408,numeric,Numeric: ID 5408,7046,"Neutral Demographic Mix, Partner Inclined",7047,"Diverse Demographics, Average Customer Base"
5409,numeric,Numeric: ID 5409,7045,"Younger, Fewer Partners, Gender Balanced",7048,"Younger, Single Customers: Engagement Focus"
5410,numeric,Numeric: ID 5410,7046,"Neutral Demographic Mix, Partner Inclined",7047,"Diverse Demographics, Average Customer Base"
5411,numeric,Numeric: ID 5411,7046,"Neutral Demographic Mix, Partner Inclined",7047,"Diverse Demographics, Average Customer Base"
5412,numeric,Numeric: ID 5412,7046,"Neutral Demographic Mix, Partner Inclined",7047,"Diverse Demographics, Average Customer Base"
5413,numeric,Numeric: ID 5413,7045,"Younger, Fewer Partners, Gender Balanced",7048,"Younger, Single Customers: Engagement Focus"
5414,numeric,Numeric: ID 5414,7046,"Neutral Demographic Mix, Partner Inclined",7047,"Diverse Demographics, Average Customer Base"
5415,numeric,Numeric: ID 5415,7046,"Neutral Demographic Mix, Partner Inclined",7047,"Diverse Demographics, Average Customer Base"
5416,numeric,Numeric: ID 5416,7046,"Neutral Demographic Mix, Partner Inclined",7047,"Diverse Demographics, Average Customer Base"
5417,numeric,Numeric: ID 5417,7046,"Neutral Demographic Mix, Partner Inclined",7047,"Diverse Demographics, Average Customer Base"
5418,numeric,Numeric: ID 5418,7045,"Younger, Fewer Partners, Gender Balanced",7048,"Younger, Single Customers: Engagement Focus"
5419,numeric,Numeric: ID 5419,7045,"Younger, Fewer Partners, Gender Balanced",7048,"Younger, Single Customers: Engagement Focus"
5420,numeric,Numeric: ID 5420,7046,"Neutral Demographic Mix, Partner Inclined",7047,"Diverse Demographics, Average Customer Base"
5421,numeric,Numeric: ID 5421,7046,"Neutral Demographic Mix, Partner Inclined",7047,"Diverse Demographics, Average Customer Base"
5422,numeric,Numeric: ID 5422,7045,"Younger, Fewer Partners, Gender Balanced",7048,"Younger, Single Customers: Engagement Focus"
5423,numeric,Numeric: ID 5423,7046,"Neutral Demographic Mix, Partner Inclined",7047,"Diverse Demographics, Average Customer Base"
5424,numeric,Numeric: ID 5424,7046,"Neutral Demographic Mix, Partner Inclined",7047,"Diverse Demographics, Average Customer Base"
5425,numeric,Numeric: ID 5425,7045,"Younger, Fewer Partners, Gender Balanced",7048,"Younger, Single Customers: Engagement Focus"
5426,numeric,Numeric: ID 5426,7046,"Neutral Demographic Mix, Partner Inclined",7047,"Diverse Demographics, Average Customer Base"
5427,numeric,Numeric: ID 5427,7046,"Neutral Demographic Mix, Partner Inclined",7047,"Diverse Demographics, Average Customer Base"
5428,numeric,Numeric: ID 5428,7044,"Balanced Demographics, Average Customer",7047,"Diverse Demographics, Average Customer Base"
5429,numeric,Numeric: ID 5429,7046,"Neutral Demographic Mix, Partner Inclined",7047,"Diverse Demographics, Average Customer Base"
5430,numeric,Numeric: ID 5430,7046,"Neutral Demographic Mix, Partner Inclined",7047,"Diverse Demographics, Average Customer Base"
5431,numeric,Numeric: ID 5431,7046,"Neutral Demographic Mix, Partner Inclined",7047,"Diverse Demographics, Average Customer Base"
5432,numeric,Numeric: ID 5432,7044,"Balanced Demographics, Average Customer",7047,"Diverse Demographics, Average Customer Base"
5433,numeric,Numeric: ID 5433,7046,"Neutral Demographic Mix, Partner Inclined",7047,"Diverse Demographics, Average Customer Base"
5434,numeric,Numeric: ID 5434,7046,"Neutral Demographic Mix, Partner Inclined",7047,"Diverse Demographics, Average Customer Base"
5435,numeric,Numeric: ID 5435,7044,"Balanced Demographics, Average Customer",7047,"Diverse Demographics, Average Customer Base"
5436,numeric,Numeric: ID 5436,7046,"Neutral Demographic Mix, Partner Inclined",7047,"Diverse Demographics, Average Customer Base"
5437,numeric,Numeric: ID 5437,7045,"Younger, Fewer Partners, Gender Balanced",7048,"Younger, Single Customers: Engagement Focus"
5438,numeric,Numeric: ID 5438,7045,"Younger, Fewer Partners, Gender Balanced",7048,"Younger, Single Customers: Engagement Focus"
5439,numeric,Numeric: ID 5439,7046,"Neutral Demographic Mix, Partner Inclined",7047,"Diverse Demographics, Average Customer Base"
5440,numeric,Numeric: ID 5440,7046,"Neutral Demographic Mix, Partner Inclined",7047,"Diverse Demographics, Average Customer Base"
5441,numeric,Numeric: ID 5441,7046,"Neutral Demographic Mix, Partner Inclined",7047,"Diverse Demographics, Average Customer Base"
5442,numeric,Numeric: ID 5442,7044,"Balanced Demographics, Average Customer",7047,"Diverse Demographics, Average Customer Base"
5443,numeric,Numeric: ID 5443,7046,"Neutral Demographic Mix, Partner Inclined",7047,"Diverse Demographics, Average Customer Base"
5444,numeric,Numeric: ID 5444,7045,"Younger, Fewer Partners, Gender Balanced",7048,"Younger, Single Customers: Engagement Focus"
5445,numeric,Numeric: ID 5445,7045,"Younger, Fewer Partners, Gender Balanced",7048,"Younger, Single Customers: Engagement Focus"
5446,numeric,Numeric: ID 5446,7044,"Balanced Demographics, Average Customer",7047,"Diverse Demographics, Average Customer Base"
5447,numeric,Numeric: ID 5447,7046,"Neutral Demographic Mix, Partner Inclined",7047,"Diverse Demographics, Average Customer Base"
5448,numeric,Numeric: ID 5448,7044,"Balanced Demographics, Average Customer",7047,"Diverse Demographics, Average Customer Base"
5449,numeric,Numeric: ID 5449,7046,"Neutral Demographic Mix, Partner Inclined",7047,"Diverse Demographics, Average Customer Base"
5450,numeric,Numeric: ID 5450,7045,"Younger, Fewer Partners, Gender Balanced",7048,"Younger, Single Customers: Engagement Focus"
5451,numeric,Numeric: ID 5451,7046,"Neutral Demographic Mix, Partner Inclined",7047,"Diverse Demographics, Average Customer Base"
5452,numeric,Numeric: ID 5452,7044,"Balanced Demographics, Average Customer",7047,"Diverse Demographics, Average Customer Base"
5453,numeric,Numeric: ID 5453,7046,"Neutral Demographic Mix, Partner Inclined",7047,"Diverse Demographics, Average Customer Base"
5454,numeric,Numeric: ID 5454,7044,"Balanced Demographics, Average Customer",7047,"Diverse Demographics, Average Customer Base"
5455,numeric,Numeric: ID 5455,7046,"Neutral Demographic Mix, Partner Inclined",7047,"Diverse Demographics, Average Customer Base"
5456,numeric,Numeric: ID 5456,7046,"Neutral Demographic Mix, Partner Inclined",7047,"Diverse Demographics, Average Customer Base"
5457,numeric,Numeric: ID 5457,7044,"Balanced Demographics, Average Customer",7047,"Diverse Demographics, Average Customer Base"
5458,numeric,Numeric: ID 5458,7046,"Neutral Demographic Mix, Partner Inclined",7047,"Diverse Demographics, Average Customer Base"
5459,numeric,Numeric: ID 5459,7045,"Younger, Fewer Partners, Gender Balanced",7048,"Younger, Single Customers: Engagement Focus"
5460,numeric,Numeric: ID 5460,7046,"Neutral Demographic Mix, Partner Inclined",7047,"Diverse Demographics, Average Customer Base"
5461,numeric,Numeric: ID 5461,7046,"Neutral Demographic Mix, Partner Inclined",7047,"Diverse Demographics, Average Customer Base"
5462,numeric,Numeric: ID 5462,7046,"Neutral Demographic Mix, Partner Inclined",7047,"Diverse Demographics, Average Customer Base"
5463,numeric,Numeric: ID 5463,7046,"Neutral Demographic Mix, Partner Inclined",7047,"Diverse Demographics, Average Customer Base"
5464,numeric,Numeric: ID 5464,7046,"Neutral Demographic Mix, Partner Inclined",7047,"Diverse Demographics, Average Customer Base"
5465,numeric,Numeric: ID 5465,7046,"Neutral Demographic Mix, Partner Inclined",7047,"Diverse Demographics, Average Customer Base"
5466,numeric,Numeric: ID 5466,7046,"Neutral Demographic Mix, Partner Inclined",7047,"Diverse Demographics, Average Customer Base"
5467,numeric,Numeric: ID 5467,7046,"Neutral Demographic Mix, Partner Inclined",7047,"Diverse Demographics, Average Customer Base"
5468,numeric,Numeric: ID 5468,7045,"Younger, Fewer Partners, Gender Balanced",7048,"Younger, Single Customers: Engagement Focus"
5469,numeric,Numeric: ID 5469,7046,"Neutral Demographic Mix, Partner Inclined",7047,"Diverse Demographics, Average Customer Base"
5470,numeric,Numeric: ID 5470,7046,"Neutral Demographic Mix, Partner Inclined",7047,"Diverse Demographics, Average Customer Base"
5471,numeric,Numeric: ID 5471,7046,"Neutral Demographic Mix, Partner Inclined",7047,"Diverse Demographics, Average Customer Base"
5472,numeric,Numeric: ID 5472,7045,"Younger, Fewer Partners, Gender Balanced",7048,"Younger, Single Customers: Engagement Focus"
5473,numeric,Numeric: ID 5473,7046,"Neutral Demographic Mix, Partner Inclined",7047,"Diverse Demographics, Average Customer Base"
5474,numeric,Numeric: ID 5474,7044,"Balanced Demographics, Average Customer",7047,"Diverse Demographics, Average Customer Base"
5475,numeric,Numeric: ID 5475,7046,"Neutral Demographic Mix, Partner Inclined",7047,"Diverse Demographics, Average Customer Base"
5476,numeric,Numeric: ID 5476,7046,"Neutral Demographic Mix, Partner Inclined",7047,"Diverse Demographics, Average Customer Base"
5477,numeric,Numeric: ID 5477,7045,"Younger, Fewer Partners, Gender Balanced",7048,"Younger, Single Customers: Engagement Focus"
5478,numeric,Numeric: ID 5478,7045,"Younger, Fewer Partners, Gender Balanced",7048,"Younger, Single Customers: Engagement Focus"
5479,numeric,Numeric: ID 5479,7046,"Neutral Demographic Mix, Partner Inclined",7047,"Diverse Demographics, Average Customer Base"
5480,numeric,Numeric: ID 5480,7046,"Neutral Demographic Mix, Partner Inclined",7047,"Diverse Demographics, Average Customer Base"
5481,numeric,Numeric: ID 5481,7046,"Neutral Demographic Mix, Partner Inclined",7047,"Diverse Demographics, Average Customer Base"
5482,numeric,Numeric: ID 5482,7046,"Neutral Demographic Mix, Partner Inclined",7047,"Diverse Demographics, Average Customer Base"
5483,numeric,Numeric: ID 5483,7046,"Neutral Demographic Mix, Partner Inclined",7047,"Diverse Demographics, Average Customer Base"
5484,numeric,Numeric: ID 5484,7046,"Neutral Demographic Mix, Partner Inclined",7047,"Diverse Demographics, Average Customer Base"
5485,numeric,Numeric: ID 5485,7046,"Neutral Demographic Mix, Partner Inclined",7047,"Diverse Demographics, Average Customer Base"
5486,numeric,Numeric: ID 5486,7046,"Neutral Demographic Mix, Partner Inclined",7047,"Diverse Demographics, Average Customer Base"
5487,numeric,Numeric: ID 5487,7044,"Balanced Demographics, Average Customer",7047,"Diverse Demographics, Average Customer Base"
5488,numeric,Numeric: ID 5488,7046,"Neutral Demographic Mix, Partner Inclined",7047,"Diverse Demographics, Average Customer Base"
5489,numeric,Numeric: ID 5489,7046,"Neutral Demographic Mix, Partner Inclined",7047,"Diverse Demographics, Average Customer Base"
5490,numeric,Numeric: ID 5490,7045,"Younger, Fewer Partners, Gender Balanced",7048,"Younger, Single Customers: Engagement Focus"
5491,numeric,Numeric: ID 5491,7046,"Neutral Demographic Mix, Partner Inclined",7047,"Diverse Demographics, Average Customer Base"
5492,numeric,Numeric: ID 5492,7045,"Younger, Fewer Partners, Gender Balanced",7048,"Younger, Single Customers: Engagement Focus"
5493,numeric,Numeric: ID 5493,7046,"Neutral Demographic Mix, Partner Inclined",7047,"Diverse Demographics, Average Customer Base"
5494,numeric,Numeric: ID 5494,7046,"Neutral Demographic Mix, Partner Inclined",7047,"Diverse Demographics, Average Customer Base"
5495,numeric,Numeric: ID 5495,7046,"Neutral Demographic Mix, Partner Inclined",7047,"Diverse Demographics, Average Customer Base"
5496,numeric,Numeric: ID 5496,7046,"Neutral Demographic Mix, Partner Inclined",7047,"Diverse Demographics, Average Customer Base"
5497,numeric,Numeric: ID 5497,7044,"Balanced Demographics, Average Customer",7047,"Diverse Demographics, Average Customer Base"
5498,numeric,Numeric: ID 5498,7046,"Neutral Demographic Mix, Partner Inclined",7047,"Diverse Demographics, Average Customer Base"
5499,numeric,Numeric: ID 5499,7045,"Younger, Fewer Partners, Gender Balanced",7048,"Younger, Single Customers: Engagement Focus"
5500,numeric,Numeric: ID 5500,7045,"Younger, Fewer Partners, Gender Balanced",7048,"Younger, Single Customers: Engagement Focus"
5501,numeric,Numeric: ID 5501,7044,"Balanced Demographics, Average Customer",7047,"Diverse Demographics, Average Customer Base"
5502,numeric,Numeric: ID 5502,7045,"Younger, Fewer Partners, Gender Balanced",7048,"Younger, Single Customers: Engagement Focus"
5503,numeric,Numeric: ID 5503,7046,"Neutral Demographic Mix, Partner Inclined",7047,"Diverse Demographics, Average Customer Base"
5504,numeric,Numeric: ID 5504,7046,"Neutral Demographic Mix, Partner Inclined",7047,"Diverse Demographics, Average Customer Base"
5505,numeric,Numeric: ID 5505,7046,"Neutral Demographic Mix, Partner Inclined",7047,"Diverse Demographics, Average Customer Base"
5506,numeric,Numeric: ID 5506,7046,"Neutral Demographic Mix, Partner Inclined",7047,"Diverse Demographics, Average Customer Base"
5507,numeric,Numeric: ID 5507,7046,"Neutral Demographic Mix, Partner Inclined",7047,"Diverse Demographics, Average Customer Base"
5508,numeric,Numeric: ID 5508,7045,"Younger, Fewer Partners, Gender Balanced",7048,"Younger, Single Customers: Engagement Focus"
5509,numeric,Numeric: ID 5509,7046,"Neutral Demographic Mix, Partner Inclined",7047,"Diverse Demographics, Average Customer Base"
5510,numeric,Numeric: ID 5510,7046,"Neutral Demographic Mix, Partner Inclined",7047,"Diverse Demographics, Average Customer Base"
5511,numeric,Numeric: ID 5511,7046,"Neutral Demographic Mix, Partner Inclined",7047,"Diverse Demographics, Average Customer Base"
5512,numeric,Numeric: ID 5512,7046,"Neutral Demographic Mix, Partner Inclined",7047,"Diverse Demographics, Average Customer Base"
5513,numeric,Numeric: ID 5513,7044,"Balanced Demographics, Average Customer",7047,"Diverse Demographics, Average Customer Base"
5514,numeric,Numeric: ID 5514,7046,"Neutral Demographic Mix, Partner Inclined",7047,"Diverse Demographics, Average Customer Base"
5515,numeric,Numeric: ID 5515,7045,"Younger, Fewer Partners, Gender Balanced",7048,"Younger, Single Customers: Engagement Focus"
5516,numeric,Numeric: ID 5516,7046,"Neutral Demographic Mix, Partner Inclined",7047,"Diverse Demographics, Average Customer Base"
5517,numeric,Numeric: ID 5517,7046,"Neutral Demographic Mix, Partner Inclined",7047,"Diverse Demographics, Average Customer Base"
5518,numeric,Numeric: ID 5518,7045,"Younger, Fewer Partners, Gender Balanced",7048,"Younger, Single Customers: Engagement Focus"
5519,numeric,Numeric: ID 5519,7046,"Neutral Demographic Mix, Partner Inclined",7047,"Diverse Demographics, Average Customer Base"
5520,numeric,Numeric: ID 5520,7046,"Neutral Demographic Mix, Partner Inclined",7047,"Diverse Demographics, Average Customer Base"
5521,numeric,Numeric: ID 5521,7045,"Younger, Fewer Partners, Gender Balanced",7048,"Younger, Single Customers: Engagement Focus"
5522,numeric,Numeric: ID 5522,7045,"Younger, Fewer Partners, Gender Balanced",7048,"Younger, Single Customers: Engagement Focus"
5523,numeric,Numeric: ID 5523,7046,"Neutral Demographic Mix, Partner Inclined",7047,"Diverse Demographics, Average Customer Base"
5524,numeric,Numeric: ID 5524,7046,"Neutral Demographic Mix, Partner Inclined",7047,"Diverse Demographics, Average Customer Base"
5525,numeric,Numeric: ID 5525,7046,"Neutral Demographic Mix, Partner Inclined",7047,"Diverse Demographics, Average Customer Base"
5526,numeric,Numeric: ID 5526,7045,"Younger, Fewer Partners, Gender Balanced",7048,"Younger, Single Customers: Engagement Focus"
5527,numeric,Numeric: ID 5527,7045,"Younger, Fewer Partners, Gender Balanced",7048,"Younger, Single Customers: Engagement Focus"
5528,numeric,Numeric: ID 5528,7046,"Neutral Demographic Mix, Partner Inclined",7047,"Diverse Demographics, Average Customer Base"
5529,numeric,Numeric: ID 5529,7046,"Neutral Demographic Mix, Partner Inclined",7047,"Diverse Demographics, Average Customer Base"
5530,numeric,Numeric: ID 5530,7046,"Neutral Demographic Mix, Partner Inclined",7047,"Diverse Demographics, Average Customer Base"
5531,numeric,Numeric: ID 5531,7046,"Neutral Demographic Mix, Partner Inclined",7047,"Diverse Demographics, Average Customer Base"
5532,numeric,Numeric: ID 5532,7046,"Neutral Demographic Mix, Partner Inclined",7047,"Diverse Demographics, Average Customer Base"
5533,numeric,Numeric: ID 5533,7044,"Balanced Demographics, Average Customer",7047,"Diverse Demographics, Average Customer Base"
5534,numeric,Numeric: ID 5534,7045,"Younger, Fewer Partners, Gender Balanced",7048,"Younger, Single Customers: Engagement Focus"
5535,numeric,Numeric: ID 5535,7044,"Balanced Demographics, Average Customer",7047,"Diverse Demographics, Average Customer Base"
5536,numeric,Numeric: ID 5536,7045,"Younger, Fewer Partners, Gender Balanced",7048,"Younger, Single Customers: Engagement Focus"
5537,numeric,Numeric: ID 5537,7045,"Younger, Fewer Partners, Gender Balanced",7048,"Younger, Single Customers: Engagement Focus"
5538,numeric,Numeric: ID 5538,7046,"Neutral Demographic Mix, Partner Inclined",7047,"Diverse Demographics, Average Customer Base"
5539,numeric,Numeric: ID 5539,7046,"Neutral Demographic Mix, Partner Inclined",7047,"Diverse Demographics, Average Customer Base"
5540,numeric,Numeric: ID 5540,7044,"Balanced Demographics, Average Customer",7047,"Diverse Demographics, Average Customer Base"
5541,numeric,Numeric: ID 5541,7045,"Younger, Fewer Partners, Gender Balanced",7048,"Younger, Single Customers: Engagement Focus"
5542,numeric,Numeric: ID 5542,7045,"Younger, Fewer Partners, Gender Balanced",7048,"Younger, Single Customers: Engagement Focus"
5543,numeric,Numeric: ID 5543,7045,"Younger, Fewer Partners, Gender Balanced",7048,"Younger, Single Customers: Engagement Focus"
5544,numeric,Numeric: ID 5544,7046,"Neutral Demographic Mix, Partner Inclined",7047,"Diverse Demographics, Average Customer Base"
5545,numeric,Numeric: ID 5545,7046,"Neutral Demographic Mix, Partner Inclined",7047,"Diverse Demographics, Average Customer Base"
5546,numeric,Numeric: ID 5546,7046,"Neutral Demographic Mix, Partner Inclined",7047,"Diverse Demographics, Average Customer Base"
5547,numeric,Numeric: ID 5547,7045,"Younger, Fewer Partners, Gender Balanced",7048,"Younger, Single Customers: Engagement Focus"
5548,numeric,Numeric: ID 5548,7045,"Younger, Fewer Partners, Gender Balanced",7048,"Younger, Single Customers: Engagement Focus"
5549,numeric,Numeric: ID 5549,7044,"Balanced Demographics, Average Customer",7047,"Diverse Demographics, Average Customer Base"
5550,numeric,Numeric: ID 5550,7046,"Neutral Demographic Mix, Partner Inclined",7047,"Diverse Demographics, Average Customer Base"
5551,numeric,Numeric: ID 5551,7044,"Balanced Demographics, Average Customer",7047,"Diverse Demographics, Average Customer Base"
5552,numeric,Numeric: ID 5552,7044,"Balanced Demographics, Average Customer",7047,"Diverse Demographics, Average Customer Base"
5553,numeric,Numeric: ID 5553,7046,"Neutral Demographic Mix, Partner Inclined",7047,"Diverse Demographics, Average Customer Base"
5554,numeric,Numeric: ID 5554,7046,"Neutral Demographic Mix, Partner Inclined",7047,"Diverse Demographics, Average Customer Base"
5555,numeric,Numeric: ID 5555,7045,"Younger, Fewer Partners, Gender Balanced",7048,"Younger, Single Customers: Engagement Focus"
5556,numeric,Numeric: ID 5556,7046,"Neutral Demographic Mix, Partner Inclined",7047,"Diverse Demographics, Average Customer Base"
5557,numeric,Numeric: ID 5557,7044,"Balanced Demographics, Average Customer",7047,"Diverse Demographics, Average Customer Base"
5558,numeric,Numeric: ID 5558,7046,"Neutral Demographic Mix, Partner Inclined",7047,"Diverse Demographics, Average Customer Base"
5559,numeric,Numeric: ID 5559,7045,"Younger, Fewer Partners, Gender Balanced",7048,"Younger, Single Customers: Engagement Focus"
5560,numeric,Numeric: ID 5560,7045,"Younger, Fewer Partners, Gender Balanced",7048,"Younger, Single Customers: Engagement Focus"
5561,numeric,Numeric: ID 5561,7046,"Neutral Demographic Mix, Partner Inclined",7047,"Diverse Demographics, Average Customer Base"
5562,numeric,Numeric: ID 5562,7046,"Neutral Demographic Mix, Partner Inclined",7047,"Diverse Demographics, Average Customer Base"
5563,numeric,Numeric: ID 5563,7046,"Neutral Demographic Mix, Partner Inclined",7047,"Diverse Demographics, Average Customer Base"
5564,numeric,Numeric: ID 5564,7045,"Younger, Fewer Partners, Gender Balanced",7048,"Younger, Single Customers: Engagement Focus"
5565,numeric,Numeric: ID 5565,7044,"Balanced Demographics, Average Customer",7047,"Diverse Demographics, Average Customer Base"
5566,numeric,Numeric: ID 5566,7044,"Balanced Demographics, Average Customer",7047,"Diverse Demographics, Average Customer Base"
5567,numeric,Numeric: ID 5567,7046,"Neutral Demographic Mix, Partner Inclined",7047,"Diverse Demographics, Average Customer Base"
5568,numeric,Numeric: ID 5568,7044,"Balanced Demographics, Average Customer",7047,"Diverse Demographics, Average Customer Base"
5569,numeric,Numeric: ID 5569,7045,"Younger, Fewer Partners, Gender Balanced",7048,"Younger, Single Customers: Engagement Focus"
5570,numeric,Numeric: ID 5570,7046,"Neutral Demographic Mix, Partner Inclined",7047,"Diverse Demographics, Average Customer Base"
5571,numeric,Numeric: ID 5571,7045,"Younger, Fewer Partners, Gender Balanced",7048,"Younger, Single Customers: Engagement Focus"
5572,numeric,Numeric: ID 5572,7046,"Neutral Demographic Mix, Partner Inclined",7047,"Diverse Demographics, Average Customer Base"
5573,numeric,Numeric: ID 5573,7046,"Neutral Demographic Mix, Partner Inclined",7047,"Diverse Demographics, Average Customer Base"
5574,numeric,Numeric: ID 5574,7045,"Younger, Fewer Partners, Gender Balanced",7048,"Younger, Single Customers: Engagement Focus"
5575,numeric,Numeric: ID 5575,7046,"Neutral Demographic Mix, Partner Inclined",7047,"Diverse Demographics, Average Customer Base"
5576,numeric,Numeric: ID 5576,7045,"Younger, Fewer Partners, Gender Balanced",7048,"Younger, Single Customers: Engagement Focus"
5577,numeric,Numeric: ID 5577,7046,"Neutral Demographic Mix, Partner Inclined",7047,"Diverse Demographics, Average Customer Base"
5578,numeric,Numeric: ID 5578,7046,"Neutral Demographic Mix, Partner Inclined",7047,"Diverse Demographics, Average Customer Base"
5579,numeric,Numeric: ID 5579,7046,"Neutral Demographic Mix, Partner Inclined",7047,"Diverse Demographics, Average Customer Base"
5580,numeric,Numeric: ID 5580,7046,"Neutral Demographic Mix, Partner Inclined",7047,"Diverse Demographics, Average Customer Base"
5581,numeric,Numeric: ID 5581,7045,"Younger, Fewer Partners, Gender Balanced",7048,"Younger, Single Customers: Engagement Focus"
5582,numeric,Numeric: ID 5582,7044,"Balanced Demographics, Average Customer",7047,"Diverse Demographics, Average Customer Base"
5583,numeric,Numeric: ID 5583,7046,"Neutral Demographic Mix, Partner Inclined",7047,"Diverse Demographics, Average Customer Base"
5584,numeric,Numeric: ID 5584,7045,"Younger, Fewer Partners, Gender Balanced",7048,"Younger, Single Customers: Engagement Focus"
5585,numeric,Numeric: ID 5585,7046,"Neutral Demographic Mix, Partner Inclined",7047,"Diverse Demographics, Average Customer Base"
5586,numeric,Numeric: ID 5586,7045,"Younger, Fewer Partners, Gender Balanced",7048,"Younger, Single Customers: Engagement Focus"
5587,numeric,Numeric: ID 5587,7045,"Younger, Fewer Partners, Gender Balanced",7048,"Younger, Single Customers: Engagement Focus"
5588,numeric,Numeric: ID 5588,7046,"Neutral Demographic Mix, Partner Inclined",7047,"Diverse Demographics, Average Customer Base"
5589,numeric,Numeric: ID 5589,7046,"Neutral Demographic Mix, Partner Inclined",7047,"Diverse Demographics, Average Customer Base"
5590,numeric,Numeric: ID 5590,7046,"Neutral Demographic Mix, Partner Inclined",7047,"Diverse Demographics, Average Customer Base"
5591,numeric,Numeric: ID 5591,7046,"Neutral Demographic Mix, Partner Inclined",7047,"Diverse Demographics, Average Customer Base"
5592,numeric,Numeric: ID 5592,7046,"Neutral Demographic Mix, Partner Inclined",7047,"Diverse Demographics, Average Customer Base"
5593,numeric,Numeric: ID 5593,7046,"Neutral Demographic Mix, Partner Inclined",7047,"Diverse Demographics, Average Customer Base"
5594,numeric,Numeric: ID 5594,7046,"Neutral Demographic Mix, Partner Inclined",7047,"Diverse Demographics, Average Customer Base"
5595,numeric,Numeric: ID 5595,7046,"Neutral Demographic Mix, Partner Inclined",7047,"Diverse Demographics, Average Customer Base"
5596,numeric,Numeric: ID 5596,7046,"Neutral Demographic Mix, Partner Inclined",7047,"Diverse Demographics, Average Customer Base"
5597,numeric,Numeric: ID 5597,7045,"Younger, Fewer Partners, Gender Balanced",7048,"Younger, Single Customers: Engagement Focus"
5598,numeric,Numeric: ID 5598,7046,"Neutral Demographic Mix, Partner Inclined",7047,"Diverse Demographics, Average Customer Base"
5599,numeric,Numeric: ID 5599,7046,"Neutral Demographic Mix, Partner Inclined",7047,"Diverse Demographics, Average Customer Base"
5600,numeric,Numeric: ID 5600,7046,"Neutral Demographic Mix, Partner Inclined",7047,"Diverse Demographics, Average Customer Base"
5601,numeric,Numeric: ID 5601,7044,"Balanced Demographics, Average Customer",7047,"Diverse Demographics, Average Customer Base"
5602,numeric,Numeric: ID 5602,7046,"Neutral Demographic Mix, Partner Inclined",7047,"Diverse Demographics, Average Customer Base"
5603,numeric,Numeric: ID 5603,7045,"Younger, Fewer Partners, Gender Balanced",7048,"Younger, Single Customers: Engagement Focus"
5604,numeric,Numeric: ID 5604,7044,"Balanced Demographics, Average Customer",7047,"Diverse Demographics, Average Customer Base"
5605,numeric,Numeric: ID 5605,7046,"Neutral Demographic Mix, Partner Inclined",7047,"Diverse Demographics, Average Customer Base"
5606,numeric,Numeric: ID 5606,7045,"Younger, Fewer Partners, Gender Balanced",7048,"Younger, Single Customers: Engagement Focus"
5607,numeric,Numeric: ID 5607,7046,"Neutral Demographic Mix, Partner Inclined",7047,"Diverse Demographics, Average Customer Base"
5608,numeric,Numeric: ID 5608,7046,"Neutral Demographic Mix, Partner Inclined",7047,"Diverse Demographics, Average Customer Base"
5609,numeric,Numeric: ID 5609,7044,"Balanced Demographics, Average Customer",7047,"Diverse Demographics, Average Customer Base"
5610,numeric,Numeric: ID 5610,7045,"Younger, Fewer Partners, Gender Balanced",7048,"Younger, Single Customers: Engagement Focus"
5611,numeric,Numeric: ID 5611,7046,"Neutral Demographic Mix, Partner Inclined",7047,"Diverse Demographics, Average Customer Base"
5612,numeric,Numeric: ID 5612,7045,"Younger, Fewer Partners, Gender Balanced",7048,"Younger, Single Customers: Engagement Focus"
5613,numeric,Numeric: ID 5613,7046,"Neutral Demographic Mix, Partner Inclined",7047,"Diverse Demographics, Average Customer Base"
5614,numeric,Numeric: ID 5614,7046,"Neutral Demographic Mix, Partner Inclined",7047,"Diverse Demographics, Average Customer Base"
5615,numeric,Numeric: ID 5615,7046,"Neutral Demographic Mix, Partner Inclined",7047,"Diverse Demographics, Average Customer Base"
5616,numeric,Numeric: ID 5616,7046,"Neutral Demographic Mix, Partner Inclined",7047,"Diverse Demographics, Average Customer Base"
5617,numeric,Numeric: ID 5617,7045,"Younger, Fewer Partners, Gender Balanced",7048,"Younger, Single Customers: Engagement Focus"
5618,numeric,Numeric: ID 5618,7046,"Neutral Demographic Mix, Partner Inclined",7047,"Diverse Demographics, Average Customer Base"
5619,numeric,Numeric: ID 5619,7045,"Younger, Fewer Partners, Gender Balanced",7048,"Younger, Single Customers: Engagement Focus"
5620,numeric,Numeric: ID 5620,7044,"Balanced Demographics, Average Customer",7047,"Diverse Demographics, Average Customer Base"
5621,numeric,Numeric: ID 5621,7045,"Younger, Fewer Partners, Gender Balanced",7048,"Younger, Single Customers: Engagement Focus"
5622,numeric,Numeric: ID 5622,7045,"Younger, Fewer Partners, Gender Balanced",7048,"Younger, Single Customers: Engagement Focus"
5623,numeric,Numeric: ID 5623,7046,"Neutral Demographic Mix, Partner Inclined",7047,"Diverse Demographics, Average Customer Base"
5624,numeric,Numeric: ID 5624,7045,"Younger, Fewer Partners, Gender Balanced",7048,"Younger, Single Customers: Engagement Focus"
5625,numeric,Numeric: ID 5625,7046,"Neutral Demographic Mix, Partner Inclined",7047,"Diverse Demographics, Average Customer Base"
5626,numeric,Numeric: ID 5626,7046,"Neutral Demographic Mix, Partner Inclined",7047,"Diverse Demographics, Average Customer Base"
5627,numeric,Numeric: ID 5627,7046,"Neutral Demographic Mix, Partner Inclined",7047,"Diverse Demographics, Average Customer Base"
5628,numeric,Numeric: ID 5628,7046,"Neutral Demographic Mix, Partner Inclined",7047,"Diverse Demographics, Average Customer Base"
5629,numeric,Numeric: ID 5629,7046,"Neutral Demographic Mix, Partner Inclined",7047,"Diverse Demographics, Average Customer Base"
5630,numeric,Numeric: ID 5630,7046,"Neutral Demographic Mix, Partner Inclined",7047,"Diverse Demographics, Average Customer Base"
5631,numeric,Numeric: ID 5631,7046,"Neutral Demographic Mix, Partner Inclined",7047,"Diverse Demographics, Average Customer Base"
5632,numeric,Numeric: ID 5632,7046,"Neutral Demographic Mix, Partner Inclined",7047,"Diverse Demographics, Average Customer Base"
5633,numeric,Numeric: ID 5633,7045,"Younger, Fewer Partners, Gender Balanced",7048,"Younger, Single Customers: Engagement Focus"
5634,numeric,Numeric: ID 5634,7046,"Neutral Demographic Mix, Partner Inclined",7047,"Diverse Demographics, Average Customer Base"
5635,numeric,Numeric: ID 5635,7046,"Neutral Demographic Mix, Partner Inclined",7047,"Diverse Demographics, Average Customer Base"
5636,numeric,Numeric: ID 5636,7046,"Neutral Demographic Mix, Partner Inclined",7047,"Diverse Demographics, Average Customer Base"
5637,numeric,Numeric: ID 5637,7046,"Neutral Demographic Mix, Partner Inclined",7047,"Diverse Demographics, Average Customer Base"
5638,numeric,Numeric: ID 5638,7046,"Neutral Demographic Mix, Partner Inclined",7047,"Diverse Demographics, Average Customer Base"
5639,numeric,Numeric: ID 5639,7046,"Neutral Demographic Mix, Partner Inclined",7047,"Diverse Demographics, Average Customer Base"
5640,numeric,Numeric: ID 5640,7046,"Neutral Demographic Mix, Partner Inclined",7047,"Diverse Demographics, Average Customer Base"
5641,numeric,Numeric: ID 5641,7046,"Neutral Demographic Mix, Partner Inclined",7047,"Diverse Demographics, Average Customer Base"
5642,numeric,Numeric: ID 5642,7044,"Balanced Demographics, Average Customer",7047,"Diverse Demographics, Average Customer Base"
5643,numeric,Numeric: ID 5643,7046,"Neutral Demographic Mix, Partner Inclined",7047,"Diverse Demographics, Average Customer Base"
5644,numeric,Numeric: ID 5644,7046,"Neutral Demographic Mix, Partner Inclined",7047,"Diverse Demographics, Average Customer Base"
5645,numeric,Numeric: ID 5645,7046,"Neutral Demographic Mix, Partner Inclined",7047,"Diverse Demographics, Average Customer Base"
5646,numeric,Numeric: ID 5646,7046,"Neutral Demographic Mix, Partner Inclined",7047,"Diverse Demographics, Average Customer Base"
5647,numeric,Numeric: ID 5647,7045,"Younger, Fewer Partners, Gender Balanced",7048,"Younger, Single Customers: Engagement Focus"
5648,numeric,Numeric: ID 5648,7046,"Neutral Demographic Mix, Partner Inclined",7047,"Diverse Demographics, Average Customer Base"
5649,numeric,Numeric: ID 5649,7046,"Neutral Demographic Mix, Partner Inclined",7047,"Diverse Demographics, Average Customer Base"
5650,numeric,Numeric: ID 5650,7046,"Neutral Demographic Mix, Partner Inclined",7047,"Diverse Demographics, Average Customer Base"
5651,numeric,Numeric: ID 5651,7046,"Neutral Demographic Mix, Partner Inclined",7047,"Diverse Demographics, Average Customer Base"
5652,numeric,Numeric: ID 5652,7045,"Younger, Fewer Partners, Gender Balanced",7048,"Younger, Single Customers: Engagement Focus"
5653,numeric,Numeric: ID 5653,7046,"Neutral Demographic Mix, Partner Inclined",7047,"Diverse Demographics, Average Customer Base"
5654,numeric,Numeric: ID 5654,7046,"Neutral Demographic Mix, Partner Inclined",7047,"Diverse Demographics, Average Customer Base"
5655,numeric,Numeric: ID 5655,7046,"Neutral Demographic Mix, Partner Inclined",7047,"Diverse Demographics, Average Customer Base"
5656,numeric,Numeric: ID 5656,7045,"Younger, Fewer Partners, Gender Balanced",7048,"Younger, Single Customers: Engagement Focus"
5657,numeric,Numeric: ID 5657,7046,"Neutral Demographic Mix, Partner Inclined",7047,"Diverse Demographics, Average Customer Base"
5658,numeric,Numeric: ID 5658,7045,"Younger, Fewer Partners, Gender Balanced",7048,"Younger, Single Customers: Engagement Focus"
5659,numeric,Numeric: ID 5659,7046,"Neutral Demographic Mix, Partner Inclined",7047,"Diverse Demographics, Average Customer Base"
5660,numeric,Numeric: ID 5660,7046,"Neutral Demographic Mix, Partner Inclined",7047,"Diverse Demographics, Average Customer Base"
5661,numeric,Numeric: ID 5661,7044,"Balanced Demographics, Average Customer",7047,"Diverse Demographics, Average Customer Base"
5662,numeric,Numeric: ID 5662,7045,"Younger, Fewer Partners, Gender Balanced",7048,"Younger, Single Customers: Engagement Focus"
5663,numeric,Numeric: ID 5663,7046,"Neutral Demographic Mix, Partner Inclined",7047,"Diverse Demographics, Average Customer Base"
5664,numeric,Numeric: ID 5664,7044,"Balanced Demographics, Average Customer",7047,"Diverse Demographics, Average Customer Base"
5665,numeric,Numeric: ID 5665,7046,"Neutral Demographic Mix, Partner Inclined",7047,"Diverse Demographics, Average Customer Base"
5666,numeric,Numeric: ID 5666,7045,"Younger, Fewer Partners, Gender Balanced",7048,"Younger, Single Customers: Engagement Focus"
5667,numeric,Numeric: ID 5667,7045,"Younger, Fewer Partners, Gender Balanced",7048,"Younger, Single Customers: Engagement Focus"
5668,numeric,Numeric: ID 5668,7045,"Younger, Fewer Partners, Gender Balanced",7048,"Younger, Single Customers: Engagement Focus"
5669,numeric,Numeric: ID 5669,7045,"Younger, Fewer Partners, Gender Balanced",7048,"Younger, Single Customers: Engagement Focus"
5670,numeric,Numeric: ID 5670,7046,"Neutral Demographic Mix, Partner Inclined",7047,"Diverse Demographics, Average Customer Base"
5671,numeric,Numeric: ID 5671,7046,"Neutral Demographic Mix, Partner Inclined",7047,"Diverse Demographics, Average Customer Base"
5672,numeric,Numeric: ID 5672,7046,"Neutral Demographic Mix, Partner Inclined",7047,"Diverse Demographics, Average Customer Base"
5673,numeric,Numeric: ID 5673,7046,"Neutral Demographic Mix, Partner Inclined",7047,"Diverse Demographics, Average Customer Base"
5674,numeric,Numeric: ID 5674,7045,"Younger, Fewer Partners, Gender Balanced",7048,"Younger, Single Customers: Engagement Focus"
5675,numeric,Numeric: ID 5675,7046,"Neutral Demographic Mix, Partner Inclined",7047,"Diverse Demographics, Average Customer Base"
5676,numeric,Numeric: ID 5676,7046,"Neutral Demographic Mix, Partner Inclined",7047,"Diverse Demographics, Average Customer Base"
5677,numeric,Numeric: ID 5677,7046,"Neutral Demographic Mix, Partner Inclined",7047,"Diverse Demographics, Average Customer Base"
5678,numeric,Numeric: ID 5678,7045,"Younger, Fewer Partners, Gender Balanced",7048,"Younger, Single Customers: Engagement Focus"
5679,numeric,Numeric: ID 5679,7044,"Balanced Demographics, Average Customer",7047,"Diverse Demographics, Average Customer Base"
5680,numeric,Numeric: ID 5680,7046,"Neutral Demographic Mix, Partner Inclined",7047,"Diverse Demographics, Average Customer Base"
5681,numeric,Numeric: ID 5681,7046,"Neutral Demographic Mix, Partner Inclined",7047,"Diverse Demographics, Average Customer Base"
5682,numeric,Numeric: ID 5682,7046,"Neutral Demographic Mix, Partner Inclined",7047,"Diverse Demographics, Average Customer Base"
5683,numeric,Numeric: ID 5683,7046,"Neutral Demographic Mix, Partner Inclined",7047,"Diverse Demographics, Average Customer Base"
5684,numeric,Numeric: ID 5684,7045,"Younger, Fewer Partners, Gender Balanced",7048,"Younger, Single Customers: Engagement Focus"
5685,numeric,Numeric: ID 5685,7046,"Neutral Demographic Mix, Partner Inclined",7047,"Diverse Demographics, Average Customer Base"
5686,numeric,Numeric: ID 5686,7045,"Younger, Fewer Partners, Gender Balanced",7048,"Younger, Single Customers: Engagement Focus"
5687,numeric,Numeric: ID 5687,7046,"Neutral Demographic Mix, Partner Inclined",7047,"Diverse Demographics, Average Customer Base"
5688,numeric,Numeric: ID 5688,7045,"Younger, Fewer Partners, Gender Balanced",7048,"Younger, Single Customers: Engagement Focus"
5689,numeric,Numeric: ID 5689,7044,"Balanced Demographics, Average Customer",7047,"Diverse Demographics, Average Customer Base"
5690,numeric,Numeric: ID 5690,7046,"Neutral Demographic Mix, Partner Inclined",7047,"Diverse Demographics, Average Customer Base"
5691,numeric,Numeric: ID 5691,7044,"Balanced Demographics, Average Customer",7047,"Diverse Demographics, Average Customer Base"
5692,numeric,Numeric: ID 5692,7046,"Neutral Demographic Mix, Partner Inclined",7047,"Diverse Demographics, Average Customer Base"
5693,numeric,Numeric: ID 5693,7045,"Younger, Fewer Partners, Gender Balanced",7048,"Younger, Single Customers: Engagement Focus"
5694,numeric,Numeric: ID 5694,7046,"Neutral Demographic Mix, Partner Inclined",7047,"Diverse Demographics, Average Customer Base"
5695,numeric,Numeric: ID 5695,7046,"Neutral Demographic Mix, Partner Inclined",7047,"Diverse Demographics, Average Customer Base"
5696,numeric,Numeric: ID 5696,7046,"Neutral Demographic Mix, Partner Inclined",7047,"Diverse Demographics, Average Customer Base"
5697,numeric,Numeric: ID 5697,7046,"Neutral Demographic Mix, Partner Inclined",7047,"Diverse Demographics, Average Customer Base"
5698,numeric,Numeric: ID 5698,7046,"Neutral Demographic Mix, Partner Inclined",7047,"Diverse Demographics, Average Customer Base"
5699,numeric,Numeric: ID 5699,7046,"Neutral Demographic Mix, Partner Inclined",7047,"Diverse Demographics, Average Customer Base"
5700,numeric,Numeric: ID 5700,7046,"Neutral Demographic Mix, Partner Inclined",7047,"Diverse Demographics, Average Customer Base"
5701,numeric,Numeric: ID 5701,7045,"Younger, Fewer Partners, Gender Balanced",7048,"Younger, Single Customers: Engagement Focus"
5702,numeric,Numeric: ID 5702,7045,"Younger, Fewer Partners, Gender Balanced",7048,"Younger, Single Customers: Engagement Focus"
5703,numeric,Numeric: ID 5703,7046,"Neutral Demographic Mix, Partner Inclined",7047,"Diverse Demographics, Average Customer Base"
5704,numeric,Numeric: ID 5704,7046,"Neutral Demographic Mix, Partner Inclined",7047,"Diverse Demographics, Average Customer Base"
5705,numeric,Numeric: ID 5705,7046,"Neutral Demographic Mix, Partner Inclined",7047,"Diverse Demographics, Average Customer Base"
5706,numeric,Numeric: ID 5706,7046,"Neutral Demographic Mix, Partner Inclined",7047,"Diverse Demographics, Average Customer Base"
5707,numeric,Numeric: ID 5707,7046,"Neutral Demographic Mix, Partner Inclined",7047,"Diverse Demographics, Average Customer Base"
5708,numeric,Numeric: ID 5708,7045,"Younger, Fewer Partners, Gender Balanced",7048,"Younger, Single Customers: Engagement Focus"
5709,numeric,Numeric: ID 5709,7046,"Neutral Demographic Mix, Partner Inclined",7047,"Diverse Demographics, Average Customer Base"
5710,numeric,Numeric: ID 5710,7046,"Neutral Demographic Mix, Partner Inclined",7047,"Diverse Demographics, Average Customer Base"
5711,numeric,Numeric: ID 5711,7044,"Balanced Demographics, Average Customer",7047,"Diverse Demographics, Average Customer Base"
5712,numeric,Numeric: ID 5712,7046,"Neutral Demographic Mix, Partner Inclined",7047,"Diverse Demographics, Average Customer Base"
5713,numeric,Numeric: ID 5713,7046,"Neutral Demographic Mix, Partner Inclined",7047,"Diverse Demographics, Average Customer Base"
5714,numeric,Numeric: ID 5714,7046,"Neutral Demographic Mix, Partner Inclined",7047,"Diverse Demographics, Average Customer Base"
5715,numeric,Numeric: ID 5715,7046,"Neutral Demographic Mix, Partner Inclined",7047,"Diverse Demographics, Average Customer Base"
5716,numeric,Numeric: ID 5716,7044,"Balanced Demographics, Average Customer",7047,"Diverse Demographics, Average Customer Base"
5717,numeric,Numeric: ID 5717,7046,"Neutral Demographic Mix, Partner Inclined",7047,"Diverse Demographics, Average Customer Base"
5718,numeric,Numeric: ID 5718,7045,"Younger, Fewer Partners, Gender Balanced",7048,"Younger, Single Customers: Engagement Focus"
5719,numeric,Numeric: ID 5719,7045,"Younger, Fewer Partners, Gender Balanced",7048,"Younger, Single Customers: Engagement Focus"
5720,numeric,Numeric: ID 5720,7045,"Younger, Fewer Partners, Gender Balanced",7048,"Younger, Single Customers: Engagement Focus"
5721,numeric,Numeric: ID 5721,7046,"Neutral Demographic Mix, Partner Inclined",7047,"Diverse Demographics, Average Customer Base"
5722,numeric,Numeric: ID 5722,7046,"Neutral Demographic Mix, Partner Inclined",7047,"Diverse Demographics, Average Customer Base"
5723,numeric,Numeric: ID 5723,7046,"Neutral Demographic Mix, Partner Inclined",7047,"Diverse Demographics, Average Customer Base"
5724,numeric,Numeric: ID 5724,7045,"Younger, Fewer Partners, Gender Balanced",7048,"Younger, Single Customers: Engagement Focus"
5725,numeric,Numeric: ID 5725,7046,"Neutral Demographic Mix, Partner Inclined",7047,"Diverse Demographics, Average Customer Base"
5726,numeric,Numeric: ID 5726,7046,"Neutral Demographic Mix, Partner Inclined",7047,"Diverse Demographics, Average Customer Base"
5727,numeric,Numeric: ID 5727,7045,"Younger, Fewer Partners, Gender Balanced",7048,"Younger, Single Customers: Engagement Focus"
5728,numeric,Numeric: ID 5728,7046,"Neutral Demographic Mix, Partner Inclined",7047,"Diverse Demographics, Average Customer Base"
5729,numeric,Numeric: ID 5729,7046,"Neutral Demographic Mix, Partner Inclined",7047,"Diverse Demographics, Average Customer Base"
5730,numeric,Numeric: ID 5730,7046,"Neutral Demographic Mix, Partner Inclined",7047,"Diverse Demographics, Average Customer Base"
5731,numeric,Numeric: ID 5731,7045,"Younger, Fewer Partners, Gender Balanced",7048,"Younger, Single Customers: Engagement Focus"
5732,numeric,Numeric: ID 5732,7046,"Neutral Demographic Mix, Partner Inclined",7047,"Diverse Demographics, Average Customer Base"
5733,numeric,Numeric: ID 5733,7046,"Neutral Demographic Mix, Partner Inclined",7047,"Diverse Demographics, Average Customer Base"
5734,numeric,Numeric: ID 5734,7046,"Neutral Demographic Mix, Partner Inclined",7047,"Diverse Demographics, Average Customer Base"
5735,numeric,Numeric: ID 5735,7046,"Neutral Demographic Mix, Partner Inclined",7047,"Diverse Demographics, Average Customer Base"
5736,numeric,Numeric: ID 5736,7046,"Neutral Demographic Mix, Partner Inclined",7047,"Diverse Demographics, Average Customer Base"
5737,numeric,Numeric: ID 5737,7046,"Neutral Demographic Mix, Partner Inclined",7047,"Diverse Demographics, Average Customer Base"
5738,numeric,Numeric: ID 5738,7046,"Neutral Demographic Mix, Partner Inclined",7047,"Diverse Demographics, Average Customer Base"
5739,numeric,Numeric: ID 5739,7046,"Neutral Demographic Mix, Partner Inclined",7047,"Diverse Demographics, Average Customer Base"
5740,numeric,Numeric: ID 5740,7046,"Neutral Demographic Mix, Partner Inclined",7047,"Diverse Demographics, Average Customer Base"
5741,numeric,Numeric: ID 5741,7046,"Neutral Demographic Mix, Partner Inclined",7047,"Diverse Demographics, Average Customer Base"
5742,numeric,Numeric: ID 5742,7045,"Younger, Fewer Partners, Gender Balanced",7048,"Younger, Single Customers: Engagement Focus"
5743,numeric,Numeric: ID 5743,7045,"Younger, Fewer Partners, Gender Balanced",7048,"Younger, Single Customers: Engagement Focus"
5744,numeric,Numeric: ID 5744,7044,"Balanced Demographics, Average Customer",7047,"Diverse Demographics, Average Customer Base"
5745,numeric,Numeric: ID 5745,7046,"Neutral Demographic Mix, Partner Inclined",7047,"Diverse Demographics, Average Customer Base"
5746,numeric,Numeric: ID 5746,7046,"Neutral Demographic Mix, Partner Inclined",7047,"Diverse Demographics, Average Customer Base"
5747,numeric,Numeric: ID 5747,7046,"Neutral Demographic Mix, Partner Inclined",7047,"Diverse Demographics, Average Customer Base"
5748,numeric,Numeric: ID 5748,7046,"Neutral Demographic Mix, Partner Inclined",7047,"Diverse Demographics, Average Customer Base"
5749,numeric,Numeric: ID 5749,7046,"Neutral Demographic Mix, Partner Inclined",7047,"Diverse Demographics, Average Customer Base"
5750,numeric,Numeric: ID 5750,7046,"Neutral Demographic Mix, Partner Inclined",7047,"Diverse Demographics, Average Customer Base"
5751,numeric,Numeric: ID 5751,7046,"Neutral Demographic Mix, Partner Inclined",7047,"Diverse Demographics, Average Customer Base"
5752,numeric,Numeric: ID 5752,7046,"Neutral Demographic Mix, Partner Inclined",7047,"Diverse Demographics, Average Customer Base"
5753,numeric,Numeric: ID 5753,7046,"Neutral Demographic Mix, Partner Inclined",7047,"Diverse Demographics, Average Customer Base"
5754,numeric,Numeric: ID 5754,7044,"Balanced Demographics, Average Customer",7047,"Diverse Demographics, Average Customer Base"
5755,numeric,Numeric: ID 5755,7044,"Balanced Demographics, Average Customer",7047,"Diverse Demographics, Average Customer Base"
5756,numeric,Numeric: ID 5756,7046,"Neutral Demographic Mix, Partner Inclined",7047,"Diverse Demographics, Average Customer Base"
5757,numeric,Numeric: ID 5757,7046,"Neutral Demographic Mix, Partner Inclined",7047,"Diverse Demographics, Average Customer Base"
5758,numeric,Numeric: ID 5758,7045,"Younger, Fewer Partners, Gender Balanced",7048,"Younger, Single Customers: Engagement Focus"
5759,numeric,Numeric: ID 5759,7046,"Neutral Demographic Mix, Partner Inclined",7047,"Diverse Demographics, Average Customer Base"
5760,numeric,Numeric: ID 5760,7046,"Neutral Demographic Mix, Partner Inclined",7047,"Diverse Demographics, Average Customer Base"
5761,numeric,Numeric: ID 5761,7046,"Neutral Demographic Mix, Partner Inclined",7047,"Diverse Demographics, Average Customer Base"
5762,numeric,Numeric: ID 5762,7045,"Younger, Fewer Partners, Gender Balanced",7048,"Younger, Single Customers: Engagement Focus"
5763,numeric,Numeric: ID 5763,7046,"Neutral Demographic Mix, Partner Inclined",7047,"Diverse Demographics, Average Customer Base"
5764,numeric,Numeric: ID 5764,7046,"Neutral Demographic Mix, Partner Inclined",7047,"Diverse Demographics, Average Customer Base"
5765,numeric,Numeric: ID 5765,7046,"Neutral Demographic Mix, Partner Inclined",7047,"Diverse Demographics, Average Customer Base"
5766,numeric,Numeric: ID 5766,7045,"Younger, Fewer Partners, Gender Balanced",7048,"Younger, Single Customers: Engagement Focus"
5767,numeric,Numeric: ID 5767,7046,"Neutral Demographic Mix, Partner Inclined",7047,"Diverse Demographics, Average Customer Base"
5768,numeric,Numeric: ID 5768,7046,"Neutral Demographic Mix, Partner Inclined",7047,"Diverse Demographics, Average Customer Base"
5769,numeric,Numeric: ID 5769,7046,"Neutral Demographic Mix, Partner Inclined",7047,"Diverse Demographics, Average Customer Base"
5770,numeric,Numeric: ID 5770,7046,"Neutral Demographic Mix, Partner Inclined",7047,"Diverse Demographics, Average Customer Base"
5771,numeric,Numeric: ID 5771,7045,"Younger, Fewer Partners, Gender Balanced",7048,"Younger, Single Customers: Engagement Focus"
5772,numeric,Numeric: ID 5772,7046,"Neutral Demographic Mix, Partner Inclined",7047,"Diverse Demographics, Average Customer Base"
5773,numeric,Numeric: ID 5773,7044,"Balanced Demographics, Average Customer",7047,"Diverse Demographics, Average Customer Base"
5774,numeric,Numeric: ID 5774,7046,"Neutral Demographic Mix, Partner Inclined",7047,"Diverse Demographics, Average Customer Base"
5775,numeric,Numeric: ID 5775,7044,"Balanced Demographics, Average Customer",7047,"Diverse Demographics, Average Customer Base"
5776,numeric,Numeric: ID 5776,7046,"Neutral Demographic Mix, Partner Inclined",7047,"Diverse Demographics, Average Customer Base"
5777,numeric,Numeric: ID 5777,7046,"Neutral Demographic Mix, Partner Inclined",7047,"Diverse Demographics, Average Customer Base"
5778,numeric,Numeric: ID 5778,7046,"Neutral Demographic Mix, Partner Inclined",7047,"Diverse Demographics, Average Customer Base"
5779,numeric,Numeric: ID 5779,7044,"Balanced Demographics, Average Customer",7047,"Diverse Demographics, Average Customer Base"
5780,numeric,Numeric: ID 5780,7045,"Younger, Fewer Partners, Gender Balanced",7048,"Younger, Single Customers: Engagement Focus"
5781,numeric,Numeric: ID 5781,7046,"Neutral Demographic Mix, Partner Inclined",7047,"Diverse Demographics, Average Customer Base"
5782,numeric,Numeric: ID 5782,7046,"Neutral Demographic Mix, Partner Inclined",7047,"Diverse Demographics, Average Customer Base"
5783,numeric,Numeric: ID 5783,7044,"Balanced Demographics, Average Customer",7047,"Diverse Demographics, Average Customer Base"
5784,numeric,Numeric: ID 5784,7046,"Neutral Demographic Mix, Partner Inclined",7047,"Diverse Demographics, Average Customer Base"
5785,numeric,Numeric: ID 5785,7046,"Neutral Demographic Mix, Partner Inclined",7047,"Diverse Demographics, Average Customer Base"
5786,numeric,Numeric: ID 5786,7046,"Neutral Demographic Mix, Partner Inclined",7047,"Diverse Demographics, Average Customer Base"
5787,numeric,Numeric: ID 5787,7046,"Neutral Demographic Mix, Partner Inclined",7047,"Diverse Demographics, Average Customer Base"
5788,numeric,Numeric: ID 5788,7045,"Younger, Fewer Partners, Gender Balanced",7048,"Younger, Single Customers: Engagement Focus"
5789,numeric,Numeric: ID 5789,7046,"Neutral Demographic Mix, Partner Inclined",7047,"Diverse Demographics, Average Customer Base"
5790,numeric,Numeric: ID 5790,7046,"Neutral Demographic Mix, Partner Inclined",7047,"Diverse Demographics, Average Customer Base"
5791,numeric,Numeric: ID 5791,7044,"Balanced Demographics, Average Customer",7047,"Diverse Demographics, Average Customer Base"
5792,numeric,Numeric: ID 5792,7046,"Neutral Demographic Mix, Partner Inclined",7047,"Diverse Demographics, Average Customer Base"
5793,numeric,Numeric: ID 5793,7046,"Neutral Demographic Mix, Partner Inclined",7047,"Diverse Demographics, Average Customer Base"
5794,numeric,Numeric: ID 5794,7046,"Neutral Demographic Mix, Partner Inclined",7047,"Diverse Demographics, Average Customer Base"
5795,numeric,Numeric: ID 5795,7046,"Neutral Demographic Mix, Partner Inclined",7047,"Diverse Demographics, Average Customer Base"
5796,numeric,Numeric: ID 5796,7046,"Neutral Demographic Mix, Partner Inclined",7047,"Diverse Demographics, Average Customer Base"
5797,numeric,Numeric: ID 5797,7046,"Neutral Demographic Mix, Partner Inclined",7047,"Diverse Demographics, Average Customer Base"
5798,numeric,Numeric: ID 5798,7046,"Neutral Demographic Mix, Partner Inclined",7047,"Diverse Demographics, Average Customer Base"
5799,numeric,Numeric: ID 5799,7046,"Neutral Demographic Mix, Partner Inclined",7047,"Diverse Demographics, Average Customer Base"
5800,numeric,Numeric: ID 5800,7045,"Younger, Fewer Partners, Gender Balanced",7048,"Younger, Single Customers: Engagement Focus"
5801,numeric,Numeric: ID 5801,7045,"Younger, Fewer Partners, Gender Balanced",7048,"Younger, Single Customers: Engagement Focus"
5802,numeric,Numeric: ID 5802,7046,"Neutral Demographic Mix, Partner Inclined",7047,"Diverse Demographics, Average Customer Base"
5803,numeric,Numeric: ID 5803,7044,"Balanced Demographics, Average Customer",7047,"Diverse Demographics, Average Customer Base"
5804,numeric,Numeric: ID 5804,7046,"Neutral Demographic Mix, Partner Inclined",7047,"Diverse Demographics, Average Customer Base"
5805,numeric,Numeric: ID 5805,7046,"Neutral Demographic Mix, Partner Inclined",7047,"Diverse Demographics, Average Customer Base"
5806,numeric,Numeric: ID 5806,7045,"Younger, Fewer Partners, Gender Balanced",7048,"Younger, Single Customers: Engagement Focus"
5807,numeric,Numeric: ID 5807,7046,"Neutral Demographic Mix, Partner Inclined",7047,"Diverse Demographics, Average Customer Base"
5808,numeric,Numeric: ID 5808,7044,"Balanced Demographics, Average Customer",7047,"Diverse Demographics, Average Customer Base"
5809,numeric,Numeric: ID 5809,7046,"Neutral Demographic Mix, Partner Inclined",7047,"Diverse Demographics, Average Customer Base"
5810,numeric,Numeric: ID 5810,7046,"Neutral Demographic Mix, Partner Inclined",7047,"Diverse Demographics, Average Customer Base"
5811,numeric,Numeric: ID 5811,7044,"Balanced Demographics, Average Customer",7047,"Diverse Demographics, Average Customer Base"
5812,numeric,Numeric: ID 5812,7046,"Neutral Demographic Mix, Partner Inclined",7047,"Diverse Demographics, Average Customer Base"
5813,numeric,Numeric: ID 5813,7046,"Neutral Demographic Mix, Partner Inclined",7047,"Diverse Demographics, Average Customer Base"
5814,numeric,Numeric: ID 5814,7046,"Neutral Demographic Mix, Partner Inclined",7047,"Diverse Demographics, Average Customer Base"
5815,numeric,Numeric: ID 5815,7044,"Balanced Demographics, Average Customer",7047,"Diverse Demographics, Average Customer Base"
5816,numeric,Numeric: ID 5816,7046,"Neutral Demographic Mix, Partner Inclined",7047,"Diverse Demographics, Average Customer Base"
5817,numeric,Numeric: ID 5817,7046,"Neutral Demographic Mix, Partner Inclined",7047,"Diverse Demographics, Average Customer Base"
5818,numeric,Numeric: ID 5818,7046,"Neutral Demographic Mix, Partner Inclined",7047,"Diverse Demographics, Average Customer Base"
5819,numeric,Numeric: ID 5819,7046,"Neutral Demographic Mix, Partner Inclined",7047,"Diverse Demographics, Average Customer Base"
5820,numeric,Numeric: ID 5820,7046,"Neutral Demographic Mix, Partner Inclined",7047,"Diverse Demographics, Average Customer Base"
5821,numeric,Numeric: ID 5821,7046,"Neutral Demographic Mix, Partner Inclined",7047,"Diverse Demographics, Average Customer Base"
5822,numeric,Numeric: ID 5822,7044,"Balanced Demographics, Average Customer",7047,"Diverse Demographics, Average Customer Base"
5823,numeric,Numeric: ID 5823,7045,"Younger, Fewer Partners, Gender Balanced",7048,"Younger, Single Customers: Engagement Focus"
5824,numeric,Numeric: ID 5824,7045,"Younger, Fewer Partners, Gender Balanced",7048,"Younger, Single Customers: Engagement Focus"
5825,numeric,Numeric: ID 5825,7045,"Younger, Fewer Partners, Gender Balanced",7048,"Younger, Single Customers: Engagement Focus"
5826,numeric,Numeric: ID 5826,7045,"Younger, Fewer Partners, Gender Balanced",7048,"Younger, Single Customers: Engagement Focus"
5827,numeric,Numeric: ID 5827,7045,"Younger, Fewer Partners, Gender Balanced",7048,"Younger, Single Customers: Engagement Focus"
5828,numeric,Numeric: ID 5828,7045,"Younger, Fewer Partners, Gender Balanced",7048,"Younger, Single Customers: Engagement Focus"
5829,numeric,Numeric: ID 5829,7046,"Neutral Demographic Mix, Partner Inclined",7047,"Diverse Demographics, Average Customer Base"
5830,numeric,Numeric: ID 5830,7046,"Neutral Demographic Mix, Partner Inclined",7047,"Diverse Demographics, Average Customer Base"
5831,numeric,Numeric: ID 5831,7045,"Younger, Fewer Partners, Gender Balanced",7048,"Younger, Single Customers: Engagement Focus"
5832,numeric,Numeric: ID 5832,7046,"Neutral Demographic Mix, Partner Inclined",7047,"Diverse Demographics, Average Customer Base"
5833,numeric,Numeric: ID 5833,7046,"Neutral Demographic Mix, Partner Inclined",7047,"Diverse Demographics, Average Customer Base"
5834,numeric,Numeric: ID 5834,7046,"Neutral Demographic Mix, Partner Inclined",7047,"Diverse Demographics, Average Customer Base"
5835,numeric,Numeric: ID 5835,7045,"Younger, Fewer Partners, Gender Balanced",7048,"Younger, Single Customers: Engagement Focus"
5836,numeric,Numeric: ID 5836,7046,"Neutral Demographic Mix, Partner Inclined",7047,"Diverse Demographics, Average Customer Base"
5837,numeric,Numeric: ID 5837,7046,"Neutral Demographic Mix, Partner Inclined",7047,"Diverse Demographics, Average Customer Base"
5838,numeric,Numeric: ID 5838,7046,"Neutral Demographic Mix, Partner Inclined",7047,"Diverse Demographics, Average Customer Base"
5839,numeric,Numeric: ID 5839,7044,"Balanced Demographics, Average Customer",7047,"Diverse Demographics, Average Customer Base"
5840,numeric,Numeric: ID 5840,7046,"Neutral Demographic Mix, Partner Inclined",7047,"Diverse Demographics, Average Customer Base"
5841,numeric,Numeric: ID 5841,7046,"Neutral Demographic Mix, Partner Inclined",7047,"Diverse Demographics, Average Customer Base"
5842,numeric,Numeric: ID 5842,7044,"Balanced Demographics, Average Customer",7047,"Diverse Demographics, Average Customer Base"
5843,numeric,Numeric: ID 5843,7046,"Neutral Demographic Mix, Partner Inclined",7047,"Diverse Demographics, Average Customer Base"
5844,numeric,Numeric: ID 5844,7044,"Balanced Demographics, Average Customer",7047,"Diverse Demographics, Average Customer Base"
5845,numeric,Numeric: ID 5845,7044,"Balanced Demographics, Average Customer",7047,"Diverse Demographics, Average Customer Base"
5846,numeric,Numeric: ID 5846,7046,"Neutral Demographic Mix, Partner Inclined",7047,"Diverse Demographics, Average Customer Base"
5847,numeric,Numeric: ID 5847,7045,"Younger, Fewer Partners, Gender Balanced",7048,"Younger, Single Customers: Engagement Focus"
5848,numeric,Numeric: ID 5848,7045,"Younger, Fewer Partners, Gender Balanced",7048,"Younger, Single Customers: Engagement Focus"
5849,numeric,Numeric: ID 5849,7045,"Younger, Fewer Partners, Gender Balanced",7048,"Younger, Single Customers: Engagement Focus"
5850,numeric,Numeric: ID 5850,7046,"Neutral Demographic Mix, Partner Inclined",7047,"Diverse Demographics, Average Customer Base"
5851,numeric,Numeric: ID 5851,7045,"Younger, Fewer Partners, Gender Balanced",7048,"Younger, Single Customers: Engagement Focus"
5852,numeric,Numeric: ID 5852,7045,"Younger, Fewer Partners, Gender Balanced",7048,"Younger, Single Customers: Engagement Focus"
5853,numeric,Numeric: ID 5853,7046,"Neutral Demographic Mix, Partner Inclined",7047,"Diverse Demographics, Average Customer Base"
5854,numeric,Numeric: ID 5854,7046,"Neutral Demographic Mix, Partner Inclined",7047,"Diverse Demographics, Average Customer Base"
5855,numeric,Numeric: ID 5855,7046,"Neutral Demographic Mix, Partner Inclined",7047,"Diverse Demographics, Average Customer Base"
5856,numeric,Numeric: ID 5856,7046,"Neutral Demographic Mix, Partner Inclined",7047,"Diverse Demographics, Average Customer Base"
5857,numeric,Numeric: ID 5857,7046,"Neutral Demographic Mix, Partner Inclined",7047,"Diverse Demographics, Average Customer Base"
5858,numeric,Numeric: ID 5858,7045,"Younger, Fewer Partners, Gender Balanced",7048,"Younger, Single Customers: Engagement Focus"
5859,numeric,Numeric: ID 5859,7046,"Neutral Demographic Mix, Partner Inclined",7047,"Diverse Demographics, Average Customer Base"
5860,numeric,Numeric: ID 5860,7046,"Neutral Demographic Mix, Partner Inclined",7047,"Diverse Demographics, Average Customer Base"
5861,numeric,Numeric: ID 5861,7046,"Neutral Demographic Mix, Partner Inclined",7047,"Diverse Demographics, Average Customer Base"
5862,numeric,Numeric: ID 5862,7046,"Neutral Demographic Mix, Partner Inclined",7047,"Diverse Demographics, Average Customer Base"
5863,numeric,Numeric: ID 5863,7046,"Neutral Demographic Mix, Partner Inclined",7047,"Diverse Demographics, Average Customer Base"
5864,numeric,Numeric: ID 5864,7046,"Neutral Demographic Mix, Partner Inclined",7047,"Diverse Demographics, Average Customer Base"
5865,numeric,Numeric: ID 5865,7046,"Neutral Demographic Mix, Partner Inclined",7047,"Diverse Demographics, Average Customer Base"
5866,numeric,Numeric: ID 5866,7046,"Neutral Demographic Mix, Partner Inclined",7047,"Diverse Demographics, Average Customer Base"
5867,numeric,Numeric: ID 5867,7046,"Neutral Demographic Mix, Partner Inclined",7047,"Diverse Demographics, Average Customer Base"
5868,numeric,Numeric: ID 5868,7045,"Younger, Fewer Partners, Gender Balanced",7048,"Younger, Single Customers: Engagement Focus"
5869,numeric,Numeric: ID 5869,7046,"Neutral Demographic Mix, Partner Inclined",7047,"Diverse Demographics, Average Customer Base"
5870,numeric,Numeric: ID 5870,7046,"Neutral Demographic Mix, Partner Inclined",7047,"Diverse Demographics, Average Customer Base"
5871,numeric,Numeric: ID 5871,7046,"Neutral Demographic Mix, Partner Inclined",7047,"Diverse Demographics, Average Customer Base"
5872,numeric,Numeric: ID 5872,7046,"Neutral Demographic Mix, Partner Inclined",7047,"Diverse Demographics, Average Customer Base"
5873,numeric,Numeric: ID 5873,7046,"Neutral Demographic Mix, Partner Inclined",7047,"Diverse Demographics, Average Customer Base"
5874,numeric,Numeric: ID 5874,7046,"Neutral Demographic Mix, Partner Inclined",7047,"Diverse Demographics, Average Customer Base"
5875,numeric,Numeric: ID 5875,7045,"Younger, Fewer Partners, Gender Balanced",7048,"Younger, Single Customers: Engagement Focus"
5876,numeric,Numeric: ID 5876,7046,"Neutral Demographic Mix, Partner Inclined",7047,"Diverse Demographics, Average Customer Base"
5877,numeric,Numeric: ID 5877,7046,"Neutral Demographic Mix, Partner Inclined",7047,"Diverse Demographics, Average Customer Base"
5878,numeric,Numeric: ID 5878,7046,"Neutral Demographic Mix, Partner Inclined",7047,"Diverse Demographics, Average Customer Base"
5879,numeric,Numeric: ID 5879,7046,"Neutral Demographic Mix, Partner Inclined",7047,"Diverse Demographics, Average Customer Base"
5880,numeric,Numeric: ID 5880,7046,"Neutral Demographic Mix, Partner Inclined",7047,"Diverse Demographics, Average Customer Base"
5881,numeric,Numeric: ID 5881,7045,"Younger, Fewer Partners, Gender Balanced",7048,"Younger, Single Customers: Engagement Focus"
5882,numeric,Numeric: ID 5882,7046,"Neutral Demographic Mix, Partner Inclined",7047,"Diverse Demographics, Average Customer Base"
5883,numeric,Numeric: ID 5883,7046,"Neutral Demographic Mix, Partner Inclined",7047,"Diverse Demographics, Average Customer Base"
5884,numeric,Numeric: ID 5884,7046,"Neutral Demographic Mix, Partner Inclined",7047,"Diverse Demographics, Average Customer Base"
5885,numeric,Numeric: ID 5885,7046,"Neutral Demographic Mix, Partner Inclined",7047,"Diverse Demographics, Average Customer Base"
5886,numeric,Numeric: ID 5886,7046,"Neutral Demographic Mix, Partner Inclined",7047,"Diverse Demographics, Average Customer Base"
5887,numeric,Numeric: ID 5887,7046,"Neutral Demographic Mix, Partner Inclined",7047,"Diverse Demographics, Average Customer Base"
5888,numeric,Numeric: ID 5888,7046,"Neutral Demographic Mix, Partner Inclined",7047,"Diverse Demographics, Average Customer Base"
5889,numeric,Numeric: ID 5889,7046,"Neutral Demographic Mix, Partner Inclined",7047,"Diverse Demographics, Average Customer Base"
5890,numeric,Numeric: ID 5890,7046,"Neutral Demographic Mix, Partner Inclined",7047,"Diverse Demographics, Average Customer Base"
5891,numeric,Numeric: ID 5891,7045,"Younger, Fewer Partners, Gender Balanced",7048,"Younger, Single Customers: Engagement Focus"
5892,numeric,Numeric: ID 5892,7046,"Neutral Demographic Mix, Partner Inclined",7047,"Diverse Demographics, Average Customer Base"
5893,numeric,Numeric: ID 5893,7046,"Neutral Demographic Mix, Partner Inclined",7047,"Diverse Demographics, Average Customer Base"
5894,numeric,Numeric: ID 5894,7045,"Younger, Fewer Partners, Gender Balanced",7048,"Younger, Single Customers: Engagement Focus"
5895,numeric,Numeric: ID 5895,7046,"Neutral Demographic Mix, Partner Inclined",7047,"Diverse Demographics, Average Customer Base"
5896,numeric,Numeric: ID 5896,7046,"Neutral Demographic Mix, Partner Inclined",7047,"Diverse Demographics, Average Customer Base"
5897,numeric,Numeric: ID 5897,7045,"Younger, Fewer Partners, Gender Balanced",7048,"Younger, Single Customers: Engagement Focus"
5898,numeric,Numeric: ID 5898,7046,"Neutral Demographic Mix, Partner Inclined",7047,"Diverse Demographics, Average Customer Base"
5899,numeric,Numeric: ID 5899,7045,"Younger, Fewer Partners, Gender Balanced",7048,"Younger, Single Customers: Engagement Focus"
5900,numeric,Numeric: ID 5900,7046,"Neutral Demographic Mix, Partner Inclined",7047,"Diverse Demographics, Average Customer Base"
5901,numeric,Numeric: ID 5901,7046,"Neutral Demographic Mix, Partner Inclined",7047,"Diverse Demographics, Average Customer Base"
5902,numeric,Numeric: ID 5902,7046,"Neutral Demographic Mix, Partner Inclined",7047,"Diverse Demographics, Average Customer Base"
5903,numeric,Numeric: ID 5903,7046,"Neutral Demographic Mix, Partner Inclined",7047,"Diverse Demographics, Average Customer Base"
5904,numeric,Numeric: ID 5904,7046,"Neutral Demographic Mix, Partner Inclined",7047,"Diverse Demographics, Average Customer Base"
5905,numeric,Numeric: ID 5905,7046,"Neutral Demographic Mix, Partner Inclined",7047,"Diverse Demographics, Average Customer Base"
5906,numeric,Numeric: ID 5906,7046,"Neutral Demographic Mix, Partner Inclined",7047,"Diverse Demographics, Average Customer Base"
5907,numeric,Numeric: ID 5907,7046,"Neutral Demographic Mix, Partner Inclined",7047,"Diverse Demographics, Average Customer Base"
5908,numeric,Numeric: ID 5908,7046,"Neutral Demographic Mix, Partner Inclined",7047,"Diverse Demographics, Average Customer Base"
5909,numeric,Numeric: ID 5909,7046,"Neutral Demographic Mix, Partner Inclined",7047,"Diverse Demographics, Average Customer Base"
5910,numeric,Numeric: ID 5910,7046,"Neutral Demographic Mix, Partner Inclined",7047,"Diverse Demographics, Average Customer Base"
5911,numeric,Numeric: ID 5911,7046,"Neutral Demographic Mix, Partner Inclined",7047,"Diverse Demographics, Average Customer Base"
5912,numeric,Numeric: ID 5912,7046,"Neutral Demographic Mix, Partner Inclined",7047,"Diverse Demographics, Average Customer Base"
5913,numeric,Numeric: ID 5913,7046,"Neutral Demographic Mix, Partner Inclined",7047,"Diverse Demographics, Average Customer Base"
5914,numeric,Numeric: ID 5914,7045,"Younger, Fewer Partners, Gender Balanced",7048,"Younger, Single Customers: Engagement Focus"
5915,numeric,Numeric: ID 5915,7046,"Neutral Demographic Mix, Partner Inclined",7047,"Diverse Demographics, Average Customer Base"
5916,numeric,Numeric: ID 5916,7044,"Balanced Demographics, Average Customer",7047,"Diverse Demographics, Average Customer Base"
5917,numeric,Numeric: ID 5917,7046,"Neutral Demographic Mix, Partner Inclined",7047,"Diverse Demographics, Average Customer Base"
5918,numeric,Numeric: ID 5918,7046,"Neutral Demographic Mix, Partner Inclined",7047,"Diverse Demographics, Average Customer Base"
5919,numeric,Numeric: ID 5919,7045,"Younger, Fewer Partners, Gender Balanced",7048,"Younger, Single Customers: Engagement Focus"
5920,numeric,Numeric: ID 5920,7045,"Younger, Fewer Partners, Gender Balanced",7048,"Younger, Single Customers: Engagement Focus"
5921,numeric,Numeric: ID 5921,7046,"Neutral Demographic Mix, Partner Inclined",7047,"Diverse Demographics, Average Customer Base"
5922,numeric,Numeric: ID 5922,7044,"Balanced Demographics, Average Customer",7047,"Diverse Demographics, Average Customer Base"
5923,numeric,Numeric: ID 5923,7045,"Younger, Fewer Partners, Gender Balanced",7048,"Younger, Single Customers: Engagement Focus"
5924,numeric,Numeric: ID 5924,7044,"Balanced Demographics, Average Customer",7047,"Diverse Demographics, Average Customer Base"
5925,numeric,Numeric: ID 5925,7045,"Younger, Fewer Partners, Gender Balanced",7048,"Younger, Single Customers: Engagement Focus"
5926,numeric,Numeric: ID 5926,7046,"Neutral Demographic Mix, Partner Inclined",7047,"Diverse Demographics, Average Customer Base"
5927,numeric,Numeric: ID 5927,7045,"Younger, Fewer Partners, Gender Balanced",7048,"Younger, Single Customers: Engagement Focus"
5928,numeric,Numeric: ID 5928,7046,"Neutral Demographic Mix, Partner Inclined",7047,"Diverse Demographics, Average Customer Base"
5929,numeric,Numeric: ID 5929,7046,"Neutral Demographic Mix, Partner Inclined",7047,"Diverse Demographics, Average Customer Base"
5930,numeric,Numeric: ID 5930,7046,"Neutral Demographic Mix, Partner Inclined",7047,"Diverse Demographics, Average Customer Base"
5931,numeric,Numeric: ID 5931,7046,"Neutral Demographic Mix, Partner Inclined",7047,"Diverse Demographics, Average Customer Base"
5932,numeric,Numeric: ID 5932,7046,"Neutral Demographic Mix, Partner Inclined",7047,"Diverse Demographics, Average Customer Base"
5933,numeric,Numeric: ID 5933,7045,"Younger, Fewer Partners, Gender Balanced",7048,"Younger, Single Customers: Engagement Focus"
5934,numeric,Numeric: ID 5934,7046,"Neutral Demographic Mix, Partner Inclined",7047,"Diverse Demographics, Average Customer Base"
5935,numeric,Numeric: ID 5935,7046,"Neutral Demographic Mix, Partner Inclined",7047,"Diverse Demographics, Average Customer Base"
5936,numeric,Numeric: ID 5936,7046,"Neutral Demographic Mix, Partner Inclined",7047,"Diverse Demographics, Average Customer Base"
5937,numeric,Numeric: ID 5937,7046,"Neutral Demographic Mix, Partner Inclined",7047,"Diverse Demographics, Average Customer Base"
5938,numeric,Numeric: ID 5938,7046,"Neutral Demographic Mix, Partner Inclined",7047,"Diverse Demographics, Average Customer Base"
5939,numeric,Numeric: ID 5939,7046,"Neutral Demographic Mix, Partner Inclined",7047,"Diverse Demographics, Average Customer Base"
5940,numeric,Numeric: ID 5940,7045,"Younger, Fewer Partners, Gender Balanced",7048,"Younger, Single Customers: Engagement Focus"
5941,numeric,Numeric: ID 5941,7045,"Younger, Fewer Partners, Gender Balanced",7048,"Younger, Single Customers: Engagement Focus"
5942,numeric,Numeric: ID 5942,7046,"Neutral Demographic Mix, Partner Inclined",7047,"Diverse Demographics, Average Customer Base"
5943,numeric,Numeric: ID 5943,7046,"Neutral Demographic Mix, Partner Inclined",7047,"Diverse Demographics, Average Customer Base"
5944,numeric,Numeric: ID 5944,7045,"Younger, Fewer Partners, Gender Balanced",7048,"Younger, Single Customers: Engagement Focus"
5945,numeric,Numeric: ID 5945,7046,"Neutral Demographic Mix, Partner Inclined",7047,"Diverse Demographics, Average Customer Base"
5946,numeric,Numeric: ID 5946,7044,"Balanced Demographics, Average Customer",7047,"Diverse Demographics, Average Customer Base"
5947,numeric,Numeric: ID 5947,7045,"Younger, Fewer Partners, Gender Balanced",7048,"Younger, Single Customers: Engagement Focus"
5948,numeric,Numeric: ID 5948,7046,"Neutral Demographic Mix, Partner Inclined",7047,"Diverse Demographics, Average Customer Base"
5949,numeric,Numeric: ID 5949,7046,"Neutral Demographic Mix, Partner Inclined",7047,"Diverse Demographics, Average Customer Base"
5950,numeric,Numeric: ID 5950,7046,"Neutral Demographic Mix, Partner Inclined",7047,"Diverse Demographics, Average Customer Base"
5951,numeric,Numeric: ID 5951,7046,"Neutral Demographic Mix, Partner Inclined",7047,"Diverse Demographics, Average Customer Base"
5952,numeric,Numeric: ID 5952,7045,"Younger, Fewer Partners, Gender Balanced",7048,"Younger, Single Customers: Engagement Focus"
5953,numeric,Numeric: ID 5953,7046,"Neutral Demographic Mix, Partner Inclined",7047,"Diverse Demographics, Average Customer Base"
5954,numeric,Numeric: ID 5954,7046,"Neutral Demographic Mix, Partner Inclined",7047,"Diverse Demographics, Average Customer Base"
5955,numeric,Numeric: ID 5955,7046,"Neutral Demographic Mix, Partner Inclined",7047,"Diverse Demographics, Average Customer Base"
5956,numeric,Numeric: ID 5956,7044,"Balanced Demographics, Average Customer",7047,"Diverse Demographics, Average Customer Base"
5957,numeric,Numeric: ID 5957,7045,"Younger, Fewer Partners, Gender Balanced",7048,"Younger, Single Customers: Engagement Focus"
5958,numeric,Numeric: ID 5958,7045,"Younger, Fewer Partners, Gender Balanced",7048,"Younger, Single Customers: Engagement Focus"
5959,numeric,Numeric: ID 5959,7045,"Younger, Fewer Partners, Gender Balanced",7048,"Younger, Single Customers: Engagement Focus"
5960,numeric,Numeric: ID 5960,7045,"Younger, Fewer Partners, Gender Balanced",7048,"Younger, Single Customers: Engagement Focus"
5961,numeric,Numeric: ID 5961,7045,"Younger, Fewer Partners, Gender Balanced",7048,"Younger, Single Customers: Engagement Focus"
5962,numeric,Numeric: ID 5962,7045,"Younger, Fewer Partners, Gender Balanced",7048,"Younger, Single Customers: Engagement Focus"
5963,numeric,Numeric: ID 5963,7046,"Neutral Demographic Mix, Partner Inclined",7047,"Diverse Demographics, Average Customer Base"
5964,numeric,Numeric: ID 5964,7046,"Neutral Demographic Mix, Partner Inclined",7047,"Diverse Demographics, Average Customer Base"
5965,numeric,Numeric: ID 5965,7044,"Balanced Demographics, Average Customer",7047,"Diverse Demographics, Average Customer Base"
5966,numeric,Numeric: ID 5966,7046,"Neutral Demographic Mix, Partner Inclined",7047,"Diverse Demographics, Average Customer Base"
5967,numeric,Numeric: ID 5967,7045,"Younger, Fewer Partners, Gender Balanced",7048,"Younger, Single Customers: Engagement Focus"
5968,numeric,Numeric: ID 5968,7046,"Neutral Demographic Mix, Partner Inclined",7047,"Diverse Demographics, Average Customer Base"
5969,numeric,Numeric: ID 5969,7045,"Younger, Fewer Partners, Gender Balanced",7048,"Younger, Single Customers: Engagement Focus"
5970,numeric,Numeric: ID 5970,7046,"Neutral Demographic Mix, Partner Inclined",7047,"Diverse Demographics, Average Customer Base"
5971,numeric,Numeric: ID 5971,7046,"Neutral Demographic Mix, Partner Inclined",7047,"Diverse Demographics, Average Customer Base"
5972,numeric,Numeric: ID 5972,7046,"Neutral Demographic Mix, Partner Inclined",7047,"Diverse Demographics, Average Customer Base"
5973,numeric,Numeric: ID 5973,7046,"Neutral Demographic Mix, Partner Inclined",7047,"Diverse Demographics, Average Customer Base"
5974,numeric,Numeric: ID 5974,7046,"Neutral Demographic Mix, Partner Inclined",7047,"Diverse Demographics, Average Customer Base"
5975,numeric,Numeric: ID 5975,7046,"Neutral Demographic Mix, Partner Inclined",7047,"Diverse Demographics, Average Customer Base"
5976,numeric,Numeric: ID 5976,7046,"Neutral Demographic Mix, Partner Inclined",7047,"Diverse Demographics, Average Customer Base"
5977,numeric,Numeric: ID 5977,7045,"Younger, Fewer Partners, Gender Balanced",7048,"Younger, Single Customers: Engagement Focus"
5978,numeric,Numeric: ID 5978,7046,"Neutral Demographic Mix, Partner Inclined",7047,"Diverse Demographics, Average Customer Base"
5979,numeric,Numeric: ID 5979,7045,"Younger, Fewer Partners, Gender Balanced",7048,"Younger, Single Customers: Engagement Focus"
5980,numeric,Numeric: ID 5980,7045,"Younger, Fewer Partners, Gender Balanced",7048,"Younger, Single Customers: Engagement Focus"
5981,numeric,Numeric: ID 5981,7045,"Younger, Fewer Partners, Gender Balanced",7048,"Younger, Single Customers: Engagement Focus"
5982,numeric,Numeric: ID 5982,7045,"Younger, Fewer Partners, Gender Balanced",7048,"Younger, Single Customers: Engagement Focus"
5983,numeric,Numeric: ID 5983,7045,"Younger, Fewer Partners, Gender Balanced",7048,"Younger, Single Customers: Engagement Focus"
5984,numeric,Numeric: ID 5984,7046,"Neutral Demographic Mix, Partner Inclined",7047,"Diverse Demographics, Average Customer Base"
5985,numeric,Numeric: ID 5985,7045,"Younger, Fewer Partners, Gender Balanced",7048,"Younger, Single Customers: Engagement Focus"
5986,numeric,Numeric: ID 5986,7045,"Younger, Fewer Partners, Gender Balanced",7048,"Younger, Single Customers: Engagement Focus"
5987,numeric,Numeric: ID 5987,7046,"Neutral Demographic Mix, Partner Inclined",7047,"Diverse Demographics, Average Customer Base"
5988,numeric,Numeric: ID 5988,7046,"Neutral Demographic Mix, Partner Inclined",7047,"Diverse Demographics, Average Customer Base"
5989,numeric,Numeric: ID 5989,7045,"Younger, Fewer Partners, Gender Balanced",7048,"Younger, Single Customers: Engagement Focus"
5990,numeric,Numeric: ID 5990,7045,"Younger, Fewer Partners, Gender Balanced",7048,"Younger, Single Customers: Engagement Focus"
5991,numeric,Numeric: ID 5991,7045,"Younger, Fewer Partners, Gender Balanced",7048,"Younger, Single Customers: Engagement Focus"
5992,numeric,Numeric: ID 5992,7044,"Balanced Demographics, Average Customer",7047,"Diverse Demographics, Average Customer Base"
5993,numeric,Numeric: ID 5993,7046,"Neutral Demographic Mix, Partner Inclined",7047,"Diverse Demographics, Average Customer Base"
5994,numeric,Numeric: ID 5994,7046,"Neutral Demographic Mix, Partner Inclined",7047,"Diverse Demographics, Average Customer Base"
5995,numeric,Numeric: ID 5995,7046,"Neutral Demographic Mix, Partner Inclined",7047,"Diverse Demographics, Average Customer Base"
5996,numeric,Numeric: ID 5996,7046,"Neutral Demographic Mix, Partner Inclined",7047,"Diverse Demographics, Average Customer Base"
5997,numeric,Numeric: ID 5997,7046,"Neutral Demographic Mix, Partner Inclined",7047,"Diverse Demographics, Average Customer Base"
5998,numeric,Numeric: ID 5998,7046,"Neutral Demographic Mix, Partner Inclined",7047,"Diverse Demographics, Average Customer Base"
5999,numeric,Numeric: ID 5999,7046,"Neutral Demographic Mix, Partner Inclined",7047,"Diverse Demographics, Average Customer Base"
6000,numeric,Numeric: ID 6000,7046,"Neutral Demographic Mix, Partner Inclined",7047,"Diverse Demographics, Average Customer Base"
6001,numeric,Numeric: ID 6001,7046,"Neutral Demographic Mix, Partner Inclined",7047,"Diverse Demographics, Average Customer Base"
6002,numeric,Numeric: ID 6002,7046,"Neutral Demographic Mix, Partner Inclined",7047,"Diverse Demographics, Average Customer Base"
6003,numeric,Numeric: ID 6003,7045,"Younger, Fewer Partners, Gender Balanced",7048,"Younger, Single Customers: Engagement Focus"
6004,numeric,Numeric: ID 6004,7045,"Younger, Fewer Partners, Gender Balanced",7048,"Younger, Single Customers: Engagement Focus"
6005,numeric,Numeric: ID 6005,7046,"Neutral Demographic Mix, Partner Inclined",7047,"Diverse Demographics, Average Customer Base"
6006,numeric,Numeric: ID 6006,7046,"Neutral Demographic Mix, Partner Inclined",7047,"Diverse Demographics, Average Customer Base"
6007,numeric,Numeric: ID 6007,7046,"Neutral Demographic Mix, Partner Inclined",7047,"Diverse Demographics, Average Customer Base"
6008,numeric,Numeric: ID 6008,7046,"Neutral Demographic Mix, Partner Inclined",7047,"Diverse Demographics, Average Customer Base"
6009,numeric,Numeric: ID 6009,7045,"Younger, Fewer Partners, Gender Balanced",7048,"Younger, Single Customers: Engagement Focus"
6010,numeric,Numeric: ID 6010,7046,"Neutral Demographic Mix, Partner Inclined",7047,"Diverse Demographics, Average Customer Base"
6011,numeric,Numeric: ID 6011,7046,"Neutral Demographic Mix, Partner Inclined",7047,"Diverse Demographics, Average Customer Base"
6012,numeric,Numeric: ID 6012,7044,"Balanced Demographics, Average Customer",7047,"Diverse Demographics, Average Customer Base"
6013,numeric,Numeric: ID 6013,7045,"Younger, Fewer Partners, Gender Balanced",7048,"Younger, Single Customers: Engagement Focus"
6014,numeric,Numeric: ID 6014,7045,"Younger, Fewer Partners, Gender Balanced",7048,"Younger, Single Customers: Engagement Focus"
6015,numeric,Numeric: ID 6015,7046,"Neutral Demographic Mix, Partner Inclined",7047,"Diverse Demographics, Average Customer Base"
6016,numeric,Numeric: ID 6016,7046,"Neutral Demographic Mix, Partner Inclined",7047,"Diverse Demographics, Average Customer Base"
6017,numeric,Numeric: ID 6017,7045,"Younger, Fewer Partners, Gender Balanced",7048,"Younger, Single Customers: Engagement Focus"
6018,numeric,Numeric: ID 6018,7045,"Younger, Fewer Partners, Gender Balanced",7048,"Younger, Single Customers: Engagement Focus"
6019,numeric,Numeric: ID 6019,7045,"Younger, Fewer Partners, Gender Balanced",7048,"Younger, Single Customers: Engagement Focus"
6020,numeric,Numeric: ID 6020,7046,"Neutral Demographic Mix, Partner Inclined",7047,"Diverse Demographics, Average Customer Base"
6021,numeric,Numeric: ID 6021,7046,"Neutral Demographic Mix, Partner Inclined",7047,"Diverse Demographics, Average Customer Base"
6022,numeric,Numeric: ID 6022,7044,"Balanced Demographics, Average Customer",7047,"Diverse Demographics, Average Customer Base"
6023,numeric,Numeric: ID 6023,7045,"Younger, Fewer Partners, Gender Balanced",7048,"Younger, Single Customers: Engagement Focus"
6024,numeric,Numeric: ID 6024,7046,"Neutral Demographic Mix, Partner Inclined",7047,"Diverse Demographics, Average Customer Base"
6025,numeric,Numeric: ID 6025,7046,"Neutral Demographic Mix, Partner Inclined",7047,"Diverse Demographics, Average Customer Base"
6026,numeric,Numeric: ID 6026,7046,"Neutral Demographic Mix, Partner Inclined",7047,"Diverse Demographics, Average Customer Base"
6027,numeric,Numeric: ID 6027,7045,"Younger, Fewer Partners, Gender Balanced",7048,"Younger, Single Customers: Engagement Focus"
6028,numeric,Numeric: ID 6028,7046,"Neutral Demographic Mix, Partner Inclined",7047,"Diverse Demographics, Average Customer Base"
6029,numeric,Numeric: ID 6029,7046,"Neutral Demographic Mix, Partner Inclined",7047,"Diverse Demographics, Average Customer Base"
6030,numeric,Numeric: ID 6030,7046,"Neutral Demographic Mix, Partner Inclined",7047,"Diverse Demographics, Average Customer Base"
6031,numeric,Numeric: ID 6031,7046,"Neutral Demographic Mix, Partner Inclined",7047,"Diverse Demographics, Average Customer Base"
6032,numeric,Numeric: ID 6032,7046,"Neutral Demographic Mix, Partner Inclined",7047,"Diverse Demographics, Average Customer Base"
6033,numeric,Numeric: ID 6033,7045,"Younger, Fewer Partners, Gender Balanced",7048,"Younger, Single Customers: Engagement Focus"
6034,numeric,Numeric: ID 6034,7046,"Neutral Demographic Mix, Partner Inclined",7047,"Diverse Demographics, Average Customer Base"
6035,numeric,Numeric: ID 6035,7044,"Balanced Demographics, Average Customer",7047,"Diverse Demographics, Average Customer Base"
6036,numeric,Numeric: ID 6036,7044,"Balanced Demographics, Average Customer",7047,"Diverse Demographics, Average Customer Base"
6037,numeric,Numeric: ID 6037,7045,"Younger, Fewer Partners, Gender Balanced",7048,"Younger, Single Customers: Engagement Focus"
6038,numeric,Numeric: ID 6038,7046,"Neutral Demographic Mix, Partner Inclined",7047,"Diverse Demographics, Average Customer Base"
6039,numeric,Numeric: ID 6039,7046,"Neutral Demographic Mix, Partner Inclined",7047,"Diverse Demographics, Average Customer Base"
6040,numeric,Numeric: ID 6040,7045,"Younger, Fewer Partners, Gender Balanced",7048,"Younger, Single Customers: Engagement Focus"
6041,numeric,Numeric: ID 6041,7046,"Neutral Demographic Mix, Partner Inclined",7047,"Diverse Demographics, Average Customer Base"
6042,numeric,Numeric: ID 6042,7045,"Younger, Fewer Partners, Gender Balanced",7048,"Younger, Single Customers: Engagement Focus"
6043,numeric,Numeric: ID 6043,7044,"Balanced Demographics, Average Customer",7047,"Diverse Demographics, Average Customer Base"
6044,numeric,Numeric: ID 6044,7046,"Neutral Demographic Mix, Partner Inclined",7047,"Diverse Demographics, Average Customer Base"
6045,numeric,Numeric: ID 6045,7045,"Younger, Fewer Partners, Gender Balanced",7048,"Younger, Single Customers: Engagement Focus"
6046,numeric,Numeric: ID 6046,7046,"Neutral Demographic Mix, Partner Inclined",7047,"Diverse Demographics, Average Customer Base"
6047,numeric,Numeric: ID 6047,7046,"Neutral Demographic Mix, Partner Inclined",7047,"Diverse Demographics, Average Customer Base"
6048,numeric,Numeric: ID 6048,7044,"Balanced Demographics, Average Customer",7047,"Diverse Demographics, Average Customer Base"
6049,numeric,Numeric: ID 6049,7045,"Younger, Fewer Partners, Gender Balanced",7048,"Younger, Single Customers: Engagement Focus"
6050,numeric,Numeric: ID 6050,7046,"Neutral Demographic Mix, Partner Inclined",7047,"Diverse Demographics, Average Customer Base"
6051,numeric,Numeric: ID 6051,7045,"Younger, Fewer Partners, Gender Balanced",7048,"Younger, Single Customers: Engagement Focus"
6052,numeric,Numeric: ID 6052,7046,"Neutral Demographic Mix, Partner Inclined",7047,"Diverse Demographics, Average Customer Base"
6053,numeric,Numeric: ID 6053,7044,"Balanced Demographics, Average Customer",7047,"Diverse Demographics, Average Customer Base"
6054,numeric,Numeric: ID 6054,7045,"Younger, Fewer Partners, Gender Balanced",7048,"Younger, Single Customers: Engagement Focus"
6055,numeric,Numeric: ID 6055,7046,"Neutral Demographic Mix, Partner Inclined",7047,"Diverse Demographics, Average Customer Base"
6056,numeric,Numeric: ID 6056,7046,"Neutral Demographic Mix, Partner Inclined",7047,"Diverse Demographics, Average Customer Base"
6057,numeric,Numeric: ID 6057,7046,"Neutral Demographic Mix, Partner Inclined",7047,"Diverse Demographics, Average Customer Base"
6058,numeric,Numeric: ID 6058,7046,"Neutral Demographic Mix, Partner Inclined",7047,"Diverse Demographics, Average Customer Base"
6059,numeric,Numeric: ID 6059,7046,"Neutral Demographic Mix, Partner Inclined",7047,"Diverse Demographics, Average Customer Base"
6060,numeric,Numeric: ID 6060,7046,"Neutral Demographic Mix, Partner Inclined",7047,"Diverse Demographics, Average Customer Base"
6061,numeric,Numeric: ID 6061,7046,"Neutral Demographic Mix, Partner Inclined",7047,"Diverse Demographics, Average Customer Base"
6062,numeric,Numeric: ID 6062,7045,"Younger, Fewer Partners, Gender Balanced",7048,"Younger, Single Customers: Engagement Focus"
6063,numeric,Numeric: ID 6063,7046,"Neutral Demographic Mix, Partner Inclined",7047,"Diverse Demographics, Average Customer Base"
6064,numeric,Numeric: ID 6064,7045,"Younger, Fewer Partners, Gender Balanced",7048,"Younger, Single Customers: Engagement Focus"
6065,numeric,Numeric: ID 6065,7046,"Neutral Demographic Mix, Partner Inclined",7047,"Diverse Demographics, Average Customer Base"
6066,numeric,Numeric: ID 6066,7046,"Neutral Demographic Mix, Partner Inclined",7047,"Diverse Demographics, Average Customer Base"
6067,numeric,Numeric: ID 6067,7045,"Younger, Fewer Partners, Gender Balanced",7048,"Younger, Single Customers: Engagement Focus"
6068,numeric,Numeric: ID 6068,7046,"Neutral Demographic Mix, Partner Inclined",7047,"Diverse Demographics, Average Customer Base"
6069,numeric,Numeric: ID 6069,7045,"Younger, Fewer Partners, Gender Balanced",7048,"Younger, Single Customers: Engagement Focus"
6070,numeric,Numeric: ID 6070,7046,"Neutral Demographic Mix, Partner Inclined",7047,"Diverse Demographics, Average Customer Base"
6071,numeric,Numeric: ID 6071,7046,"Neutral Demographic Mix, Partner Inclined",7047,"Diverse Demographics, Average Customer Base"
6072,numeric,Numeric: ID 6072,7044,"Balanced Demographics, Average Customer",7047,"Diverse Demographics, Average Customer Base"
6073,numeric,Numeric: ID 6073,7045,"Younger, Fewer Partners, Gender Balanced",7048,"Younger, Single Customers: Engagement Focus"
6074,numeric,Numeric: ID 6074,7046,"Neutral Demographic Mix, Partner Inclined",7047,"Diverse Demographics, Average Customer Base"
6075,numeric,Numeric: ID 6075,7046,"Neutral Demographic Mix, Partner Inclined",7047,"Diverse Demographics, Average Customer Base"
6076,numeric,Numeric: ID 6076,7046,"Neutral Demographic Mix, Partner Inclined",7047,"Diverse Demographics, Average Customer Base"
6077,numeric,Numeric: ID 6077,7045,"Younger, Fewer Partners, Gender Balanced",7048,"Younger, Single Customers: Engagement Focus"
6078,numeric,Numeric: ID 6078,7045,"Younger, Fewer Partners, Gender Balanced",7048,"Younger, Single Customers: Engagement Focus"
6079,numeric,Numeric: ID 6079,7046,"Neutral Demographic Mix, Partner Inclined",7047,"Diverse Demographics, Average Customer Base"
6080,numeric,Numeric: ID 6080,7046,"Neutral Demographic Mix, Partner Inclined",7047,"Diverse Demographics, Average Customer Base"
6081,numeric,Numeric: ID 6081,7045,"Younger, Fewer Partners, Gender Balanced",7048,"Younger, Single Customers: Engagement Focus"
6082,numeric,Numeric: ID 6082,7045,"Younger, Fewer Partners, Gender Balanced",7048,"Younger, Single Customers: Engagement Focus"
6083,numeric,Numeric: ID 6083,7046,"Neutral Demographic Mix, Partner Inclined",7047,"Diverse Demographics, Average Customer Base"
6084,numeric,Numeric: ID 6084,7045,"Younger, Fewer Partners, Gender Balanced",7048,"Younger, Single Customers: Engagement Focus"
6085,numeric,Numeric: ID 6085,7046,"Neutral Demographic Mix, Partner Inclined",7047,"Diverse Demographics, Average Customer Base"
6086,numeric,Numeric: ID 6086,7045,"Younger, Fewer Partners, Gender Balanced",7048,"Younger, Single Customers: Engagement Focus"
6087,numeric,Numeric: ID 6087,7045,"Younger, Fewer Partners, Gender Balanced",7048,"Younger, Single Customers: Engagement Focus"
6088,numeric,Numeric: ID 6088,7046,"Neutral Demographic Mix, Partner Inclined",7047,"Diverse Demographics, Average Customer Base"
6089,numeric,Numeric: ID 6089,7046,"Neutral Demographic Mix, Partner Inclined",7047,"Diverse Demographics, Average Customer Base"
6090,numeric,Numeric: ID 6090,7044,"Balanced Demographics, Average Customer",7047,"Diverse Demographics, Average Customer Base"
6091,numeric,Numeric: ID 6091,7046,"Neutral Demographic Mix, Partner Inclined",7047,"Diverse Demographics, Average Customer Base"
6092,numeric,Numeric: ID 6092,7045,"Younger, Fewer Partners, Gender Balanced",7048,"Younger, Single Customers: Engagement Focus"
6093,numeric,Numeric: ID 6093,7046,"Neutral Demographic Mix, Partner Inclined",7047,"Diverse Demographics, Average Customer Base"
6094,numeric,Numeric: ID 6094,7045,"Younger, Fewer Partners, Gender Balanced",7048,"Younger, Single Customers: Engagement Focus"
6095,numeric,Numeric: ID 6095,7046,"Neutral Demographic Mix, Partner Inclined",7047,"Diverse Demographics, Average Customer Base"
6096,numeric,Numeric: ID 6096,7046,"Neutral Demographic Mix, Partner Inclined",7047,"Diverse Demographics, Average Customer Base"
6097,numeric,Numeric: ID 6097,7046,"Neutral Demographic Mix, Partner Inclined",7047,"Diverse Demographics, Average Customer Base"
6098,numeric,Numeric: ID 6098,7045,"Younger, Fewer Partners, Gender Balanced",7048,"Younger, Single Customers: Engagement Focus"
6099,numeric,Numeric: ID 6099,7045,"Younger, Fewer Partners, Gender Balanced",7048,"Younger, Single Customers: Engagement Focus"
6100,numeric,Numeric: ID 6100,7045,"Younger, Fewer Partners, Gender Balanced",7048,"Younger, Single Customers: Engagement Focus"
6101,numeric,Numeric: ID 6101,7045,"Younger, Fewer Partners, Gender Balanced",7048,"Younger, Single Customers: Engagement Focus"
6102,numeric,Numeric: ID 6102,7046,"Neutral Demographic Mix, Partner Inclined",7047,"Diverse Demographics, Average Customer Base"
6103,numeric,Numeric: ID 6103,7045,"Younger, Fewer Partners, Gender Balanced",7048,"Younger, Single Customers: Engagement Focus"
6104,numeric,Numeric: ID 6104,7045,"Younger, Fewer Partners, Gender Balanced",7048,"Younger, Single Customers: Engagement Focus"
6105,numeric,Numeric: ID 6105,7045,"Younger, Fewer Partners, Gender Balanced",7048,"Younger, Single Customers: Engagement Focus"
6106,numeric,Numeric: ID 6106,7046,"Neutral Demographic Mix, Partner Inclined",7047,"Diverse Demographics, Average Customer Base"
6107,numeric,Numeric: ID 6107,7044,"Balanced Demographics, Average Customer",7047,"Diverse Demographics, Average Customer Base"
6108,numeric,Numeric: ID 6108,7046,"Neutral Demographic Mix, Partner Inclined",7047,"Diverse Demographics, Average Customer Base"
6109,numeric,Numeric: ID 6109,7046,"Neutral Demographic Mix, Partner Inclined",7047,"Diverse Demographics, Average Customer Base"
6110,numeric,Numeric: ID 6110,7046,"Neutral Demographic Mix, Partner Inclined",7047,"Diverse Demographics, Average Customer Base"
6111,numeric,Numeric: ID 6111,7046,"Neutral Demographic Mix, Partner Inclined",7047,"Diverse Demographics, Average Customer Base"
6112,numeric,Numeric: ID 6112,7046,"Neutral Demographic Mix, Partner Inclined",7047,"Diverse Demographics, Average Customer Base"
6113,numeric,Numeric: ID 6113,7046,"Neutral Demographic Mix, Partner Inclined",7047,"Diverse Demographics, Average Customer Base"
6114,numeric,Numeric: ID 6114,7046,"Neutral Demographic Mix, Partner Inclined",7047,"Diverse Demographics, Average Customer Base"
6115,numeric,Numeric: ID 6115,7046,"Neutral Demographic Mix, Partner Inclined",7047,"Diverse Demographics, Average Customer Base"
6116,numeric,Numeric: ID 6116,7045,"Younger, Fewer Partners, Gender Balanced",7048,"Younger, Single Customers: Engagement Focus"
6117,numeric,Numeric: ID 6117,7046,"Neutral Demographic Mix, Partner Inclined",7047,"Diverse Demographics, Average Customer Base"
6118,numeric,Numeric: ID 6118,7046,"Neutral Demographic Mix, Partner Inclined",7047,"Diverse Demographics, Average Customer Base"
6119,numeric,Numeric: ID 6119,7046,"Neutral Demographic Mix, Partner Inclined",7047,"Diverse Demographics, Average Customer Base"
6120,numeric,Numeric: ID 6120,7046,"Neutral Demographic Mix, Partner Inclined",7047,"Diverse Demographics, Average Customer Base"
6121,numeric,Numeric: ID 6121,7046,"Neutral Demographic Mix, Partner Inclined",7047,"Diverse Demographics, Average Customer Base"
6122,numeric,Numeric: ID 6122,7046,"Neutral Demographic Mix, Partner Inclined",7047,"Diverse Demographics, Average Customer Base"
6123,numeric,Numeric: ID 6123,7045,"Younger, Fewer Partners, Gender Balanced",7048,"Younger, Single Customers: Engagement Focus"
6124,numeric,Numeric: ID 6124,7045,"Younger, Fewer Partners, Gender Balanced",7048,"Younger, Single Customers: Engagement Focus"
6125,numeric,Numeric: ID 6125,7046,"Neutral Demographic Mix, Partner Inclined",7047,"Diverse Demographics, Average Customer Base"
6126,numeric,Numeric: ID 6126,7046,"Neutral Demographic Mix, Partner Inclined",7047,"Diverse Demographics, Average Customer Base"
6127,numeric,Numeric: ID 6127,7045,"Younger, Fewer Partners, Gender Balanced",7048,"Younger, Single Customers: Engagement Focus"
6128,numeric,Numeric: ID 6128,7046,"Neutral Demographic Mix, Partner Inclined",7047,"Diverse Demographics, Average Customer Base"
6129,numeric,Numeric: ID 6129,7044,"Balanced Demographics, Average Customer",7047,"Diverse Demographics, Average Customer Base"
6130,numeric,Numeric: ID 6130,7045,"Younger, Fewer Partners, Gender Balanced",7048,"Younger, Single Customers: Engagement Focus"
6131,numeric,Numeric: ID 6131,7044,"Balanced Demographics, Average Customer",7047,"Diverse Demographics, Average Customer Base"
6132,numeric,Numeric: ID 6132,7046,"Neutral Demographic Mix, Partner Inclined",7047,"Diverse Demographics, Average Customer Base"
6133,numeric,Numeric: ID 6133,7046,"Neutral Demographic Mix, Partner Inclined",7047,"Diverse Demographics, Average Customer Base"
6134,numeric,Numeric: ID 6134,7046,"Neutral Demographic Mix, Partner Inclined",7047,"Diverse Demographics, Average Customer Base"
6135,numeric,Numeric: ID 6135,7046,"Neutral Demographic Mix, Partner Inclined",7047,"Diverse Demographics, Average Customer Base"
6136,numeric,Numeric: ID 6136,7044,"Balanced Demographics, Average Customer",7047,"Diverse Demographics, Average Customer Base"
6137,numeric,Numeric: ID 6137,7046,"Neutral Demographic Mix, Partner Inclined",7047,"Diverse Demographics, Average Customer Base"
6138,numeric,Numeric: ID 6138,7046,"Neutral Demographic Mix, Partner Inclined",7047,"Diverse Demographics, Average Customer Base"
6139,numeric,Numeric: ID 6139,7046,"Neutral Demographic Mix, Partner Inclined",7047,"Diverse Demographics, Average Customer Base"
6140,numeric,Numeric: ID 6140,7046,"Neutral Demographic Mix, Partner Inclined",7047,"Diverse Demographics, Average Customer Base"
6141,numeric,Numeric: ID 6141,7045,"Younger, Fewer Partners, Gender Balanced",7048,"Younger, Single Customers: Engagement Focus"
6142,numeric,Numeric: ID 6142,7046,"Neutral Demographic Mix, Partner Inclined",7047,"Diverse Demographics, Average Customer Base"
6143,numeric,Numeric: ID 6143,7045,"Younger, Fewer Partners, Gender Balanced",7048,"Younger, Single Customers: Engagement Focus"
6144,numeric,Numeric: ID 6144,7046,"Neutral Demographic Mix, Partner Inclined",7047,"Diverse Demographics, Average Customer Base"
6145,numeric,Numeric: ID 6145,7046,"Neutral Demographic Mix, Partner Inclined",7047,"Diverse Demographics, Average Customer Base"
6146,numeric,Numeric: ID 6146,7046,"Neutral Demographic Mix, Partner Inclined",7047,"Diverse Demographics, Average Customer Base"
6147,numeric,Numeric: ID 6147,7046,"Neutral Demographic Mix, Partner Inclined",7047,"Diverse Demographics, Average Customer Base"
6148,numeric,Numeric: ID 6148,7045,"Younger, Fewer Partners, Gender Balanced",7048,"Younger, Single Customers: Engagement Focus"
6149,numeric,Numeric: ID 6149,7046,"Neutral Demographic Mix, Partner Inclined",7047,"Diverse Demographics, Average Customer Base"
6150,numeric,Numeric: ID 6150,7046,"Neutral Demographic Mix, Partner Inclined",7047,"Diverse Demographics, Average Customer Base"
6151,numeric,Numeric: ID 6151,7046,"Neutral Demographic Mix, Partner Inclined",7047,"Diverse Demographics, Average Customer Base"
6152,numeric,Numeric: ID 6152,7046,"Neutral Demographic Mix, Partner Inclined",7047,"Diverse Demographics, Average Customer Base"
6153,numeric,Numeric: ID 6153,7045,"Younger, Fewer Partners, Gender Balanced",7048,"Younger, Single Customers: Engagement Focus"
6154,numeric,Numeric: ID 6154,7046,"Neutral Demographic Mix, Partner Inclined",7047,"Diverse Demographics, Average Customer Base"
6155,numeric,Numeric: ID 6155,7045,"Younger, Fewer Partners, Gender Balanced",7048,"Younger, Single Customers: Engagement Focus"
6156,numeric,Numeric: ID 6156,7046,"Neutral Demographic Mix, Partner Inclined",7047,"Diverse Demographics, Average Customer Base"
6157,numeric,Numeric: ID 6157,7046,"Neutral Demographic Mix, Partner Inclined",7047,"Diverse Demographics, Average Customer Base"
6158,numeric,Numeric: ID 6158,7045,"Younger, Fewer Partners, Gender Balanced",7048,"Younger, Single Customers: Engagement Focus"
6159,numeric,Numeric: ID 6159,7044,"Balanced Demographics, Average Customer",7047,"Diverse Demographics, Average Customer Base"
6160,numeric,Numeric: ID 6160,7045,"Younger, Fewer Partners, Gender Balanced",7048,"Younger, Single Customers: Engagement Focus"
6161,numeric,Numeric: ID 6161,7044,"Balanced Demographics, Average Customer",7047,"Diverse Demographics, Average Customer Base"
6162,numeric,Numeric: ID 6162,7046,"Neutral Demographic Mix, Partner Inclined",7047,"Diverse Demographics, Average Customer Base"
6163,numeric,Numeric: ID 6163,7045,"Younger, Fewer Partners, Gender Balanced",7048,"Younger, Single Customers: Engagement Focus"
6164,numeric,Numeric: ID 6164,7045,"Younger, Fewer Partners, Gender Balanced",7048,"Younger, Single Customers: Engagement Focus"
6165,numeric,Numeric: ID 6165,7044,"Balanced Demographics, Average Customer",7047,"Diverse Demographics, Average Customer Base"
6166,numeric,Numeric: ID 6166,7046,"Neutral Demographic Mix, Partner Inclined",7047,"Diverse Demographics, Average Customer Base"
6167,numeric,Numeric: ID 6167,7046,"Neutral Demographic Mix, Partner Inclined",7047,"Diverse Demographics, Average Customer Base"
6168,numeric,Numeric: ID 6168,7046,"Neutral Demographic Mix, Partner Inclined",7047,"Diverse Demographics, Average Customer Base"
6169,numeric,Numeric: ID 6169,7046,"Neutral Demographic Mix, Partner Inclined",7047,"Diverse Demographics, Average Customer Base"
6170,numeric,Numeric: ID 6170,7046,"Neutral Demographic Mix, Partner Inclined",7047,"Diverse Demographics, Average Customer Base"
6171,numeric,Numeric: ID 6171,7046,"Neutral Demographic Mix, Partner Inclined",7047,"Diverse Demographics, Average Customer Base"
6172,numeric,Numeric: ID 6172,7046,"Neutral Demographic Mix, Partner Inclined",7047,"Diverse Demographics, Average Customer Base"
6173,numeric,Numeric: ID 6173,7046,"Neutral Demographic Mix, Partner Inclined",7047,"Diverse Demographics, Average Customer Base"
6174,numeric,Numeric: ID 6174,7046,"Neutral Demographic Mix, Partner Inclined",7047,"Diverse Demographics, Average Customer Base"
6175,numeric,Numeric: ID 6175,7045,"Younger, Fewer Partners, Gender Balanced",7048,"Younger, Single Customers: Engagement Focus"
6176,numeric,Numeric: ID 6176,7046,"Neutral Demographic Mix, Partner Inclined",7047,"Diverse Demographics, Average Customer Base"
6177,numeric,Numeric: ID 6177,7046,"Neutral Demographic Mix, Partner Inclined",7047,"Diverse Demographics, Average Customer Base"
6178,numeric,Numeric: ID 6178,7046,"Neutral Demographic Mix, Partner Inclined",7047,"Diverse Demographics, Average Customer Base"
6179,numeric,Numeric: ID 6179,7046,"Neutral Demographic Mix, Partner Inclined",7047,"Diverse Demographics, Average Customer Base"
6180,numeric,Numeric: ID 6180,7046,"Neutral Demographic Mix, Partner Inclined",7047,"Diverse Demographics, Average Customer Base"
6181,numeric,Numeric: ID 6181,7045,"Younger, Fewer Partners, Gender Balanced",7048,"Younger, Single Customers: Engagement Focus"
6182,numeric,Numeric: ID 6182,7046,"Neutral Demographic Mix, Partner Inclined",7047,"Diverse Demographics, Average Customer Base"
6183,numeric,Numeric: ID 6183,7045,"Younger, Fewer Partners, Gender Balanced",7048,"Younger, Single Customers: Engagement Focus"
6184,numeric,Numeric: ID 6184,7046,"Neutral Demographic Mix, Partner Inclined",7047,"Diverse Demographics, Average Customer Base"
6185,numeric,Numeric: ID 6185,7045,"Younger, Fewer Partners, Gender Balanced",7048,"Younger, Single Customers: Engagement Focus"
6186,numeric,Numeric: ID 6186,7045,"Younger, Fewer Partners, Gender Balanced",7048,"Younger, Single Customers: Engagement Focus"
6187,numeric,Numeric: ID 6187,7045,"Younger, Fewer Partners, Gender Balanced",7048,"Younger, Single Customers: Engagement Focus"
6188,numeric,Numeric: ID 6188,7045,"Younger, Fewer Partners, Gender Balanced",7048,"Younger, Single Customers: Engagement Focus"
6189,numeric,Numeric: ID 6189,7046,"Neutral Demographic Mix, Partner Inclined",7047,"Diverse Demographics, Average Customer Base"
6190,numeric,Numeric: ID 6190,7046,"Neutral Demographic Mix, Partner Inclined",7047,"Diverse Demographics, Average Customer Base"
6191,numeric,Numeric: ID 6191,7046,"Neutral Demographic Mix, Partner Inclined",7047,"Diverse Demographics, Average Customer Base"
6192,numeric,Numeric: ID 6192,7046,"Neutral Demographic Mix, Partner Inclined",7047,"Diverse Demographics, Average Customer Base"
6193,numeric,Numeric: ID 6193,7045,"Younger, Fewer Partners, Gender Balanced",7048,"Younger, Single Customers: Engagement Focus"
6194,numeric,Numeric: ID 6194,7046,"Neutral Demographic Mix, Partner Inclined",7047,"Diverse Demographics, Average Customer Base"
6195,numeric,Numeric: ID 6195,7046,"Neutral Demographic Mix, Partner Inclined",7047,"Diverse Demographics, Average Customer Base"
6196,numeric,Numeric: ID 6196,7045,"Younger, Fewer Partners, Gender Balanced",7048,"Younger, Single Customers: Engagement Focus"
6197,numeric,Numeric: ID 6197,7045,"Younger, Fewer Partners, Gender Balanced",7048,"Younger, Single Customers: Engagement Focus"
6198,numeric,Numeric: ID 6198,7045,"Younger, Fewer Partners, Gender Balanced",7048,"Younger, Single Customers: Engagement Focus"
6199,numeric,Numeric: ID 6199,7045,"Younger, Fewer Partners, Gender Balanced",7048,"Younger, Single Customers: Engagement Focus"
6200,numeric,Numeric: ID 6200,7046,"Neutral Demographic Mix, Partner Inclined",7047,"Diverse Demographics, Average Customer Base"
6201,numeric,Numeric: ID 6201,7044,"Balanced Demographics, Average Customer",7047,"Diverse Demographics, Average Customer Base"
6202,numeric,Numeric: ID 6202,7046,"Neutral Demographic Mix, Partner Inclined",7047,"Diverse Demographics, Average Customer Base"
6203,numeric,Numeric: ID 6203,7046,"Neutral Demographic Mix, Partner Inclined",7047,"Diverse Demographics, Average Customer Base"
6204,numeric,Numeric: ID 6204,7045,"Younger, Fewer Partners, Gender Balanced",7048,"Younger, Single Customers: Engagement Focus"
6205,numeric,Numeric: ID 6205,7046,"Neutral Demographic Mix, Partner Inclined",7047,"Diverse Demographics, Average Customer Base"
6206,numeric,Numeric: ID 6206,7045,"Younger, Fewer Partners, Gender Balanced",7048,"Younger, Single Customers: Engagement Focus"
6207,numeric,Numeric: ID 6207,7045,"Younger, Fewer Partners, Gender Balanced",7048,"Younger, Single Customers: Engagement Focus"
6208,numeric,Numeric: ID 6208,7045,"Younger, Fewer Partners, Gender Balanced",7048,"Younger, Single Customers: Engagement Focus"
6209,numeric,Numeric: ID 6209,7046,"Neutral Demographic Mix, Partner Inclined",7047,"Diverse Demographics, Average Customer Base"
6210,numeric,Numeric: ID 6210,7046,"Neutral Demographic Mix, Partner Inclined",7047,"Diverse Demographics, Average Customer Base"
6211,numeric,Numeric: ID 6211,7046,"Neutral Demographic Mix, Partner Inclined",7047,"Diverse Demographics, Average Customer Base"
6212,numeric,Numeric: ID 6212,7046,"Neutral Demographic Mix, Partner Inclined",7047,"Diverse Demographics, Average Customer Base"
6213,numeric,Numeric: ID 6213,7046,"Neutral Demographic Mix, Partner Inclined",7047,"Diverse Demographics, Average Customer Base"
6214,numeric,Numeric: ID 6214,7046,"Neutral Demographic Mix, Partner Inclined",7047,"Diverse Demographics, Average Customer Base"
6215,numeric,Numeric: ID 6215,7046,"Neutral Demographic Mix, Partner Inclined",7047,"Diverse Demographics, Average Customer Base"
6216,numeric,Numeric: ID 6216,7046,"Neutral Demographic Mix, Partner Inclined",7047,"Diverse Demographics, Average Customer Base"
6217,numeric,Numeric: ID 6217,7044,"Balanced Demographics, Average Customer",7047,"Diverse Demographics, Average Customer Base"
6218,numeric,Numeric: ID 6218,7046,"Neutral Demographic Mix, Partner Inclined",7047,"Diverse Demographics, Average Customer Base"
6219,numeric,Numeric: ID 6219,7046,"Neutral Demographic Mix, Partner Inclined",7047,"Diverse Demographics, Average Customer Base"
6220,numeric,Numeric: ID 6220,7045,"Younger, Fewer Partners, Gender Balanced",7048,"Younger, Single Customers: Engagement Focus"
6221,numeric,Numeric: ID 6221,7046,"Neutral Demographic Mix, Partner Inclined",7047,"Diverse Demographics, Average Customer Base"
6222,numeric,Numeric: ID 6222,7045,"Younger, Fewer Partners, Gender Balanced",7048,"Younger, Single Customers: Engagement Focus"
6223,numeric,Numeric: ID 6223,7045,"Younger, Fewer Partners, Gender Balanced",7048,"Younger, Single Customers: Engagement Focus"
6224,numeric,Numeric: ID 6224,7046,"Neutral Demographic Mix, Partner Inclined",7047,"Diverse Demographics, Average Customer Base"
6225,numeric,Numeric: ID 6225,7046,"Neutral Demographic Mix, Partner Inclined",7047,"Diverse Demographics, Average Customer Base"
6226,numeric,Numeric: ID 6226,7046,"Neutral Demographic Mix, Partner Inclined",7047,"Diverse Demographics, Average Customer Base"
6227,numeric,Numeric: ID 6227,7046,"Neutral Demographic Mix, Partner Inclined",7047,"Diverse Demographics, Average Customer Base"
6228,numeric,Numeric: ID 6228,7046,"Neutral Demographic Mix, Partner Inclined",7047,"Diverse Demographics, Average Customer Base"
6229,numeric,Numeric: ID 6229,7045,"Younger, Fewer Partners, Gender Balanced",7048,"Younger, Single Customers: Engagement Focus"
6230,numeric,Numeric: ID 6230,7046,"Neutral Demographic Mix, Partner Inclined",7047,"Diverse Demographics, Average Customer Base"
6231,numeric,Numeric: ID 6231,7046,"Neutral Demographic Mix, Partner Inclined",7047,"Diverse Demographics, Average Customer Base"
6232,numeric,Numeric: ID 6232,7045,"Younger, Fewer Partners, Gender Balanced",7048,"Younger, Single Customers: Engagement Focus"
6233,numeric,Numeric: ID 6233,7045,"Younger, Fewer Partners, Gender Balanced",7048,"Younger, Single Customers: Engagement Focus"
6234,numeric,Numeric: ID 6234,7046,"Neutral Demographic Mix, Partner Inclined",7047,"Diverse Demographics, Average Customer Base"
6235,numeric,Numeric: ID 6235,7046,"Neutral Demographic Mix, Partner Inclined",7047,"Diverse Demographics, Average Customer Base"
6236,numeric,Numeric: ID 6236,7046,"Neutral Demographic Mix, Partner Inclined",7047,"Diverse Demographics, Average Customer Base"
6237,numeric,Numeric: ID 6237,7045,"Younger, Fewer Partners, Gender Balanced",7048,"Younger, Single Customers: Engagement Focus"
6238,numeric,Numeric: ID 6238,7046,"Neutral Demographic Mix, Partner Inclined",7047,"Diverse Demographics, Average Customer Base"
6239,numeric,Numeric: ID 6239,7044,"Balanced Demographics, Average Customer",7047,"Diverse Demographics, Average Customer Base"
6240,numeric,Numeric: ID 6240,7046,"Neutral Demographic Mix, Partner Inclined",7047,"Diverse Demographics, Average Customer Base"
6241,numeric,Numeric: ID 6241,7044,"Balanced Demographics, Average Customer",7047,"Diverse Demographics, Average Customer Base"
6242,numeric,Numeric: ID 6242,7046,"Neutral Demographic Mix, Partner Inclined",7047,"Diverse Demographics, Average Customer Base"
6243,numeric,Numeric: ID 6243,7046,"Neutral Demographic Mix, Partner Inclined",7047,"Diverse Demographics, Average Customer Base"
6244,numeric,Numeric: ID 6244,7044,"Balanced Demographics, Average Customer",7047,"Diverse Demographics, Average Customer Base"
6245,numeric,Numeric: ID 6245,7044,"Balanced Demographics, Average Customer",7047,"Diverse Demographics, Average Customer Base"
6246,numeric,Numeric: ID 6246,7046,"Neutral Demographic Mix, Partner Inclined",7047,"Diverse Demographics, Average Customer Base"
6247,numeric,Numeric: ID 6247,7045,"Younger, Fewer Partners, Gender Balanced",7048,"Younger, Single Customers: Engagement Focus"
6248,numeric,Numeric: ID 6248,7046,"Neutral Demographic Mix, Partner Inclined",7047,"Diverse Demographics, Average Customer Base"
6249,numeric,Numeric: ID 6249,7044,"Balanced Demographics, Average Customer",7047,"Diverse Demographics, Average Customer Base"
6250,numeric,Numeric: ID 6250,7046,"Neutral Demographic Mix, Partner Inclined",7047,"Diverse Demographics, Average Customer Base"
6251,numeric,Numeric: ID 6251,7046,"Neutral Demographic Mix, Partner Inclined",7047,"Diverse Demographics, Average Customer Base"
6252,numeric,Numeric: ID 6252,7045,"Younger, Fewer Partners, Gender Balanced",7048,"Younger, Single Customers: Engagement Focus"
6253,numeric,Numeric: ID 6253,7046,"Neutral Demographic Mix, Partner Inclined",7047,"Diverse Demographics, Average Customer Base"
6254,numeric,Numeric: ID 6254,7044,"Balanced Demographics, Average Customer",7047,"Diverse Demographics, Average Customer Base"
6255,numeric,Numeric: ID 6255,7046,"Neutral Demographic Mix, Partner Inclined",7047,"Diverse Demographics, Average Customer Base"
6256,numeric,Numeric: ID 6256,7046,"Neutral Demographic Mix, Partner Inclined",7047,"Diverse Demographics, Average Customer Base"
6257,numeric,Numeric: ID 6257,7046,"Neutral Demographic Mix, Partner Inclined",7047,"Diverse Demographics, Average Customer Base"
6258,numeric,Numeric: ID 6258,7046,"Neutral Demographic Mix, Partner Inclined",7047,"Diverse Demographics, Average Customer Base"
6259,numeric,Numeric: ID 6259,7046,"Neutral Demographic Mix, Partner Inclined",7047,"Diverse Demographics, Average Customer Base"
6260,numeric,Numeric: ID 6260,7046,"Neutral Demographic Mix, Partner Inclined",7047,"Diverse Demographics, Average Customer Base"
6261,numeric,Numeric: ID 6261,7045,"Younger, Fewer Partners, Gender Balanced",7048,"Younger, Single Customers: Engagement Focus"
6262,numeric,Numeric: ID 6262,7046,"Neutral Demographic Mix, Partner Inclined",7047,"Diverse Demographics, Average Customer Base"
6263,numeric,Numeric: ID 6263,7045,"Younger, Fewer Partners, Gender Balanced",7048,"Younger, Single Customers: Engagement Focus"
6264,numeric,Numeric: ID 6264,7044,"Balanced Demographics, Average Customer",7047,"Diverse Demographics, Average Customer Base"
6265,numeric,Numeric: ID 6265,7045,"Younger, Fewer Partners, Gender Balanced",7048,"Younger, Single Customers: Engagement Focus"
6266,numeric,Numeric: ID 6266,7046,"Neutral Demographic Mix, Partner Inclined",7047,"Diverse Demographics, Average Customer Base"
6267,numeric,Numeric: ID 6267,7045,"Younger, Fewer Partners, Gender Balanced",7048,"Younger, Single Customers: Engagement Focus"
6268,numeric,Numeric: ID 6268,7046,"Neutral Demographic Mix, Partner Inclined",7047,"Diverse Demographics, Average Customer Base"
6269,numeric,Numeric: ID 6269,7045,"Younger, Fewer Partners, Gender Balanced",7048,"Younger, Single Customers: Engagement Focus"
6270,numeric,Numeric: ID 6270,7045,"Younger, Fewer Partners, Gender Balanced",7048,"Younger, Single Customers: Engagement Focus"
6271,numeric,Numeric: ID 6271,7044,"Balanced Demographics, Average Customer",7047,"Diverse Demographics, Average Customer Base"
6272,numeric,Numeric: ID 6272,7046,"Neutral Demographic Mix, Partner Inclined",7047,"Diverse Demographics, Average Customer Base"
6273,numeric,Numeric: ID 6273,7046,"Neutral Demographic Mix, Partner Inclined",7047,"Diverse Demographics, Average Customer Base"
6274,numeric,Numeric: ID 6274,7045,"Younger, Fewer Partners, Gender Balanced",7048,"Younger, Single Customers: Engagement Focus"
6275,numeric,Numeric: ID 6275,7045,"Younger, Fewer Partners, Gender Balanced",7048,"Younger, Single Customers: Engagement Focus"
6276,numeric,Numeric: ID 6276,7046,"Neutral Demographic Mix, Partner Inclined",7047,"Diverse Demographics, Average Customer Base"
6277,numeric,Numeric: ID 6277,7046,"Neutral Demographic Mix, Partner Inclined",7047,"Diverse Demographics, Average Customer Base"
6278,numeric,Numeric: ID 6278,7046,"Neutral Demographic Mix, Partner Inclined",7047,"Diverse Demographics, Average Customer Base"
6279,numeric,Numeric: ID 6279,7045,"Younger, Fewer Partners, Gender Balanced",7048,"Younger, Single Customers: Engagement Focus"
6280,numeric,Numeric: ID 6280,7046,"Neutral Demographic Mix, Partner Inclined",7047,"Diverse Demographics, Average Customer Base"
6281,numeric,Numeric: ID 6281,7045,"Younger, Fewer Partners, Gender Balanced",7048,"Younger, Single Customers: Engagement Focus"
6282,numeric,Numeric: ID 6282,7046,"Neutral Demographic Mix, Partner Inclined",7047,"Diverse Demographics, Average Customer Base"
6283,numeric,Numeric: ID 6283,7045,"Younger, Fewer Partners, Gender Balanced",7048,"Younger, Single Customers: Engagement Focus"
6284,numeric,Numeric: ID 6284,7044,"Balanced Demographics, Average Customer",7047,"Diverse Demographics, Average Customer Base"
6285,numeric,Numeric: ID 6285,7046,"Neutral Demographic Mix, Partner Inclined",7047,"Diverse Demographics, Average Customer Base"
6286,numeric,Numeric: ID 6286,7046,"Neutral Demographic Mix, Partner Inclined",7047,"Diverse Demographics, Average Customer Base"
6287,numeric,Numeric: ID 6287,7046,"Neutral Demographic Mix, Partner Inclined",7047,"Diverse Demographics, Average Customer Base"
6288,numeric,Numeric: ID 6288,7044,"Balanced Demographics, Average Customer",7047,"Diverse Demographics, Average Customer Base"
6289,numeric,Numeric: ID 6289,7044,"Balanced Demographics, Average Customer",7047,"Diverse Demographics, Average Customer Base"
6290,numeric,Numeric: ID 6290,7045,"Younger, Fewer Partners, Gender Balanced",7048,"Younger, Single Customers: Engagement Focus"
6291,numeric,Numeric: ID 6291,7045,"Younger, Fewer Partners, Gender Balanced",7048,"Younger, Single Customers: Engagement Focus"
6292,numeric,Numeric: ID 6292,7045,"Younger, Fewer Partners, Gender Balanced",7048,"Younger, Single Customers: Engagement Focus"
6293,numeric,Numeric: ID 6293,7046,"Neutral Demographic Mix, Partner Inclined",7047,"Diverse Demographics, Average Customer Base"
6294,numeric,Numeric: ID 6294,7046,"Neutral Demographic Mix, Partner Inclined",7047,"Diverse Demographics, Average Customer Base"
6295,numeric,Numeric: ID 6295,7046,"Neutral Demographic Mix, Partner Inclined",7047,"Diverse Demographics, Average Customer Base"
6296,numeric,Numeric: ID 6296,7046,"Neutral Demographic Mix, Partner Inclined",7047,"Diverse Demographics, Average Customer Base"
6297,numeric,Numeric: ID 6297,7045,"Younger, Fewer Partners, Gender Balanced",7048,"Younger, Single Customers: Engagement Focus"
6298,numeric,Numeric: ID 6298,7046,"Neutral Demographic Mix, Partner Inclined",7047,"Diverse Demographics, Average Customer Base"
6299,numeric,Numeric: ID 6299,7044,"Balanced Demographics, Average Customer",7047,"Diverse Demographics, Average Customer Base"
6300,numeric,Numeric: ID 6300,7045,"Younger, Fewer Partners, Gender Balanced",7048,"Younger, Single Customers: Engagement Focus"
6301,numeric,Numeric: ID 6301,7045,"Younger, Fewer Partners, Gender Balanced",7048,"Younger, Single Customers: Engagement Focus"
6302,numeric,Numeric: ID 6302,7045,"Younger, Fewer Partners, Gender Balanced",7048,"Younger, Single Customers: Engagement Focus"
6303,numeric,Numeric: ID 6303,7046,"Neutral Demographic Mix, Partner Inclined",7047,"Diverse Demographics, Average Customer Base"
6304,numeric,Numeric: ID 6304,7045,"Younger, Fewer Partners, Gender Balanced",7048,"Younger, Single Customers: Engagement Focus"
6305,numeric,Numeric: ID 6305,7045,"Younger, Fewer Partners, Gender Balanced",7048,"Younger, Single Customers: Engagement Focus"
6306,numeric,Numeric: ID 6306,7046,"Neutral Demographic Mix, Partner Inclined",7047,"Diverse Demographics, Average Customer Base"
6307,numeric,Numeric: ID 6307,7044,"Balanced Demographics, Average Customer",7047,"Diverse Demographics, Average Customer Base"
6308,numeric,Numeric: ID 6308,7045,"Younger, Fewer Partners, Gender Balanced",7048,"Younger, Single Customers: Engagement Focus"
6309,numeric,Numeric: ID 6309,7046,"Neutral Demographic Mix, Partner Inclined",7047,"Diverse Demographics, Average Customer Base"
6310,numeric,Numeric: ID 6310,7046,"Neutral Demographic Mix, Partner Inclined",7047,"Diverse Demographics, Average Customer Base"
6311,numeric,Numeric: ID 6311,7045,"Younger, Fewer Partners, Gender Balanced",7048,"Younger, Single Customers: Engagement Focus"
6312,numeric,Numeric: ID 6312,7045,"Younger, Fewer Partners, Gender Balanced",7048,"Younger, Single Customers: Engagement Focus"
6313,numeric,Numeric: ID 6313,7046,"Neutral Demographic Mix, Partner Inclined",7047,"Diverse Demographics, Average Customer Base"
6314,numeric,Numeric: ID 6314,7045,"Younger, Fewer Partners, Gender Balanced",7048,"Younger, Single Customers: Engagement Focus"
6315,numeric,Numeric: ID 6315,7046,"Neutral Demographic Mix, Partner Inclined",7047,"Diverse Demographics, Average Customer Base"
6316,numeric,Numeric: ID 6316,7046,"Neutral Demographic Mix, Partner Inclined",7047,"Diverse Demographics, Average Customer Base"
6317,numeric,Numeric: ID 6317,7045,"Younger, Fewer Partners, Gender Balanced",7048,"Younger, Single Customers: Engagement Focus"
6318,numeric,Numeric: ID 6318,7046,"Neutral Demographic Mix, Partner Inclined",7047,"Diverse Demographics, Average Customer Base"
6319,numeric,Numeric: ID 6319,7045,"Younger, Fewer Partners, Gender Balanced",7048,"Younger, Single Customers: Engagement Focus"
6320,numeric,Numeric: ID 6320,7046,"Neutral Demographic Mix, Partner Inclined",7047,"Diverse Demographics, Average Customer Base"
6321,numeric,Numeric: ID 6321,7045,"Younger, Fewer Partners, Gender Balanced",7048,"Younger, Single Customers: Engagement Focus"
6322,numeric,Numeric: ID 6322,7046,"Neutral Demographic Mix, Partner Inclined",7047,"Diverse Demographics, Average Customer Base"
6323,numeric,Numeric: ID 6323,7046,"Neutral Demographic Mix, Partner Inclined",7047,"Diverse Demographics, Average Customer Base"
6324,numeric,Numeric: ID 6324,7046,"Neutral Demographic Mix, Partner Inclined",7047,"Diverse Demographics, Average Customer Base"
6325,numeric,Numeric: ID 6325,7046,"Neutral Demographic Mix, Partner Inclined",7047,"Diverse Demographics, Average Customer Base"
6326,numeric,Numeric: ID 6326,7044,"Balanced Demographics, Average Customer",7047,"Diverse Demographics, Average Customer Base"
6327,numeric,Numeric: ID 6327,7046,"Neutral Demographic Mix, Partner Inclined",7047,"Diverse Demographics, Average Customer Base"
6328,numeric,Numeric: ID 6328,7046,"Neutral Demographic Mix, Partner Inclined",7047,"Diverse Demographics, Average Customer Base"
6329,numeric,Numeric: ID 6329,7046,"Neutral Demographic Mix, Partner Inclined",7047,"Diverse Demographics, Average Customer Base"
6330,numeric,Numeric: ID 6330,7045,"Younger, Fewer Partners, Gender Balanced",7048,"Younger, Single Customers: Engagement Focus"
6331,numeric,Numeric: ID 6331,7045,"Younger, Fewer Partners, Gender Balanced",7048,"Younger, Single Customers: Engagement Focus"
6332,numeric,Numeric: ID 6332,7044,"Balanced Demographics, Average Customer",7047,"Diverse Demographics, Average Customer Base"
6333,numeric,Numeric: ID 6333,7046,"Neutral Demographic Mix, Partner Inclined",7047,"Diverse Demographics, Average Customer Base"
6334,numeric,Numeric: ID 6334,7046,"Neutral Demographic Mix, Partner Inclined",7047,"Diverse Demographics, Average Customer Base"
6335,numeric,Numeric: ID 6335,7046,"Neutral Demographic Mix, Partner Inclined",7047,"Diverse Demographics, Average Customer Base"
6336,numeric,Numeric: ID 6336,7045,"Younger, Fewer Partners, Gender Balanced",7048,"Younger, Single Customers: Engagement Focus"
6337,numeric,Numeric: ID 6337,7045,"Younger, Fewer Partners, Gender Balanced",7048,"Younger, Single Customers: Engagement Focus"
6338,numeric,Numeric: ID 6338,7046,"Neutral Demographic Mix, Partner Inclined",7047,"Diverse Demographics, Average Customer Base"
6339,numeric,Numeric: ID 6339,7046,"Neutral Demographic Mix, Partner Inclined",7047,"Diverse Demographics, Average Customer Base"
6340,numeric,Numeric: ID 6340,7046,"Neutral Demographic Mix, Partner Inclined",7047,"Diverse Demographics, Average Customer Base"
6341,numeric,Numeric: ID 6341,7046,"Neutral Demographic Mix, Partner Inclined",7047,"Diverse Demographics, Average Customer Base"
6342,numeric,Numeric: ID 6342,7046,"Neutral Demographic Mix, Partner Inclined",7047,"Diverse Demographics, Average Customer Base"
6343,numeric,Numeric: ID 6343,7046,"Neutral Demographic Mix, Partner Inclined",7047,"Diverse Demographics, Average Customer Base"
6344,numeric,Numeric: ID 6344,7045,"Younger, Fewer Partners, Gender Balanced",7048,"Younger, Single Customers: Engagement Focus"
6345,numeric,Numeric: ID 6345,7046,"Neutral Demographic Mix, Partner Inclined",7047,"Diverse Demographics, Average Customer Base"
6346,numeric,Numeric: ID 6346,7046,"Neutral Demographic Mix, Partner Inclined",7047,"Diverse Demographics, Average Customer Base"
6347,numeric,Numeric: ID 6347,7044,"Balanced Demographics, Average Customer",7047,"Diverse Demographics, Average Customer Base"
6348,numeric,Numeric: ID 6348,7046,"Neutral Demographic Mix, Partner Inclined",7047,"Diverse Demographics, Average Customer Base"
6349,numeric,Numeric: ID 6349,7046,"Neutral Demographic Mix, Partner Inclined",7047,"Diverse Demographics, Average Customer Base"
6350,numeric,Numeric: ID 6350,7044,"Balanced Demographics, Average Customer",7047,"Diverse Demographics, Average Customer Base"
6351,numeric,Numeric: ID 6351,7045,"Younger, Fewer Partners, Gender Balanced",7048,"Younger, Single Customers: Engagement Focus"
6352,numeric,Numeric: ID 6352,7045,"Younger, Fewer Partners, Gender Balanced",7048,"Younger, Single Customers: Engagement Focus"
6353,numeric,Numeric: ID 6353,7046,"Neutral Demographic Mix, Partner Inclined",7047,"Diverse Demographics, Average Customer Base"
6354,numeric,Numeric: ID 6354,7046,"Neutral Demographic Mix, Partner Inclined",7047,"Diverse Demographics, Average Customer Base"
6355,numeric,Numeric: ID 6355,7046,"Neutral Demographic Mix, Partner Inclined",7047,"Diverse Demographics, Average Customer Base"
6356,numeric,Numeric: ID 6356,7045,"Younger, Fewer Partners, Gender Balanced",7048,"Younger, Single Customers: Engagement Focus"
6357,numeric,Numeric: ID 6357,7046,"Neutral Demographic Mix, Partner Inclined",7047,"Diverse Demographics, Average Customer Base"
6358,numeric,Numeric: ID 6358,7046,"Neutral Demographic Mix, Partner Inclined",7047,"Diverse Demographics, Average Customer Base"
6359,numeric,Numeric: ID 6359,7045,"Younger, Fewer Partners, Gender Balanced",7048,"Younger, Single Customers: Engagement Focus"
6360,numeric,Numeric: ID 6360,7045,"Younger, Fewer Partners, Gender Balanced",7048,"Younger, Single Customers: Engagement Focus"
6361,numeric,Numeric: ID 6361,7045,"Younger, Fewer Partners, Gender Balanced",7048,"Younger, Single Customers: Engagement Focus"
6362,numeric,Numeric: ID 6362,7044,"Balanced Demographics, Average Customer",7047,"Diverse Demographics, Average Customer Base"
6363,numeric,Numeric: ID 6363,7046,"Neutral Demographic Mix, Partner Inclined",7047,"Diverse Demographics, Average Customer Base"
6364,numeric,Numeric: ID 6364,7046,"Neutral Demographic Mix, Partner Inclined",7047,"Diverse Demographics, Average Customer Base"
6365,numeric,Numeric: ID 6365,7046,"Neutral Demographic Mix, Partner Inclined",7047,"Diverse Demographics, Average Customer Base"
6366,numeric,Numeric: ID 6366,7046,"Neutral Demographic Mix, Partner Inclined",7047,"Diverse Demographics, Average Customer Base"
6367,numeric,Numeric: ID 6367,7046,"Neutral Demographic Mix, Partner Inclined",7047,"Diverse Demographics, Average Customer Base"
6368,numeric,Numeric: ID 6368,7046,"Neutral Demographic Mix, Partner Inclined",7047,"Diverse Demographics, Average Customer Base"
6369,numeric,Numeric: ID 6369,7046,"Neutral Demographic Mix, Partner Inclined",7047,"Diverse Demographics, Average Customer Base"
6370,numeric,Numeric: ID 6370,7046,"Neutral Demographic Mix, Partner Inclined",7047,"Diverse Demographics, Average Customer Base"
6371,numeric,Numeric: ID 6371,7045,"Younger, Fewer Partners, Gender Balanced",7048,"Younger, Single Customers: Engagement Focus"
6372,numeric,Numeric: ID 6372,7046,"Neutral Demographic Mix, Partner Inclined",7047,"Diverse Demographics, Average Customer Base"
6373,numeric,Numeric: ID 6373,7046,"Neutral Demographic Mix, Partner Inclined",7047,"Diverse Demographics, Average Customer Base"
6374,numeric,Numeric: ID 6374,7046,"Neutral Demographic Mix, Partner Inclined",7047,"Diverse Demographics, Average Customer Base"
6375,numeric,Numeric: ID 6375,7045,"Younger, Fewer Partners, Gender Balanced",7048,"Younger, Single Customers: Engagement Focus"
6376,numeric,Numeric: ID 6376,7045,"Younger, Fewer Partners, Gender Balanced",7048,"Younger, Single Customers: Engagement Focus"
6377,numeric,Numeric: ID 6377,7046,"Neutral Demographic Mix, Partner Inclined",7047,"Diverse Demographics, Average Customer Base"
6378,numeric,Numeric: ID 6378,7046,"Neutral Demographic Mix, Partner Inclined",7047,"Diverse Demographics, Average Customer Base"
6379,numeric,Numeric: ID 6379,7046,"Neutral Demographic Mix, Partner Inclined",7047,"Diverse Demographics, Average Customer Base"
6380,numeric,Numeric: ID 6380,7046,"Neutral Demographic Mix, Partner Inclined",7047,"Diverse Demographics, Average Customer Base"
6381,numeric,Numeric: ID 6381,7044,"Balanced Demographics, Average Customer",7047,"Diverse Demographics, Average Customer Base"
6382,numeric,Numeric: ID 6382,7046,"Neutral Demographic Mix, Partner Inclined",7047,"Diverse Demographics, Average Customer Base"
6383,numeric,Numeric: ID 6383,7044,"Balanced Demographics, Average Customer",7047,"Diverse Demographics, Average Customer Base"
6384,numeric,Numeric: ID 6384,7044,"Balanced Demographics, Average Customer",7047,"Diverse Demographics, Average Customer Base"
6385,numeric,Numeric: ID 6385,7046,"Neutral Demographic Mix, Partner Inclined",7047,"Diverse Demographics, Average Customer Base"
6386,numeric,Numeric: ID 6386,7046,"Neutral Demographic Mix, Partner Inclined",7047,"Diverse Demographics, Average Customer Base"
6387,numeric,Numeric: ID 6387,7045,"Younger, Fewer Partners, Gender Balanced",7048,"Younger, Single Customers: Engagement Focus"
6388,numeric,Numeric: ID 6388,7046,"Neutral Demographic Mix, Partner Inclined",7047,"Diverse Demographics, Average Customer Base"
6389,numeric,Numeric: ID 6389,7045,"Younger, Fewer Partners, Gender Balanced",7048,"Younger, Single Customers: Engagement Focus"
6390,numeric,Numeric: ID 6390,7045,"Younger, Fewer Partners, Gender Balanced",7048,"Younger, Single Customers: Engagement Focus"
6391,numeric,Numeric: ID 6391,7045,"Younger, Fewer Partners, Gender Balanced",7048,"Younger, Single Customers: Engagement Focus"
6392,numeric,Numeric: ID 6392,7046,"Neutral Demographic Mix, Partner Inclined",7047,"Diverse Demographics, Average Customer Base"
6393,numeric,Numeric: ID 6393,7044,"Balanced Demographics, Average Customer",7047,"Diverse Demographics, Average Customer Base"
6394,numeric,Numeric: ID 6394,7046,"Neutral Demographic Mix, Partner Inclined",7047,"Diverse Demographics, Average Customer Base"
6395,numeric,Numeric: ID 6395,7046,"Neutral Demographic Mix, Partner Inclined",7047,"Diverse Demographics, Average Customer Base"
6396,numeric,Numeric: ID 6396,7044,"Balanced Demographics, Average Customer",7047,"Diverse Demographics, Average Customer Base"
6397,numeric,Numeric: ID 6397,7046,"Neutral Demographic Mix, Partner Inclined",7047,"Diverse Demographics, Average Customer Base"
6398,numeric,Numeric: ID 6398,7045,"Younger, Fewer Partners, Gender Balanced",7048,"Younger, Single Customers: Engagement Focus"
6399,numeric,Numeric: ID 6399,7046,"Neutral Demographic Mix, Partner Inclined",7047,"Diverse Demographics, Average Customer Base"
6400,numeric,Numeric: ID 6400,7046,"Neutral Demographic Mix, Partner Inclined",7047,"Diverse Demographics, Average Customer Base"
6401,numeric,Numeric: ID 6401,7045,"Younger, Fewer Partners, Gender Balanced",7048,"Younger, Single Customers: Engagement Focus"
6402,numeric,Numeric: ID 6402,7045,"Younger, Fewer Partners, Gender Balanced",7048,"Younger, Single Customers: Engagement Focus"
6403,numeric,Numeric: ID 6403,7046,"Neutral Demographic Mix, Partner Inclined",7047,"Diverse Demographics, Average Customer Base"
6404,numeric,Numeric: ID 6404,7046,"Neutral Demographic Mix, Partner Inclined",7047,"Diverse Demographics, Average Customer Base"
6405,numeric,Numeric: ID 6405,7044,"Balanced Demographics, Average Customer",7047,"Diverse Demographics, Average Customer Base"
6406,numeric,Numeric: ID 6406,7046,"Neutral Demographic Mix, Partner Inclined",7047,"Diverse Demographics, Average Customer Base"
6407,numeric,Numeric: ID 6407,7046,"Neutral Demographic Mix, Partner Inclined",7047,"Diverse Demographics, Average Customer Base"
6408,numeric,Numeric: ID 6408,7046,"Neutral Demographic Mix, Partner Inclined",7047,"Diverse Demographics, Average Customer Base"
6409,numeric,Numeric: ID 6409,7046,"Neutral Demographic Mix, Partner Inclined",7047,"Diverse Demographics, Average Customer Base"
6410,numeric,Numeric: ID 6410,7045,"Younger, Fewer Partners, Gender Balanced",7048,"Younger, Single Customers: Engagement Focus"
6411,numeric,Numeric: ID 6411,7046,"Neutral Demographic Mix, Partner Inclined",7047,"Diverse Demographics, Average Customer Base"
6412,numeric,Numeric: ID 6412,7046,"Neutral Demographic Mix, Partner Inclined",7047,"Diverse Demographics, Average Customer Base"
6413,numeric,Numeric: ID 6413,7046,"Neutral Demographic Mix, Partner Inclined",7047,"Diverse Demographics, Average Customer Base"
6414,numeric,Numeric: ID 6414,7045,"Younger, Fewer Partners, Gender Balanced",7048,"Younger, Single Customers: Engagement Focus"
6415,numeric,Numeric: ID 6415,7046,"Neutral Demographic Mix, Partner Inclined",7047,"Diverse Demographics, Average Customer Base"
6416,numeric,Numeric: ID 6416,7046,"Neutral Demographic Mix, Partner Inclined",7047,"Diverse Demographics, Average Customer Base"
6417,numeric,Numeric: ID 6417,7046,"Neutral Demographic Mix, Partner Inclined",7047,"Diverse Demographics, Average Customer Base"
6418,numeric,Numeric: ID 6418,7044,"Balanced Demographics, Average Customer",7047,"Diverse Demographics, Average Customer Base"
6419,numeric,Numeric: ID 6419,7046,"Neutral Demographic Mix, Partner Inclined",7047,"Diverse Demographics, Average Customer Base"
6420,numeric,Numeric: ID 6420,7046,"Neutral Demographic Mix, Partner Inclined",7047,"Diverse Demographics, Average Customer Base"
6421,numeric,Numeric: ID 6421,7045,"Younger, Fewer Partners, Gender Balanced",7048,"Younger, Single Customers: Engagement Focus"
6422,numeric,Numeric: ID 6422,7045,"Younger, Fewer Partners, Gender Balanced",7048,"Younger, Single Customers: Engagement Focus"
6423,numeric,Numeric: ID 6423,7046,"Neutral Demographic Mix, Partner Inclined",7047,"Diverse Demographics, Average Customer Base"
6424,numeric,Numeric: ID 6424,7046,"Neutral Demographic Mix, Partner Inclined",7047,"Diverse Demographics, Average Customer Base"
6425,numeric,Numeric: ID 6425,7046,"Neutral Demographic Mix, Partner Inclined",7047,"Diverse Demographics, Average Customer Base"
6426,numeric,Numeric: ID 6426,7046,"Neutral Demographic Mix, Partner Inclined",7047,"Diverse Demographics, Average Customer Base"
6427,numeric,Numeric: ID 6427,7046,"Neutral Demographic Mix, Partner Inclined",7047,"Diverse Demographics, Average Customer Base"
6428,numeric,Numeric: ID 6428,7046,"Neutral Demographic Mix, Partner Inclined",7047,"Diverse Demographics, Average Customer Base"
6429,numeric,Numeric: ID 6429,7045,"Younger, Fewer Partners, Gender Balanced",7048,"Younger, Single Customers: Engagement Focus"
6430,numeric,Numeric: ID 6430,7045,"Younger, Fewer Partners, Gender Balanced",7048,"Younger, Single Customers: Engagement Focus"
6431,numeric,Numeric: ID 6431,7046,"Neutral Demographic Mix, Partner Inclined",7047,"Diverse Demographics, Average Customer Base"
6432,numeric,Numeric: ID 6432,7046,"Neutral Demographic Mix, Partner Inclined",7047,"Diverse Demographics, Average Customer Base"
6433,numeric,Numeric: ID 6433,7044,"Balanced Demographics, Average Customer",7047,"Diverse Demographics, Average Customer Base"
6434,numeric,Numeric: ID 6434,7046,"Neutral Demographic Mix, Partner Inclined",7047,"Diverse Demographics, Average Customer Base"
6435,numeric,Numeric: ID 6435,7046,"Neutral Demographic Mix, Partner Inclined",7047,"Diverse Demographics, Average Customer Base"
6436,numeric,Numeric: ID 6436,7044,"Balanced Demographics, Average Customer",7047,"Diverse Demographics, Average Customer Base"
6437,numeric,Numeric: ID 6437,7046,"Neutral Demographic Mix, Partner Inclined",7047,"Diverse Demographics, Average Customer Base"
6438,numeric,Numeric: ID 6438,7044,"Balanced Demographics, Average Customer",7047,"Diverse Demographics, Average Customer Base"
6439,numeric,Numeric: ID 6439,7045,"Younger, Fewer Partners, Gender Balanced",7048,"Younger, Single Customers: Engagement Focus"
6440,numeric,Numeric: ID 6440,7045,"Younger, Fewer Partners, Gender Balanced",7048,"Younger, Single Customers: Engagement Focus"
6441,numeric,Numeric: ID 6441,7046,"Neutral Demographic Mix, Partner Inclined",7047,"Diverse Demographics, Average Customer Base"
6442,numeric,Numeric: ID 6442,7046,"Neutral Demographic Mix, Partner Inclined",7047,"Diverse Demographics, Average Customer Base"
6443,numeric,Numeric: ID 6443,7044,"Balanced Demographics, Average Customer",7047,"Diverse Demographics, Average Customer Base"
6444,numeric,Numeric: ID 6444,7044,"Balanced Demographics, Average Customer",7047,"Diverse Demographics, Average Customer Base"
6445,numeric,Numeric: ID 6445,7045,"Younger, Fewer Partners, Gender Balanced",7048,"Younger, Single Customers: Engagement Focus"
6446,numeric,Numeric: ID 6446,7046,"Neutral Demographic Mix, Partner Inclined",7047,"Diverse Demographics, Average Customer Base"
6447,numeric,Numeric: ID 6447,7046,"Neutral Demographic Mix, Partner Inclined",7047,"Diverse Demographics, Average Customer Base"
6448,numeric,Numeric: ID 6448,7046,"Neutral Demographic Mix, Partner Inclined",7047,"Diverse Demographics, Average Customer Base"
6449,numeric,Numeric: ID 6449,7045,"Younger, Fewer Partners, Gender Balanced",7048,"Younger, Single Customers: Engagement Focus"
6450,numeric,Numeric: ID 6450,7046,"Neutral Demographic Mix, Partner Inclined",7047,"Diverse Demographics, Average Customer Base"
6451,numeric,Numeric: ID 6451,7046,"Neutral Demographic Mix, Partner Inclined",7047,"Diverse Demographics, Average Customer Base"
6452,numeric,Numeric: ID 6452,7045,"Younger, Fewer Partners, Gender Balanced",7048,"Younger, Single Customers: Engagement Focus"
6453,numeric,Numeric: ID 6453,7045,"Younger, Fewer Partners, Gender Balanced",7048,"Younger, Single Customers: Engagement Focus"
6454,numeric,Numeric: ID 6454,7045,"Younger, Fewer Partners, Gender Balanced",7048,"Younger, Single Customers: Engagement Focus"
6455,numeric,Numeric: ID 6455,7046,"Neutral Demographic Mix, Partner Inclined",7047,"Diverse Demographics, Average Customer Base"
6456,numeric,Numeric: ID 6456,7046,"Neutral Demographic Mix, Partner Inclined",7047,"Diverse Demographics, Average Customer Base"
6457,numeric,Numeric: ID 6457,7046,"Neutral Demographic Mix, Partner Inclined",7047,"Diverse Demographics, Average Customer Base"
6458,numeric,Numeric: ID 6458,7046,"Neutral Demographic Mix, Partner Inclined",7047,"Diverse Demographics, Average Customer Base"
6459,numeric,Numeric: ID 6459,7046,"Neutral Demographic Mix, Partner Inclined",7047,"Diverse Demographics, Average Customer Base"
6460,numeric,Numeric: ID 6460,7046,"Neutral Demographic Mix, Partner Inclined",7047,"Diverse Demographics, Average Customer Base"
6461,numeric,Numeric: ID 6461,7046,"Neutral Demographic Mix, Partner Inclined",7047,"Diverse Demographics, Average Customer Base"
6462,numeric,Numeric: ID 6462,7046,"Neutral Demographic Mix, Partner Inclined",7047,"Diverse Demographics, Average Customer Base"
6463,numeric,Numeric: ID 6463,7046,"Neutral Demographic Mix, Partner Inclined",7047,"Diverse Demographics, Average Customer Base"
6464,numeric,Numeric: ID 6464,7044,"Balanced Demographics, Average Customer",7047,"Diverse Demographics, Average Customer Base"
6465,numeric,Numeric: ID 6465,7046,"Neutral Demographic Mix, Partner Inclined",7047,"Diverse Demographics, Average Customer Base"
6466,numeric,Numeric: ID 6466,7046,"Neutral Demographic Mix, Partner Inclined",7047,"Diverse Demographics, Average Customer Base"
6467,numeric,Numeric: ID 6467,7045,"Younger, Fewer Partners, Gender Balanced",7048,"Younger, Single Customers: Engagement Focus"
6468,numeric,Numeric: ID 6468,7044,"Balanced Demographics, Average Customer",7047,"Diverse Demographics, Average Customer Base"
6469,numeric,Numeric: ID 6469,7044,"Balanced Demographics, Average Customer",7047,"Diverse Demographics, Average Customer Base"
6470,numeric,Numeric: ID 6470,7046,"Neutral Demographic Mix, Partner Inclined",7047,"Diverse Demographics, Average Customer Base"
6471,numeric,Numeric: ID 6471,7046,"Neutral Demographic Mix, Partner Inclined",7047,"Diverse Demographics, Average Customer Base"
6472,numeric,Numeric: ID 6472,7045,"Younger, Fewer Partners, Gender Balanced",7048,"Younger, Single Customers: Engagement Focus"
6473,numeric,Numeric: ID 6473,7046,"Neutral Demographic Mix, Partner Inclined",7047,"Diverse Demographics, Average Customer Base"
6474,numeric,Numeric: ID 6474,7044,"Balanced Demographics, Average Customer",7047,"Diverse Demographics, Average Customer Base"
6475,numeric,Numeric: ID 6475,7045,"Younger, Fewer Partners, Gender Balanced",7048,"Younger, Single Customers: Engagement Focus"
6476,numeric,Numeric: ID 6476,7046,"Neutral Demographic Mix, Partner Inclined",7047,"Diverse Demographics, Average Customer Base"
6477,numeric,Numeric: ID 6477,7044,"Balanced Demographics, Average Customer",7047,"Diverse Demographics, Average Customer Base"
6478,numeric,Numeric: ID 6478,7046,"Neutral Demographic Mix, Partner Inclined",7047,"Diverse Demographics, Average Customer Base"
6479,numeric,Numeric: ID 6479,7046,"Neutral Demographic Mix, Partner Inclined",7047,"Diverse Demographics, Average Customer Base"
6480,numeric,Numeric: ID 6480,7045,"Younger, Fewer Partners, Gender Balanced",7048,"Younger, Single Customers: Engagement Focus"
6481,numeric,Numeric: ID 6481,7044,"Balanced Demographics, Average Customer",7047,"Diverse Demographics, Average Customer Base"
6482,numeric,Numeric: ID 6482,7045,"Younger, Fewer Partners, Gender Balanced",7048,"Younger, Single Customers: Engagement Focus"
6483,numeric,Numeric: ID 6483,7046,"Neutral Demographic Mix, Partner Inclined",7047,"Diverse Demographics, Average Customer Base"
6484,numeric,Numeric: ID 6484,7046,"Neutral Demographic Mix, Partner Inclined",7047,"Diverse Demographics, Average Customer Base"
6485,numeric,Numeric: ID 6485,7046,"Neutral Demographic Mix, Partner Inclined",7047,"Diverse Demographics, Average Customer Base"
6486,numeric,Numeric: ID 6486,7046,"Neutral Demographic Mix, Partner Inclined",7047,"Diverse Demographics, Average Customer Base"
6487,numeric,Numeric: ID 6487,7045,"Younger, Fewer Partners, Gender Balanced",7048,"Younger, Single Customers: Engagement Focus"
6488,numeric,Numeric: ID 6488,7046,"Neutral Demographic Mix, Partner Inclined",7047,"Diverse Demographics, Average Customer Base"
6489,numeric,Numeric: ID 6489,7046,"Neutral Demographic Mix, Partner Inclined",7047,"Diverse Demographics, Average Customer Base"
6490,numeric,Numeric: ID 6490,7046,"Neutral Demographic Mix, Partner Inclined",7047,"Diverse Demographics, Average Customer Base"
6491,numeric,Numeric: ID 6491,7045,"Younger, Fewer Partners, Gender Balanced",7048,"Younger, Single Customers: Engagement Focus"
6492,numeric,Numeric: ID 6492,7045,"Younger, Fewer Partners, Gender Balanced",7048,"Younger, Single Customers: Engagement Focus"
6493,numeric,Numeric: ID 6493,7046,"Neutral Demographic Mix, Partner Inclined",7047,"Diverse Demographics, Average Customer Base"
6494,numeric,Numeric: ID 6494,7044,"Balanced Demographics, Average Customer",7047,"Diverse Demographics, Average Customer Base"
6495,numeric,Numeric: ID 6495,7045,"Younger, Fewer Partners, Gender Balanced",7048,"Younger, Single Customers: Engagement Focus"
6496,numeric,Numeric: ID 6496,7046,"Neutral Demographic Mix, Partner Inclined",7047,"Diverse Demographics, Average Customer Base"
6497,numeric,Numeric: ID 6497,7046,"Neutral Demographic Mix, Partner Inclined",7047,"Diverse Demographics, Average Customer Base"
6498,numeric,Numeric: ID 6498,7046,"Neutral Demographic Mix, Partner Inclined",7047,"Diverse Demographics, Average Customer Base"
6499,numeric,Numeric: ID 6499,7045,"Younger, Fewer Partners, Gender Balanced",7048,"Younger, Single Customers: Engagement Focus"
6500,numeric,Numeric: ID 6500,7045,"Younger, Fewer Partners, Gender Balanced",7048,"Younger, Single Customers: Engagement Focus"
6501,numeric,Numeric: ID 6501,7044,"Balanced Demographics, Average Customer",7047,"Diverse Demographics, Average Customer Base"
6502,numeric,Numeric: ID 6502,7046,"Neutral Demographic Mix, Partner Inclined",7047,"Diverse Demographics, Average Customer Base"
6503,numeric,Numeric: ID 6503,7046,"Neutral Demographic Mix, Partner Inclined",7047,"Diverse Demographics, Average Customer Base"
6504,numeric,Numeric: ID 6504,7046,"Neutral Demographic Mix, Partner Inclined",7047,"Diverse Demographics, Average Customer Base"
6505,numeric,Numeric: ID 6505,7045,"Younger, Fewer Partners, Gender Balanced",7048,"Younger, Single Customers: Engagement Focus"
6506,numeric,Numeric: ID 6506,7046,"Neutral Demographic Mix, Partner Inclined",7047,"Diverse Demographics, Average Customer Base"
6507,numeric,Numeric: ID 6507,7046,"Neutral Demographic Mix, Partner Inclined",7047,"Diverse Demographics, Average Customer Base"
6508,numeric,Numeric: ID 6508,7046,"Neutral Demographic Mix, Partner Inclined",7047,"Diverse Demographics, Average Customer Base"
6509,numeric,Numeric: ID 6509,7045,"Younger, Fewer Partners, Gender Balanced",7048,"Younger, Single Customers: Engagement Focus"
6510,numeric,Numeric: ID 6510,7046,"Neutral Demographic Mix, Partner Inclined",7047,"Diverse Demographics, Average Customer Base"
6511,numeric,Numeric: ID 6511,7045,"Younger, Fewer Partners, Gender Balanced",7048,"Younger, Single Customers: Engagement Focus"
6512,numeric,Numeric: ID 6512,7044,"Balanced Demographics, Average Customer",7047,"Diverse Demographics, Average Customer Base"
6513,numeric,Numeric: ID 6513,7046,"Neutral Demographic Mix, Partner Inclined",7047,"Diverse Demographics, Average Customer Base"
6514,numeric,Numeric: ID 6514,7046,"Neutral Demographic Mix, Partner Inclined",7047,"Diverse Demographics, Average Customer Base"
6515,numeric,Numeric: ID 6515,7046,"Neutral Demographic Mix, Partner Inclined",7047,"Diverse Demographics, Average Customer Base"
6516,numeric,Numeric: ID 6516,7045,"Younger, Fewer Partners, Gender Balanced",7048,"Younger, Single Customers: Engagement Focus"
6517,numeric,Numeric: ID 6517,7045,"Younger, Fewer Partners, Gender Balanced",7048,"Younger, Single Customers: Engagement Focus"
6518,numeric,Numeric: ID 6518,7044,"Balanced Demographics, Average Customer",7047,"Diverse Demographics, Average Customer Base"
6519,numeric,Numeric: ID 6519,7046,"Neutral Demographic Mix, Partner Inclined",7047,"Diverse Demographics, Average Customer Base"
6520,numeric,Numeric: ID 6520,7046,"Neutral Demographic Mix, Partner Inclined",7047,"Diverse Demographics, Average Customer Base"
6521,numeric,Numeric: ID 6521,7046,"Neutral Demographic Mix, Partner Inclined",7047,"Diverse Demographics, Average Customer Base"
6522,numeric,Numeric: ID 6522,7044,"Balanced Demographics, Average Customer",7047,"Diverse Demographics, Average Customer Base"
6523,numeric,Numeric: ID 6523,7046,"Neutral Demographic Mix, Partner Inclined",7047,"Diverse Demographics, Average Customer Base"
6524,numeric,Numeric: ID 6524,7046,"Neutral Demographic Mix, Partner Inclined",7047,"Diverse Demographics, Average Customer Base"
6525,numeric,Numeric: ID 6525,7046,"Neutral Demographic Mix, Partner Inclined",7047,"Diverse Demographics, Average Customer Base"
6526,numeric,Numeric: ID 6526,7046,"Neutral Demographic Mix, Partner Inclined",7047,"Diverse Demographics, Average Customer Base"
6527,numeric,Numeric: ID 6527,7044,"Balanced Demographics, Average Customer",7047,"Diverse Demographics, Average Customer Base"
6528,numeric,Numeric: ID 6528,7046,"Neutral Demographic Mix, Partner Inclined",7047,"Diverse Demographics, Average Customer Base"
6529,numeric,Numeric: ID 6529,7046,"Neutral Demographic Mix, Partner Inclined",7047,"Diverse Demographics, Average Customer Base"
6530,numeric,Numeric: ID 6530,7046,"Neutral Demographic Mix, Partner Inclined",7047,"Diverse Demographics, Average Customer Base"
6531,numeric,Numeric: ID 6531,7046,"Neutral Demographic Mix, Partner Inclined",7047,"Diverse Demographics, Average Customer Base"
6532,numeric,Numeric: ID 6532,7046,"Neutral Demographic Mix, Partner Inclined",7047,"Diverse Demographics, Average Customer Base"
6533,numeric,Numeric: ID 6533,7045,"Younger, Fewer Partners, Gender Balanced",7048,"Younger, Single Customers: Engagement Focus"
6534,numeric,Numeric: ID 6534,7046,"Neutral Demographic Mix, Partner Inclined",7047,"Diverse Demographics, Average Customer Base"
6535,numeric,Numeric: ID 6535,7046,"Neutral Demographic Mix, Partner Inclined",7047,"Diverse Demographics, Average Customer Base"
6536,numeric,Numeric: ID 6536,7045,"Younger, Fewer Partners, Gender Balanced",7048,"Younger, Single Customers: Engagement Focus"
6537,numeric,Numeric: ID 6537,7046,"Neutral Demographic Mix, Partner Inclined",7047,"Diverse Demographics, Average Customer Base"
6538,numeric,Numeric: ID 6538,7046,"Neutral Demographic Mix, Partner Inclined",7047,"Diverse Demographics, Average Customer Base"
6539,numeric,Numeric: ID 6539,7046,"Neutral Demographic Mix, Partner Inclined",7047,"Diverse Demographics, Average Customer Base"
6540,numeric,Numeric: ID 6540,7045,"Younger, Fewer Partners, Gender Balanced",7048,"Younger, Single Customers: Engagement Focus"
6541,numeric,Numeric: ID 6541,7045,"Younger, Fewer Partners, Gender Balanced",7048,"Younger, Single Customers: Engagement Focus"
6542,numeric,Numeric: ID 6542,7046,"Neutral Demographic Mix, Partner Inclined",7047,"Diverse Demographics, Average Customer Base"
6543,numeric,Numeric: ID 6543,7046,"Neutral Demographic Mix, Partner Inclined",7047,"Diverse Demographics, Average Customer Base"
6544,numeric,Numeric: ID 6544,7046,"Neutral Demographic Mix, Partner Inclined",7047,"Diverse Demographics, Average Customer Base"
6545,numeric,Numeric: ID 6545,7046,"Neutral Demographic Mix, Partner Inclined",7047,"Diverse Demographics, Average Customer Base"
6546,numeric,Numeric: ID 6546,7046,"Neutral Demographic Mix, Partner Inclined",7047,"Diverse Demographics, Average Customer Base"
6547,numeric,Numeric: ID 6547,7046,"Neutral Demographic Mix, Partner Inclined",7047,"Diverse Demographics, Average Customer Base"
6548,numeric,Numeric: ID 6548,7046,"Neutral Demographic Mix, Partner Inclined",7047,"Diverse Demographics, Average Customer Base"
6549,numeric,Numeric: ID 6549,7046,"Neutral Demographic Mix, Partner Inclined",7047,"Diverse Demographics, Average Customer Base"
6550,numeric,Numeric: ID 6550,7046,"Neutral Demographic Mix, Partner Inclined",7047,"Diverse Demographics, Average Customer Base"
6551,numeric,Numeric: ID 6551,7046,"Neutral Demographic Mix, Partner Inclined",7047,"Diverse Demographics, Average Customer Base"
6552,numeric,Numeric: ID 6552,7045,"Younger, Fewer Partners, Gender Balanced",7048,"Younger, Single Customers: Engagement Focus"
6553,numeric,Numeric: ID 6553,7046,"Neutral Demographic Mix, Partner Inclined",7047,"Diverse Demographics, Average Customer Base"
6554,numeric,Numeric: ID 6554,7044,"Balanced Demographics, Average Customer",7047,"Diverse Demographics, Average Customer Base"
6555,numeric,Numeric: ID 6555,7046,"Neutral Demographic Mix, Partner Inclined",7047,"Diverse Demographics, Average Customer Base"
6556,numeric,Numeric: ID 6556,7045,"Younger, Fewer Partners, Gender Balanced",7048,"Younger, Single Customers: Engagement Focus"
6557,numeric,Numeric: ID 6557,7045,"Younger, Fewer Partners, Gender Balanced",7048,"Younger, Single Customers: Engagement Focus"
6558,numeric,Numeric: ID 6558,7046,"Neutral Demographic Mix, Partner Inclined",7047,"Diverse Demographics, Average Customer Base"
6559,numeric,Numeric: ID 6559,7045,"Younger, Fewer Partners, Gender Balanced",7048,"Younger, Single Customers: Engagement Focus"
6560,numeric,Numeric: ID 6560,7045,"Younger, Fewer Partners, Gender Balanced",7048,"Younger, Single Customers: Engagement Focus"
6561,numeric,Numeric: ID 6561,7046,"Neutral Demographic Mix, Partner Inclined",7047,"Diverse Demographics, Average Customer Base"
6562,numeric,Numeric: ID 6562,7045,"Younger, Fewer Partners, Gender Balanced",7048,"Younger, Single Customers: Engagement Focus"
6563,numeric,Numeric: ID 6563,7046,"Neutral Demographic Mix, Partner Inclined",7047,"Diverse Demographics, Average Customer Base"
6564,numeric,Numeric: ID 6564,7044,"Balanced Demographics, Average Customer",7047,"Diverse Demographics, Average Customer Base"
6565,numeric,Numeric: ID 6565,7045,"Younger, Fewer Partners, Gender Balanced",7048,"Younger, Single Customers: Engagement Focus"
6566,numeric,Numeric: ID 6566,7046,"Neutral Demographic Mix, Partner Inclined",7047,"Diverse Demographics, Average Customer Base"
6567,numeric,Numeric: ID 6567,7046,"Neutral Demographic Mix, Partner Inclined",7047,"Diverse Demographics, Average Customer Base"
6568,numeric,Numeric: ID 6568,7045,"Younger, Fewer Partners, Gender Balanced",7048,"Younger, Single Customers: Engagement Focus"
6569,numeric,Numeric: ID 6569,7046,"Neutral Demographic Mix, Partner Inclined",7047,"Diverse Demographics, Average Customer Base"
6570,numeric,Numeric: ID 6570,7046,"Neutral Demographic Mix, Partner Inclined",7047,"Diverse Demographics, Average Customer Base"
6571,numeric,Numeric: ID 6571,7044,"Balanced Demographics, Average Customer",7047,"Diverse Demographics, Average Customer Base"
6572,numeric,Numeric: ID 6572,7046,"Neutral Demographic Mix, Partner Inclined",7047,"Diverse Demographics, Average Customer Base"
6573,numeric,Numeric: ID 6573,7046,"Neutral Demographic Mix, Partner Inclined",7047,"Diverse Demographics, Average Customer Base"
6574,numeric,Numeric: ID 6574,7046,"Neutral Demographic Mix, Partner Inclined",7047,"Diverse Demographics, Average Customer Base"
6575,numeric,Numeric: ID 6575,7046,"Neutral Demographic Mix, Partner Inclined",7047,"Diverse Demographics, Average Customer Base"
6576,numeric,Numeric: ID 6576,7046,"Neutral Demographic Mix, Partner Inclined",7047,"Diverse Demographics, Average Customer Base"
6577,numeric,Numeric: ID 6577,7046,"Neutral Demographic Mix, Partner Inclined",7047,"Diverse Demographics, Average Customer Base"
6578,numeric,Numeric: ID 6578,7046,"Neutral Demographic Mix, Partner Inclined",7047,"Diverse Demographics, Average Customer Base"
6579,numeric,Numeric: ID 6579,7046,"Neutral Demographic Mix, Partner Inclined",7047,"Diverse Demographics, Average Customer Base"
6580,numeric,Numeric: ID 6580,7046,"Neutral Demographic Mix, Partner Inclined",7047,"Diverse Demographics, Average Customer Base"
6581,numeric,Numeric: ID 6581,7046,"Neutral Demographic Mix, Partner Inclined",7047,"Diverse Demographics, Average Customer Base"
6582,numeric,Numeric: ID 6582,7044,"Balanced Demographics, Average Customer",7047,"Diverse Demographics, Average Customer Base"
6583,numeric,Numeric: ID 6583,7046,"Neutral Demographic Mix, Partner Inclined",7047,"Diverse Demographics, Average Customer Base"
6584,numeric,Numeric: ID 6584,7045,"Younger, Fewer Partners, Gender Balanced",7048,"Younger, Single Customers: Engagement Focus"
6585,numeric,Numeric: ID 6585,7046,"Neutral Demographic Mix, Partner Inclined",7047,"Diverse Demographics, Average Customer Base"
6586,numeric,Numeric: ID 6586,7046,"Neutral Demographic Mix, Partner Inclined",7047,"Diverse Demographics, Average Customer Base"
6587,numeric,Numeric: ID 6587,7046,"Neutral Demographic Mix, Partner Inclined",7047,"Diverse Demographics, Average Customer Base"
6588,numeric,Numeric: ID 6588,7045,"Younger, Fewer Partners, Gender Balanced",7048,"Younger, Single Customers: Engagement Focus"
6589,numeric,Numeric: ID 6589,7044,"Balanced Demographics, Average Customer",7047,"Diverse Demographics, Average Customer Base"
6590,numeric,Numeric: ID 6590,7044,"Balanced Demographics, Average Customer",7047,"Diverse Demographics, Average Customer Base"
6591,numeric,Numeric: ID 6591,7046,"Neutral Demographic Mix, Partner Inclined",7047,"Diverse Demographics, Average Customer Base"
6592,numeric,Numeric: ID 6592,7046,"Neutral Demographic Mix, Partner Inclined",7047,"Diverse Demographics, Average Customer Base"
6593,numeric,Numeric: ID 6593,7046,"Neutral Demographic Mix, Partner Inclined",7047,"Diverse Demographics, Average Customer Base"
6594,numeric,Numeric: ID 6594,7046,"Neutral Demographic Mix, Partner Inclined",7047,"Diverse Demographics, Average Customer Base"
6595,numeric,Numeric: ID 6595,7046,"Neutral Demographic Mix, Partner Inclined",7047,"Diverse Demographics, Average Customer Base"
6596,numeric,Numeric: ID 6596,7045,"Younger, Fewer Partners, Gender Balanced",7048,"Younger, Single Customers: Engagement Focus"
6597,numeric,Numeric: ID 6597,7044,"Balanced Demographics, Average Customer",7047,"Diverse Demographics, Average Customer Base"
6598,numeric,Numeric: ID 6598,7046,"Neutral Demographic Mix, Partner Inclined",7047,"Diverse Demographics, Average Customer Base"
6599,numeric,Numeric: ID 6599,7045,"Younger, Fewer Partners, Gender Balanced",7048,"Younger, Single Customers: Engagement Focus"
6600,numeric,Numeric: ID 6600,7046,"Neutral Demographic Mix, Partner Inclined",7047,"Diverse Demographics, Average Customer Base"
6601,numeric,Numeric: ID 6601,7045,"Younger, Fewer Partners, Gender Balanced",7048,"Younger, Single Customers: Engagement Focus"
6602,numeric,Numeric: ID 6602,7045,"Younger, Fewer Partners, Gender Balanced",7048,"Younger, Single Customers: Engagement Focus"
6603,numeric,Numeric: ID 6603,7046,"Neutral Demographic Mix, Partner Inclined",7047,"Diverse Demographics, Average Customer Base"
6604,numeric,Numeric: ID 6604,7045,"Younger, Fewer Partners, Gender Balanced",7048,"Younger, Single Customers: Engagement Focus"
6605,numeric,Numeric: ID 6605,7044,"Balanced Demographics, Average Customer",7047,"Diverse Demographics, Average Customer Base"
6606,numeric,Numeric: ID 6606,7046,"Neutral Demographic Mix, Partner Inclined",7047,"Diverse Demographics, Average Customer Base"
6607,numeric,Numeric: ID 6607,7045,"Younger, Fewer Partners, Gender Balanced",7048,"Younger, Single Customers: Engagement Focus"
6608,numeric,Numeric: ID 6608,7046,"Neutral Demographic Mix, Partner Inclined",7047,"Diverse Demographics, Average Customer Base"
6609,numeric,Numeric: ID 6609,7046,"Neutral Demographic Mix, Partner Inclined",7047,"Diverse Demographics, Average Customer Base"
6610,numeric,Numeric: ID 6610,7046,"Neutral Demographic Mix, Partner Inclined",7047,"Diverse Demographics, Average Customer Base"
6611,numeric,Numeric: ID 6611,7046,"Neutral Demographic Mix, Partner Inclined",7047,"Diverse Demographics, Average Customer Base"
6612,numeric,Numeric: ID 6612,7045,"Younger, Fewer Partners, Gender Balanced",7048,"Younger, Single Customers: Engagement Focus"
6613,numeric,Numeric: ID 6613,7046,"Neutral Demographic Mix, Partner Inclined",7047,"Diverse Demographics, Average Customer Base"
6614,numeric,Numeric: ID 6614,7046,"Neutral Demographic Mix, Partner Inclined",7047,"Diverse Demographics, Average Customer Base"
6615,numeric,Numeric: ID 6615,7046,"Neutral Demographic Mix, Partner Inclined",7047,"Diverse Demographics, Average Customer Base"
6616,numeric,Numeric: ID 6616,7045,"Younger, Fewer Partners, Gender Balanced",7048,"Younger, Single Customers: Engagement Focus"
6617,numeric,Numeric: ID 6617,7045,"Younger, Fewer Partners, Gender Balanced",7048,"Younger, Single Customers: Engagement Focus"
6618,numeric,Numeric: ID 6618,7046,"Neutral Demographic Mix, Partner Inclined",7047,"Diverse Demographics, Average Customer Base"
6619,numeric,Numeric: ID 6619,7046,"Neutral Demographic Mix, Partner Inclined",7047,"Diverse Demographics, Average Customer Base"
6620,numeric,Numeric: ID 6620,7046,"Neutral Demographic Mix, Partner Inclined",7047,"Diverse Demographics, Average Customer Base"
6621,numeric,Numeric: ID 6621,7044,"Balanced Demographics, Average Customer",7047,"Diverse Demographics, Average Customer Base"
6622,numeric,Numeric: ID 6622,7046,"Neutral Demographic Mix, Partner Inclined",7047,"Diverse Demographics, Average Customer Base"
6623,numeric,Numeric: ID 6623,7044,"Balanced Demographics, Average Customer",7047,"Diverse Demographics, Average Customer Base"
6624,numeric,Numeric: ID 6624,7046,"Neutral Demographic Mix, Partner Inclined",7047,"Diverse Demographics, Average Customer Base"
6625,numeric,Numeric: ID 6625,7044,"Balanced Demographics, Average Customer",7047,"Diverse Demographics, Average Customer Base"
6626,numeric,Numeric: ID 6626,7046,"Neutral Demographic Mix, Partner Inclined",7047,"Diverse Demographics, Average Customer Base"
6627,numeric,Numeric: ID 6627,7046,"Neutral Demographic Mix, Partner Inclined",7047,"Diverse Demographics, Average Customer Base"
6628,numeric,Numeric: ID 6628,7046,"Neutral Demographic Mix, Partner Inclined",7047,"Diverse Demographics, Average Customer Base"
6629,numeric,Numeric: ID 6629,7045,"Younger, Fewer Partners, Gender Balanced",7048,"Younger, Single Customers: Engagement Focus"
6630,numeric,Numeric: ID 6630,7046,"Neutral Demographic Mix, Partner Inclined",7047,"Diverse Demographics, Average Customer Base"
6631,numeric,Numeric: ID 6631,7046,"Neutral Demographic Mix, Partner Inclined",7047,"Diverse Demographics, Average Customer Base"
6632,numeric,Numeric: ID 6632,7046,"Neutral Demographic Mix, Partner Inclined",7047,"Diverse Demographics, Average Customer Base"
6633,numeric,Numeric: ID 6633,7045,"Younger, Fewer Partners, Gender Balanced",7048,"Younger, Single Customers: Engagement Focus"
6634,numeric,Numeric: ID 6634,7046,"Neutral Demographic Mix, Partner Inclined",7047,"Diverse Demographics, Average Customer Base"
6635,numeric,Numeric: ID 6635,7045,"Younger, Fewer Partners, Gender Balanced",7048,"Younger, Single Customers: Engagement Focus"
6636,numeric,Numeric: ID 6636,7046,"Neutral Demographic Mix, Partner Inclined",7047,"Diverse Demographics, Average Customer Base"
6637,numeric,Numeric: ID 6637,7045,"Younger, Fewer Partners, Gender Balanced",7048,"Younger, Single Customers: Engagement Focus"
6638,numeric,Numeric: ID 6638,7046,"Neutral Demographic Mix, Partner Inclined",7047,"Diverse Demographics, Average Customer Base"
6639,numeric,Numeric: ID 6639,7046,"Neutral Demographic Mix, Partner Inclined",7047,"Diverse Demographics, Average Customer Base"
6640,numeric,Numeric: ID 6640,7046,"Neutral Demographic Mix, Partner Inclined",7047,"Diverse Demographics, Average Customer Base"
6641,numeric,Numeric: ID 6641,7046,"Neutral Demographic Mix, Partner Inclined",7047,"Diverse Demographics, Average Customer Base"
6642,numeric,Numeric: ID 6642,7046,"Neutral Demographic Mix, Partner Inclined",7047,"Diverse Demographics, Average Customer Base"
6643,numeric,Numeric: ID 6643,7046,"Neutral Demographic Mix, Partner Inclined",7047,"Diverse Demographics, Average Customer Base"
6644,numeric,Numeric: ID 6644,7046,"Neutral Demographic Mix, Partner Inclined",7047,"Diverse Demographics, Average Customer Base"
6645,numeric,Numeric: ID 6645,7046,"Neutral Demographic Mix, Partner Inclined",7047,"Diverse Demographics, Average Customer Base"
6646,numeric,Numeric: ID 6646,7046,"Neutral Demographic Mix, Partner Inclined",7047,"Diverse Demographics, Average Customer Base"
6647,numeric,Numeric: ID 6647,7046,"Neutral Demographic Mix, Partner Inclined",7047,"Diverse Demographics, Average Customer Base"
6648,numeric,Numeric: ID 6648,7045,"Younger, Fewer Partners, Gender Balanced",7048,"Younger, Single Customers: Engagement Focus"
6649,numeric,Numeric: ID 6649,7045,"Younger, Fewer Partners, Gender Balanced",7048,"Younger, Single Customers: Engagement Focus"
6650,numeric,Numeric: ID 6650,7044,"Balanced Demographics, Average Customer",7047,"Diverse Demographics, Average Customer Base"
6651,numeric,Numeric: ID 6651,7044,"Balanced Demographics, Average Customer",7047,"Diverse Demographics, Average Customer Base"
6652,numeric,Numeric: ID 6652,7046,"Neutral Demographic Mix, Partner Inclined",7047,"Diverse Demographics, Average Customer Base"
6653,numeric,Numeric: ID 6653,7045,"Younger, Fewer Partners, Gender Balanced",7048,"Younger, Single Customers: Engagement Focus"
6654,numeric,Numeric: ID 6654,7044,"Balanced Demographics, Average Customer",7047,"Diverse Demographics, Average Customer Base"
6655,numeric,Numeric: ID 6655,7046,"Neutral Demographic Mix, Partner Inclined",7047,"Diverse Demographics, Average Customer Base"
6656,numeric,Numeric: ID 6656,7046,"Neutral Demographic Mix, Partner Inclined",7047,"Diverse Demographics, Average Customer Base"
6657,numeric,Numeric: ID 6657,7044,"Balanced Demographics, Average Customer",7047,"Diverse Demographics, Average Customer Base"
6658,numeric,Numeric: ID 6658,7046,"Neutral Demographic Mix, Partner Inclined",7047,"Diverse Demographics, Average Customer Base"
6659,numeric,Numeric: ID 6659,7046,"Neutral Demographic Mix, Partner Inclined",7047,"Diverse Demographics, Average Customer Base"
6660,numeric,Numeric: ID 6660,7046,"Neutral Demographic Mix, Partner Inclined",7047,"Diverse Demographics, Average Customer Base"
6661,numeric,Numeric: ID 6661,7046,"Neutral Demographic Mix, Partner Inclined",7047,"Diverse Demographics, Average Customer Base"
6662,numeric,Numeric: ID 6662,7046,"Neutral Demographic Mix, Partner Inclined",7047,"Diverse Demographics, Average Customer Base"
6663,numeric,Numeric: ID 6663,7044,"Balanced Demographics, Average Customer",7047,"Diverse Demographics, Average Customer Base"
6664,numeric,Numeric: ID 6664,7046,"Neutral Demographic Mix, Partner Inclined",7047,"Diverse Demographics, Average Customer Base"
6665,numeric,Numeric: ID 6665,7046,"Neutral Demographic Mix, Partner Inclined",7047,"Diverse Demographics, Average Customer Base"
6666,numeric,Numeric: ID 6666,7045,"Younger, Fewer Partners, Gender Balanced",7048,"Younger, Single Customers: Engagement Focus"
6667,numeric,Numeric: ID 6667,7044,"Balanced Demographics, Average Customer",7047,"Diverse Demographics, Average Customer Base"
6668,numeric,Numeric: ID 6668,7044,"Balanced Demographics, Average Customer",7047,"Diverse Demographics, Average Customer Base"
6669,numeric,Numeric: ID 6669,7045,"Younger, Fewer Partners, Gender Balanced",7048,"Younger, Single Customers: Engagement Focus"
6670,numeric,Numeric: ID 6670,7045,"Younger, Fewer Partners, Gender Balanced",7048,"Younger, Single Customers: Engagement Focus"
6671,numeric,Numeric: ID 6671,7044,"Balanced Demographics, Average Customer",7047,"Diverse Demographics, Average Customer Base"
6672,numeric,Numeric: ID 6672,7046,"Neutral Demographic Mix, Partner Inclined",7047,"Diverse Demographics, Average Customer Base"
6673,numeric,Numeric: ID 6673,7045,"Younger, Fewer Partners, Gender Balanced",7048,"Younger, Single Customers: Engagement Focus"
6674,numeric,Numeric: ID 6674,7046,"Neutral Demographic Mix, Partner Inclined",7047,"Diverse Demographics, Average Customer Base"
6675,numeric,Numeric: ID 6675,7046,"Neutral Demographic Mix, Partner Inclined",7047,"Diverse Demographics, Average Customer Base"
6676,numeric,Numeric: ID 6676,7044,"Balanced Demographics, Average Customer",7047,"Diverse Demographics, Average Customer Base"
6677,numeric,Numeric: ID 6677,7046,"Neutral Demographic Mix, Partner Inclined",7047,"Diverse Demographics, Average Customer Base"
6678,numeric,Numeric: ID 6678,7046,"Neutral Demographic Mix, Partner Inclined",7047,"Diverse Demographics, Average Customer Base"
6679,numeric,Numeric: ID 6679,7045,"Younger, Fewer Partners, Gender Balanced",7048,"Younger, Single Customers: Engagement Focus"
6680,numeric,Numeric: ID 6680,7046,"Neutral Demographic Mix, Partner Inclined",7047,"Diverse Demographics, Average Customer Base"
6681,numeric,Numeric: ID 6681,7046,"Neutral Demographic Mix, Partner Inclined",7047,"Diverse Demographics, Average Customer Base"
6682,numeric,Numeric: ID 6682,7044,"Balanced Demographics, Average Customer",7047,"Diverse Demographics, Average Customer Base"
6683,numeric,Numeric: ID 6683,7046,"Neutral Demographic Mix, Partner Inclined",7047,"Diverse Demographics, Average Customer Base"
6684,numeric,Numeric: ID 6684,7046,"Neutral Demographic Mix, Partner Inclined",7047,"Diverse Demographics, Average Customer Base"
6685,numeric,Numeric: ID 6685,7044,"Balanced Demographics, Average Customer",7047,"Diverse Demographics, Average Customer Base"
6686,numeric,Numeric: ID 6686,7045,"Younger, Fewer Partners, Gender Balanced",7048,"Younger, Single Customers: Engagement Focus"
6687,numeric,Numeric: ID 6687,7045,"Younger, Fewer Partners, Gender Balanced",7048,"Younger, Single Customers: Engagement Focus"
6688,numeric,Numeric: ID 6688,7046,"Neutral Demographic Mix, Partner Inclined",7047,"Diverse Demographics, Average Customer Base"
6689,numeric,Numeric: ID 6689,7046,"Neutral Demographic Mix, Partner Inclined",7047,"Diverse Demographics, Average Customer Base"
6690,numeric,Numeric: ID 6690,7045,"Younger, Fewer Partners, Gender Balanced",7048,"Younger, Single Customers: Engagement Focus"
6691,numeric,Numeric: ID 6691,7046,"Neutral Demographic Mix, Partner Inclined",7047,"Diverse Demographics, Average Customer Base"
6692,numeric,Numeric: ID 6692,7045,"Younger, Fewer Partners, Gender Balanced",7048,"Younger, Single Customers: Engagement Focus"
6693,numeric,Numeric: ID 6693,7046,"Neutral Demographic Mix, Partner Inclined",7047,"Diverse Demographics, Average Customer Base"
6694,numeric,Numeric: ID 6694,7046,"Neutral Demographic Mix, Partner Inclined",7047,"Diverse Demographics, Average Customer Base"
6695,numeric,Numeric: ID 6695,7046,"Neutral Demographic Mix, Partner Inclined",7047,"Diverse Demographics, Average Customer Base"
6696,numeric,Numeric: ID 6696,7045,"Younger, Fewer Partners, Gender Balanced",7048,"Younger, Single Customers: Engagement Focus"
6697,numeric,Numeric: ID 6697,7045,"Younger, Fewer Partners, Gender Balanced",7048,"Younger, Single Customers: Engagement Focus"
6698,numeric,Numeric: ID 6698,7044,"Balanced Demographics, Average Customer",7047,"Diverse Demographics, Average Customer Base"
6699,numeric,Numeric: ID 6699,7046,"Neutral Demographic Mix, Partner Inclined",7047,"Diverse Demographics, Average Customer Base"
6700,numeric,Numeric: ID 6700,7046,"Neutral Demographic Mix, Partner Inclined",7047,"Diverse Demographics, Average Customer Base"
6701,numeric,Numeric: ID 6701,7044,"Balanced Demographics, Average Customer",7047,"Diverse Demographics, Average Customer Base"
6702,numeric,Numeric: ID 6702,7046,"Neutral Demographic Mix, Partner Inclined",7047,"Diverse Demographics, Average Customer Base"
6703,numeric,Numeric: ID 6703,7046,"Neutral Demographic Mix, Partner Inclined",7047,"Diverse Demographics, Average Customer Base"
6704,numeric,Numeric: ID 6704,7045,"Younger, Fewer Partners, Gender Balanced",7048,"Younger, Single Customers: Engagement Focus"
6705,numeric,Numeric: ID 6705,7046,"Neutral Demographic Mix, Partner Inclined",7047,"Diverse Demographics, Average Customer Base"
6706,numeric,Numeric: ID 6706,7046,"Neutral Demographic Mix, Partner Inclined",7047,"Diverse Demographics, Average Customer Base"
6707,numeric,Numeric: ID 6707,7046,"Neutral Demographic Mix, Partner Inclined",7047,"Diverse Demographics, Average Customer Base"
6708,numeric,Numeric: ID 6708,7046,"Neutral Demographic Mix, Partner Inclined",7047,"Diverse Demographics, Average Customer Base"
6709,numeric,Numeric: ID 6709,7046,"Neutral Demographic Mix, Partner Inclined",7047,"Diverse Demographics, Average Customer Base"
6710,numeric,Numeric: ID 6710,7046,"Neutral Demographic Mix, Partner Inclined",7047,"Diverse Demographics, Average Customer Base"
6711,numeric,Numeric: ID 6711,7045,"Younger, Fewer Partners, Gender Balanced",7048,"Younger, Single Customers: Engagement Focus"
6712,numeric,Numeric: ID 6712,7045,"Younger, Fewer Partners, Gender Balanced",7048,"Younger, Single Customers: Engagement Focus"
6713,numeric,Numeric: ID 6713,7045,"Younger, Fewer Partners, Gender Balanced",7048,"Younger, Single Customers: Engagement Focus"
6714,numeric,Numeric: ID 6714,7045,"Younger, Fewer Partners, Gender Balanced",7048,"Younger, Single Customers: Engagement Focus"
6715,numeric,Numeric: ID 6715,7046,"Neutral Demographic Mix, Partner Inclined",7047,"Diverse Demographics, Average Customer Base"
6716,numeric,Numeric: ID 6716,7045,"Younger, Fewer Partners, Gender Balanced",7048,"Younger, Single Customers: Engagement Focus"
6717,numeric,Numeric: ID 6717,7045,"Younger, Fewer Partners, Gender Balanced",7048,"Younger, Single Customers: Engagement Focus"
6718,numeric,Numeric: ID 6718,7046,"Neutral Demographic Mix, Partner Inclined",7047,"Diverse Demographics, Average Customer Base"
6719,numeric,Numeric: ID 6719,7045,"Younger, Fewer Partners, Gender Balanced",7048,"Younger, Single Customers: Engagement Focus"
6720,numeric,Numeric: ID 6720,7046,"Neutral Demographic Mix, Partner Inclined",7047,"Diverse Demographics, Average Customer Base"
6721,numeric,Numeric: ID 6721,7046,"Neutral Demographic Mix, Partner Inclined",7047,"Diverse Demographics, Average Customer Base"
6722,numeric,Numeric: ID 6722,7046,"Neutral Demographic Mix, Partner Inclined",7047,"Diverse Demographics, Average Customer Base"
6723,numeric,Numeric: ID 6723,7046,"Neutral Demographic Mix, Partner Inclined",7047,"Diverse Demographics, Average Customer Base"
6724,numeric,Numeric: ID 6724,7046,"Neutral Demographic Mix, Partner Inclined",7047,"Diverse Demographics, Average Customer Base"
6725,numeric,Numeric: ID 6725,7046,"Neutral Demographic Mix, Partner Inclined",7047,"Diverse Demographics, Average Customer Base"
6726,numeric,Numeric: ID 6726,7046,"Neutral Demographic Mix, Partner Inclined",7047,"Diverse Demographics, Average Customer Base"
6727,numeric,Numeric: ID 6727,7046,"Neutral Demographic Mix, Partner Inclined",7047,"Diverse Demographics, Average Customer Base"
6728,numeric,Numeric: ID 6728,7046,"Neutral Demographic Mix, Partner Inclined",7047,"Diverse Demographics, Average Customer Base"
6729,numeric,Numeric: ID 6729,7045,"Younger, Fewer Partners, Gender Balanced",7048,"Younger, Single Customers: Engagement Focus"
6730,numeric,Numeric: ID 6730,7045,"Younger, Fewer Partners, Gender Balanced",7048,"Younger, Single Customers: Engagement Focus"
6731,numeric,Numeric: ID 6731,7046,"Neutral Demographic Mix, Partner Inclined",7047,"Diverse Demographics, Average Customer Base"
6732,numeric,Numeric: ID 6732,7046,"Neutral Demographic Mix, Partner Inclined",7047,"Diverse Demographics, Average Customer Base"
6733,numeric,Numeric: ID 6733,7046,"Neutral Demographic Mix, Partner Inclined",7047,"Diverse Demographics, Average Customer Base"
6734,numeric,Numeric: ID 6734,7045,"Younger, Fewer Partners, Gender Balanced",7048,"Younger, Single Customers: Engagement Focus"
6735,numeric,Numeric: ID 6735,7045,"Younger, Fewer Partners, Gender Balanced",7048,"Younger, Single Customers: Engagement Focus"
6736,numeric,Numeric: ID 6736,7044,"Balanced Demographics, Average Customer",7047,"Diverse Demographics, Average Customer Base"
6737,numeric,Numeric: ID 6737,7045,"Younger, Fewer Partners, Gender Balanced",7048,"Younger, Single Customers: Engagement Focus"
6738,numeric,Numeric: ID 6738,7046,"Neutral Demographic Mix, Partner Inclined",7047,"Diverse Demographics, Average Customer Base"
6739,numeric,Numeric: ID 6739,7046,"Neutral Demographic Mix, Partner Inclined",7047,"Diverse Demographics, Average Customer Base"
6740,numeric,Numeric: ID 6740,7046,"Neutral Demographic Mix, Partner Inclined",7047,"Diverse Demographics, Average Customer Base"
6741,numeric,Numeric: ID 6741,7046,"Neutral Demographic Mix, Partner Inclined",7047,"Diverse Demographics, Average Customer Base"
6742,numeric,Numeric: ID 6742,7045,"Younger, Fewer Partners, Gender Balanced",7048,"Younger, Single Customers: Engagement Focus"
6743,numeric,Numeric: ID 6743,7046,"Neutral Demographic Mix, Partner Inclined",7047,"Diverse Demographics, Average Customer Base"
6744,numeric,Numeric: ID 6744,7046,"Neutral Demographic Mix, Partner Inclined",7047,"Diverse Demographics, Average Customer Base"
6745,numeric,Numeric: ID 6745,7045,"Younger, Fewer Partners, Gender Balanced",7048,"Younger, Single Customers: Engagement Focus"
6746,numeric,Numeric: ID 6746,7046,"Neutral Demographic Mix, Partner Inclined",7047,"Diverse Demographics, Average Customer Base"
6747,numeric,Numeric: ID 6747,7044,"Balanced Demographics, Average Customer",7047,"Diverse Demographics, Average Customer Base"
6748,numeric,Numeric: ID 6748,7046,"Neutral Demographic Mix, Partner Inclined",7047,"Diverse Demographics, Average Customer Base"
6749,numeric,Numeric: ID 6749,7046,"Neutral Demographic Mix, Partner Inclined",7047,"Diverse Demographics, Average Customer Base"
6750,numeric,Numeric: ID 6750,7046,"Neutral Demographic Mix, Partner Inclined",7047,"Diverse Demographics, Average Customer Base"
6751,numeric,Numeric: ID 6751,7045,"Younger, Fewer Partners, Gender Balanced",7048,"Younger, Single Customers: Engagement Focus"
6752,numeric,Numeric: ID 6752,7045,"Younger, Fewer Partners, Gender Balanced",7048,"Younger, Single Customers: Engagement Focus"
6753,numeric,Numeric: ID 6753,7046,"Neutral Demographic Mix, Partner Inclined",7047,"Diverse Demographics, Average Customer Base"
6754,numeric,Numeric: ID 6754,7045,"Younger, Fewer Partners, Gender Balanced",7048,"Younger, Single Customers: Engagement Focus"
6755,numeric,Numeric: ID 6755,7045,"Younger, Fewer Partners, Gender Balanced",7048,"Younger, Single Customers: Engagement Focus"
6756,numeric,Numeric: ID 6756,7045,"Younger, Fewer Partners, Gender Balanced",7048,"Younger, Single Customers: Engagement Focus"
6757,numeric,Numeric: ID 6757,7046,"Neutral Demographic Mix, Partner Inclined",7047,"Diverse Demographics, Average Customer Base"
6758,numeric,Numeric: ID 6758,7045,"Younger, Fewer Partners, Gender Balanced",7048,"Younger, Single Customers: Engagement Focus"
6759,numeric,Numeric: ID 6759,7044,"Balanced Demographics, Average Customer",7047,"Diverse Demographics, Average Customer Base"
6760,numeric,Numeric: ID 6760,7045,"Younger, Fewer Partners, Gender Balanced",7048,"Younger, Single Customers: Engagement Focus"
6761,numeric,Numeric: ID 6761,7045,"Younger, Fewer Partners, Gender Balanced",7048,"Younger, Single Customers: Engagement Focus"
6762,numeric,Numeric: ID 6762,7045,"Younger, Fewer Partners, Gender Balanced",7048,"Younger, Single Customers: Engagement Focus"
6763,numeric,Numeric: ID 6763,7046,"Neutral Demographic Mix, Partner Inclined",7047,"Diverse Demographics, Average Customer Base"
6764,numeric,Numeric: ID 6764,7044,"Balanced Demographics, Average Customer",7047,"Diverse Demographics, Average Customer Base"
6765,numeric,Numeric: ID 6765,7044,"Balanced Demographics, Average Customer",7047,"Diverse Demographics, Average Customer Base"
6766,numeric,Numeric: ID 6766,7046,"Neutral Demographic Mix, Partner Inclined",7047,"Diverse Demographics, Average Customer Base"
6767,numeric,Numeric: ID 6767,7046,"Neutral Demographic Mix, Partner Inclined",7047,"Diverse Demographics, Average Customer Base"
6768,numeric,Numeric: ID 6768,7044,"Balanced Demographics, Average Customer",7047,"Diverse Demographics, Average Customer Base"
6769,numeric,Numeric: ID 6769,7046,"Neutral Demographic Mix, Partner Inclined",7047,"Diverse Demographics, Average Customer Base"
6770,numeric,Numeric: ID 6770,7046,"Neutral Demographic Mix, Partner Inclined",7047,"Diverse Demographics, Average Customer Base"
6771,numeric,Numeric: ID 6771,7046,"Neutral Demographic Mix, Partner Inclined",7047,"Diverse Demographics, Average Customer Base"
6772,numeric,Numeric: ID 6772,7046,"Neutral Demographic Mix, Partner Inclined",7047,"Diverse Demographics, Average Customer Base"
6773,numeric,Numeric: ID 6773,7046,"Neutral Demographic Mix, Partner Inclined",7047,"Diverse Demographics, Average Customer Base"
6774,numeric,Numeric: ID 6774,7045,"Younger, Fewer Partners, Gender Balanced",7048,"Younger, Single Customers: Engagement Focus"
6775,numeric,Numeric: ID 6775,7046,"Neutral Demographic Mix, Partner Inclined",7047,"Diverse Demographics, Average Customer Base"
6776,numeric,Numeric: ID 6776,7045,"Younger, Fewer Partners, Gender Balanced",7048,"Younger, Single Customers: Engagement Focus"
6777,numeric,Numeric: ID 6777,7046,"Neutral Demographic Mix, Partner Inclined",7047,"Diverse Demographics, Average Customer Base"
6778,numeric,Numeric: ID 6778,7046,"Neutral Demographic Mix, Partner Inclined",7047,"Diverse Demographics, Average Customer Base"
6779,numeric,Numeric: ID 6779,7044,"Balanced Demographics, Average Customer",7047,"Diverse Demographics, Average Customer Base"
6780,numeric,Numeric: ID 6780,7045,"Younger, Fewer Partners, Gender Balanced",7048,"Younger, Single Customers: Engagement Focus"
6781,numeric,Numeric: ID 6781,7044,"Balanced Demographics, Average Customer",7047,"Diverse Demographics, Average Customer Base"
6782,numeric,Numeric: ID 6782,7046,"Neutral Demographic Mix, Partner Inclined",7047,"Diverse Demographics, Average Customer Base"
6783,numeric,Numeric: ID 6783,7044,"Balanced Demographics, Average Customer",7047,"Diverse Demographics, Average Customer Base"
6784,numeric,Numeric: ID 6784,7044,"Balanced Demographics, Average Customer",7047,"Diverse Demographics, Average Customer Base"
6785,numeric,Numeric: ID 6785,7046,"Neutral Demographic Mix, Partner Inclined",7047,"Diverse Demographics, Average Customer Base"
6786,numeric,Numeric: ID 6786,7046,"Neutral Demographic Mix, Partner Inclined",7047,"Diverse Demographics, Average Customer Base"
6787,numeric,Numeric: ID 6787,7045,"Younger, Fewer Partners, Gender Balanced",7048,"Younger, Single Customers: Engagement Focus"
6788,numeric,Numeric: ID 6788,7046,"Neutral Demographic Mix, Partner Inclined",7047,"Diverse Demographics, Average Customer Base"
6789,numeric,Numeric: ID 6789,7046,"Neutral Demographic Mix, Partner Inclined",7047,"Diverse Demographics, Average Customer Base"
6790,numeric,Numeric: ID 6790,7044,"Balanced Demographics, Average Customer",7047,"Diverse Demographics, Average Customer Base"
6791,numeric,Numeric: ID 6791,7046,"Neutral Demographic Mix, Partner Inclined",7047,"Diverse Demographics, Average Customer Base"
6792,numeric,Numeric: ID 6792,7044,"Balanced Demographics, Average Customer",7047,"Diverse Demographics, Average Customer Base"
6793,numeric,Numeric: ID 6793,7046,"Neutral Demographic Mix, Partner Inclined",7047,"Diverse Demographics, Average Customer Base"
6794,numeric,Numeric: ID 6794,7046,"Neutral Demographic Mix, Partner Inclined",7047,"Diverse Demographics, Average Customer Base"
6795,numeric,Numeric: ID 6795,7046,"Neutral Demographic Mix, Partner Inclined",7047,"Diverse Demographics, Average Customer Base"
6796,numeric,Numeric: ID 6796,7046,"Neutral Demographic Mix, Partner Inclined",7047,"Diverse Demographics, Average Customer Base"
6797,numeric,Numeric: ID 6797,7046,"Neutral Demographic Mix, Partner Inclined",7047,"Diverse Demographics, Average Customer Base"
6798,numeric,Numeric: ID 6798,7045,"Younger, Fewer Partners, Gender Balanced",7048,"Younger, Single Customers: Engagement Focus"
6799,numeric,Numeric: ID 6799,7046,"Neutral Demographic Mix, Partner Inclined",7047,"Diverse Demographics, Average Customer Base"
6800,numeric,Numeric: ID 6800,7046,"Neutral Demographic Mix, Partner Inclined",7047,"Diverse Demographics, Average Customer Base"
6801,numeric,Numeric: ID 6801,7046,"Neutral Demographic Mix, Partner Inclined",7047,"Diverse Demographics, Average Customer Base"
6802,numeric,Numeric: ID 6802,7046,"Neutral Demographic Mix, Partner Inclined",7047,"Diverse Demographics, Average Customer Base"
6803,numeric,Numeric: ID 6803,7046,"Neutral Demographic Mix, Partner Inclined",7047,"Diverse Demographics, Average Customer Base"
6804,numeric,Numeric: ID 6804,7045,"Younger, Fewer Partners, Gender Balanced",7048,"Younger, Single Customers: Engagement Focus"
6805,numeric,Numeric: ID 6805,7045,"Younger, Fewer Partners, Gender Balanced",7048,"Younger, Single Customers: Engagement Focus"
6806,numeric,Numeric: ID 6806,7046,"Neutral Demographic Mix, Partner Inclined",7047,"Diverse Demographics, Average Customer Base"
6807,numeric,Numeric: ID 6807,7046,"Neutral Demographic Mix, Partner Inclined",7047,"Diverse Demographics, Average Customer Base"
6808,numeric,Numeric: ID 6808,7046,"Neutral Demographic Mix, Partner Inclined",7047,"Diverse Demographics, Average Customer Base"
6809,numeric,Numeric: ID 6809,7046,"Neutral Demographic Mix, Partner Inclined",7047,"Diverse Demographics, Average Customer Base"
6810,numeric,Numeric: ID 6810,7046,"Neutral Demographic Mix, Partner Inclined",7047,"Diverse Demographics, Average Customer Base"
6811,numeric,Numeric: ID 6811,7046,"Neutral Demographic Mix, Partner Inclined",7047,"Diverse Demographics, Average Customer Base"
6812,numeric,Numeric: ID 6812,7046,"Neutral Demographic Mix, Partner Inclined",7047,"Diverse Demographics, Average Customer Base"
6813,numeric,Numeric: ID 6813,7045,"Younger, Fewer Partners, Gender Balanced",7048,"Younger, Single Customers: Engagement Focus"
6814,numeric,Numeric: ID 6814,7046,"Neutral Demographic Mix, Partner Inclined",7047,"Diverse Demographics, Average Customer Base"
6815,numeric,Numeric: ID 6815,7046,"Neutral Demographic Mix, Partner Inclined",7047,"Diverse Demographics, Average Customer Base"
6816,numeric,Numeric: ID 6816,7046,"Neutral Demographic Mix, Partner Inclined",7047,"Diverse Demographics, Average Customer Base"
6817,numeric,Numeric: ID 6817,7045,"Younger, Fewer Partners, Gender Balanced",7048,"Younger, Single Customers: Engagement Focus"
6818,numeric,Numeric: ID 6818,7045,"Younger, Fewer Partners, Gender Balanced",7048,"Younger, Single Customers: Engagement Focus"
6819,numeric,Numeric: ID 6819,7044,"Balanced Demographics, Average Customer",7047,"Diverse Demographics, Average Customer Base"
6820,numeric,Numeric: ID 6820,7046,"Neutral Demographic Mix, Partner Inclined",7047,"Diverse Demographics, Average Customer Base"
6821,numeric,Numeric: ID 6821,7046,"Neutral Demographic Mix, Partner Inclined",7047,"Diverse Demographics, Average Customer Base"
6822,numeric,Numeric: ID 6822,7045,"Younger, Fewer Partners, Gender Balanced",7048,"Younger, Single Customers: Engagement Focus"
6823,numeric,Numeric: ID 6823,7045,"Younger, Fewer Partners, Gender Balanced",7048,"Younger, Single Customers: Engagement Focus"
6824,numeric,Numeric: ID 6824,7046,"Neutral Demographic Mix, Partner Inclined",7047,"Diverse Demographics, Average Customer Base"
6825,numeric,Numeric: ID 6825,7046,"Neutral Demographic Mix, Partner Inclined",7047,"Diverse Demographics, Average Customer Base"
6826,numeric,Numeric: ID 6826,7046,"Neutral Demographic Mix, Partner Inclined",7047,"Diverse Demographics, Average Customer Base"
6827,numeric,Numeric: ID 6827,7045,"Younger, Fewer Partners, Gender Balanced",7048,"Younger, Single Customers: Engagement Focus"
6828,numeric,Numeric: ID 6828,7046,"Neutral Demographic Mix, Partner Inclined",7047,"Diverse Demographics, Average Customer Base"
6829,numeric,Numeric: ID 6829,7045,"Younger, Fewer Partners, Gender Balanced",7048,"Younger, Single Customers: Engagement Focus"
6830,numeric,Numeric: ID 6830,7046,"Neutral Demographic Mix, Partner Inclined",7047,"Diverse Demographics, Average Customer Base"
6831,numeric,Numeric: ID 6831,7046,"Neutral Demographic Mix, Partner Inclined",7047,"Diverse Demographics, Average Customer Base"
6832,numeric,Numeric: ID 6832,7045,"Younger, Fewer Partners, Gender Balanced",7048,"Younger, Single Customers: Engagement Focus"
6833,numeric,Numeric: ID 6833,7046,"Neutral Demographic Mix, Partner Inclined",7047,"Diverse Demographics, Average Customer Base"
6834,numeric,Numeric: ID 6834,7044,"Balanced Demographics, Average Customer",7047,"Diverse Demographics, Average Customer Base"
6835,numeric,Numeric: ID 6835,7046,"Neutral Demographic Mix, Partner Inclined",7047,"Diverse Demographics, Average Customer Base"
6836,numeric,Numeric: ID 6836,7044,"Balanced Demographics, Average Customer",7047,"Diverse Demographics, Average Customer Base"
6837,numeric,Numeric: ID 6837,7045,"Younger, Fewer Partners, Gender Balanced",7048,"Younger, Single Customers: Engagement Focus"
6838,numeric,Numeric: ID 6838,7044,"Balanced Demographics, Average Customer",7047,"Diverse Demographics, Average Customer Base"
6839,numeric,Numeric: ID 6839,7046,"Neutral Demographic Mix, Partner Inclined",7047,"Diverse Demographics, Average Customer Base"
6840,numeric,Numeric: ID 6840,7046,"Neutral Demographic Mix, Partner Inclined",7047,"Diverse Demographics, Average Customer Base"
6841,numeric,Numeric: ID 6841,7046,"Neutral Demographic Mix, Partner Inclined",7047,"Diverse Demographics, Average Customer Base"
6842,numeric,Numeric: ID 6842,7046,"Neutral Demographic Mix, Partner Inclined",7047,"Diverse Demographics, Average Customer Base"
6843,numeric,Numeric: ID 6843,7045,"Younger, Fewer Partners, Gender Balanced",7048,"Younger, Single Customers: Engagement Focus"
6844,numeric,Numeric: ID 6844,7046,"Neutral Demographic Mix, Partner Inclined",7047,"Diverse Demographics, Average Customer Base"
6845,numeric,Numeric: ID 6845,7045,"Younger, Fewer Partners, Gender Balanced",7048,"Younger, Single Customers: Engagement Focus"
6846,numeric,Numeric: ID 6846,7046,"Neutral Demographic Mix, Partner Inclined",7047,"Diverse Demographics, Average Customer Base"
6847,numeric,Numeric: ID 6847,7045,"Younger, Fewer Partners, Gender Balanced",7048,"Younger, Single Customers: Engagement Focus"
6848,numeric,Numeric: ID 6848,7045,"Younger, Fewer Partners, Gender Balanced",7048,"Younger, Single Customers: Engagement Focus"
6849,numeric,Numeric: ID 6849,7046,"Neutral Demographic Mix, Partner Inclined",7047,"Diverse Demographics, Average Customer Base"
6850,numeric,Numeric: ID 6850,7046,"Neutral Demographic Mix, Partner Inclined",7047,"Diverse Demographics, Average Customer Base"
6851,numeric,Numeric: ID 6851,7045,"Younger, Fewer Partners, Gender Balanced",7048,"Younger, Single Customers: Engagement Focus"
6852,numeric,Numeric: ID 6852,7046,"Neutral Demographic Mix, Partner Inclined",7047,"Diverse Demographics, Average Customer Base"
6853,numeric,Numeric: ID 6853,7045,"Younger, Fewer Partners, Gender Balanced",7048,"Younger, Single Customers: Engagement Focus"
6854,numeric,Numeric: ID 6854,7045,"Younger, Fewer Partners, Gender Balanced",7048,"Younger, Single Customers: Engagement Focus"
6855,numeric,Numeric: ID 6855,7046,"Neutral Demographic Mix, Partner Inclined",7047,"Diverse Demographics, Average Customer Base"
6856,numeric,Numeric: ID 6856,7046,"Neutral Demographic Mix, Partner Inclined",7047,"Diverse Demographics, Average Customer Base"
6857,numeric,Numeric: ID 6857,7044,"Balanced Demographics, Average Customer",7047,"Diverse Demographics, Average Customer Base"
6858,numeric,Numeric: ID 6858,7045,"Younger, Fewer Partners, Gender Balanced",7048,"Younger, Single Customers: Engagement Focus"
6859,numeric,Numeric: ID 6859,7044,"Balanced Demographics, Average Customer",7047,"Diverse Demographics, Average Customer Base"
6860,numeric,Numeric: ID 6860,7046,"Neutral Demographic Mix, Partner Inclined",7047,"Diverse Demographics, Average Customer Base"
6861,numeric,Numeric: ID 6861,7046,"Neutral Demographic Mix, Partner Inclined",7047,"Diverse Demographics, Average Customer Base"
6862,numeric,Numeric: ID 6862,7044,"Balanced Demographics, Average Customer",7047,"Diverse Demographics, Average Customer Base"
6863,numeric,Numeric: ID 6863,7045,"Younger, Fewer Partners, Gender Balanced",7048,"Younger, Single Customers: Engagement Focus"
6864,numeric,Numeric: ID 6864,7046,"Neutral Demographic Mix, Partner Inclined",7047,"Diverse Demographics, Average Customer Base"
6865,numeric,Numeric: ID 6865,7045,"Younger, Fewer Partners, Gender Balanced",7048,"Younger, Single Customers: Engagement Focus"
6866,numeric,Numeric: ID 6866,7045,"Younger, Fewer Partners, Gender Balanced",7048,"Younger, Single Customers: Engagement Focus"
6867,numeric,Numeric: ID 6867,7046,"Neutral Demographic Mix, Partner Inclined",7047,"Diverse Demographics, Average Customer Base"
6868,numeric,Numeric: ID 6868,7045,"Younger, Fewer Partners, Gender Balanced",7048,"Younger, Single Customers: Engagement Focus"
6869,numeric,Numeric: ID 6869,7046,"Neutral Demographic Mix, Partner Inclined",7047,"Diverse Demographics, Average Customer Base"
6870,numeric,Numeric: ID 6870,7046,"Neutral Demographic Mix, Partner Inclined",7047,"Diverse Demographics, Average Customer Base"
6871,numeric,Numeric: ID 6871,7046,"Neutral Demographic Mix, Partner Inclined",7047,"Diverse Demographics, Average Customer Base"
6872,numeric,Numeric: ID 6872,7046,"Neutral Demographic Mix, Partner Inclined",7047,"Diverse Demographics, Average Customer Base"
6873,numeric,Numeric: ID 6873,7046,"Neutral Demographic Mix, Partner Inclined",7047,"Diverse Demographics, Average Customer Base"
6874,numeric,Numeric: ID 6874,7046,"Neutral Demographic Mix, Partner Inclined",7047,"Diverse Demographics, Average Customer Base"
6875,numeric,Numeric: ID 6875,7046,"Neutral Demographic Mix, Partner Inclined",7047,"Diverse Demographics, Average Customer Base"
6876,numeric,Numeric: ID 6876,7046,"Neutral Demographic Mix, Partner Inclined",7047,"Diverse Demographics, Average Customer Base"
6877,numeric,Numeric: ID 6877,7046,"Neutral Demographic Mix, Partner Inclined",7047,"Diverse Demographics, Average Customer Base"
6878,numeric,Numeric: ID 6878,7045,"Younger, Fewer Partners, Gender Balanced",7048,"Younger, Single Customers: Engagement Focus"
6879,numeric,Numeric: ID 6879,7045,"Younger, Fewer Partners, Gender Balanced",7048,"Younger, Single Customers: Engagement Focus"
6880,numeric,Numeric: ID 6880,7046,"Neutral Demographic Mix, Partner Inclined",7047,"Diverse Demographics, Average Customer Base"
6881,numeric,Numeric: ID 6881,7046,"Neutral Demographic Mix, Partner Inclined",7047,"Diverse Demographics, Average Customer Base"
6882,numeric,Numeric: ID 6882,7046,"Neutral Demographic Mix, Partner Inclined",7047,"Diverse Demographics, Average Customer Base"
6883,numeric,Numeric: ID 6883,7046,"Neutral Demographic Mix, Partner Inclined",7047,"Diverse Demographics, Average Customer Base"
6884,numeric,Numeric: ID 6884,7045,"Younger, Fewer Partners, Gender Balanced",7048,"Younger, Single Customers: Engagement Focus"
6885,numeric,Numeric: ID 6885,7046,"Neutral Demographic Mix, Partner Inclined",7047,"Diverse Demographics, Average Customer Base"
6886,numeric,Numeric: ID 6886,7046,"Neutral Demographic Mix, Partner Inclined",7047,"Diverse Demographics, Average Customer Base"
6887,numeric,Numeric: ID 6887,7046,"Neutral Demographic Mix, Partner Inclined",7047,"Diverse Demographics, Average Customer Base"
6888,numeric,Numeric: ID 6888,7046,"Neutral Demographic Mix, Partner Inclined",7047,"Diverse Demographics, Average Customer Base"
6889,numeric,Numeric: ID 6889,7045,"Younger, Fewer Partners, Gender Balanced",7048,"Younger, Single Customers: Engagement Focus"
6890,numeric,Numeric: ID 6890,7046,"Neutral Demographic Mix, Partner Inclined",7047,"Diverse Demographics, Average Customer Base"
6891,numeric,Numeric: ID 6891,7045,"Younger, Fewer Partners, Gender Balanced",7048,"Younger, Single Customers: Engagement Focus"
6892,numeric,Numeric: ID 6892,7045,"Younger, Fewer Partners, Gender Balanced",7048,"Younger, Single Customers: Engagement Focus"
6893,numeric,Numeric: ID 6893,7045,"Younger, Fewer Partners, Gender Balanced",7048,"Younger, Single Customers: Engagement Focus"
6894,numeric,Numeric: ID 6894,7045,"Younger, Fewer Partners, Gender Balanced",7048,"Younger, Single Customers: Engagement Focus"
6895,numeric,Numeric: ID 6895,7046,"Neutral Demographic Mix, Partner Inclined",7047,"Diverse Demographics, Average Customer Base"
6896,numeric,Numeric: ID 6896,7044,"Balanced Demographics, Average Customer",7047,"Diverse Demographics, Average Customer Base"
6897,numeric,Numeric: ID 6897,7046,"Neutral Demographic Mix, Partner Inclined",7047,"Diverse Demographics, Average Customer Base"
6898,numeric,Numeric: ID 6898,7046,"Neutral Demographic Mix, Partner Inclined",7047,"Diverse Demographics, Average Customer Base"
6899,numeric,Numeric: ID 6899,7045,"Younger, Fewer Partners, Gender Balanced",7048,"Younger, Single Customers: Engagement Focus"
6900,numeric,Numeric: ID 6900,7046,"Neutral Demographic Mix, Partner Inclined",7047,"Diverse Demographics, Average Customer Base"
6901,numeric,Numeric: ID 6901,7045,"Younger, Fewer Partners, Gender Balanced",7048,"Younger, Single Customers: Engagement Focus"
6902,numeric,Numeric: ID 6902,7046,"Neutral Demographic Mix, Partner Inclined",7047,"Diverse Demographics, Average Customer Base"
6903,numeric,Numeric: ID 6903,7046,"Neutral Demographic Mix, Partner Inclined",7047,"Diverse Demographics, Average Customer Base"
6904,numeric,Numeric: ID 6904,7046,"Neutral Demographic Mix, Partner Inclined",7047,"Diverse Demographics, Average Customer Base"
6905,numeric,Numeric: ID 6905,7046,"Neutral Demographic Mix, Partner Inclined",7047,"Diverse Demographics, Average Customer Base"
6906,numeric,Numeric: ID 6906,7046,"Neutral Demographic Mix, Partner Inclined",7047,"Diverse Demographics, Average Customer Base"
6907,numeric,Numeric: ID 6907,7046,"Neutral Demographic Mix, Partner Inclined",7047,"Diverse Demographics, Average Customer Base"
6908,numeric,Numeric: ID 6908,7046,"Neutral Demographic Mix, Partner Inclined",7047,"Diverse Demographics, Average Customer Base"
6909,numeric,Numeric: ID 6909,7046,"Neutral Demographic Mix, Partner Inclined",7047,"Diverse Demographics, Average Customer Base"
6910,numeric,Numeric: ID 6910,7045,"Younger, Fewer Partners, Gender Balanced",7048,"Younger, Single Customers: Engagement Focus"
6911,numeric,Numeric: ID 6911,7046,"Neutral Demographic Mix, Partner Inclined",7047,"Diverse Demographics, Average Customer Base"
6912,numeric,Numeric: ID 6912,7045,"Younger, Fewer Partners, Gender Balanced",7048,"Younger, Single Customers: Engagement Focus"
6913,numeric,Numeric: ID 6913,7046,"Neutral Demographic Mix, Partner Inclined",7047,"Diverse Demographics, Average Customer Base"
6914,numeric,Numeric: ID 6914,7046,"Neutral Demographic Mix, Partner Inclined",7047,"Diverse Demographics, Average Customer Base"
6915,numeric,Numeric: ID 6915,7046,"Neutral Demographic Mix, Partner Inclined",7047,"Diverse Demographics, Average Customer Base"
6916,numeric,Numeric: ID 6916,7046,"Neutral Demographic Mix, Partner Inclined",7047,"Diverse Demographics, Average Customer Base"
6917,numeric,Numeric: ID 6917,7045,"Younger, Fewer Partners, Gender Balanced",7048,"Younger, Single Customers: Engagement Focus"
6918,numeric,Numeric: ID 6918,7046,"Neutral Demographic Mix, Partner Inclined",7047,"Diverse Demographics, Average Customer Base"
6919,numeric,Numeric: ID 6919,7046,"Neutral Demographic Mix, Partner Inclined",7047,"Diverse Demographics, Average Customer Base"
6920,numeric,Numeric: ID 6920,7046,"Neutral Demographic Mix, Partner Inclined",7047,"Diverse Demographics, Average Customer Base"
6921,numeric,Numeric: ID 6921,7046,"Neutral Demographic Mix, Partner Inclined",7047,"Diverse Demographics, Average Customer Base"
6922,numeric,Numeric: ID 6922,7046,"Neutral Demographic Mix, Partner Inclined",7047,"Diverse Demographics, Average Customer Base"
6923,numeric,Numeric: ID 6923,7045,"Younger, Fewer Partners, Gender Balanced",7048,"Younger, Single Customers: Engagement Focus"
6924,numeric,Numeric: ID 6924,7046,"Neutral Demographic Mix, Partner Inclined",7047,"Diverse Demographics, Average Customer Base"
6925,numeric,Numeric: ID 6925,7046,"Neutral Demographic Mix, Partner Inclined",7047,"Diverse Demographics, Average Customer Base"
6926,numeric,Numeric: ID 6926,7045,"Younger, Fewer Partners, Gender Balanced",7048,"Younger, Single Customers: Engagement Focus"
6927,numeric,Numeric: ID 6927,7044,"Balanced Demographics, Average Customer",7047,"Diverse Demographics, Average Customer Base"
6928,numeric,Numeric: ID 6928,7046,"Neutral Demographic Mix, Partner Inclined",7047,"Diverse Demographics, Average Customer Base"
6929,numeric,Numeric: ID 6929,7046,"Neutral Demographic Mix, Partner Inclined",7047,"Diverse Demographics, Average Customer Base"
6930,numeric,Numeric: ID 6930,7045,"Younger, Fewer Partners, Gender Balanced",7048,"Younger, Single Customers: Engagement Focus"
6931,numeric,Numeric: ID 6931,7046,"Neutral Demographic Mix, Partner Inclined",7047,"Diverse Demographics, Average Customer Base"
6932,numeric,Numeric: ID 6932,7046,"Neutral Demographic Mix, Partner Inclined",7047,"Diverse Demographics, Average Customer Base"
6933,numeric,Numeric: ID 6933,7046,"Neutral Demographic Mix, Partner Inclined",7047,"Diverse Demographics, Average Customer Base"
6934,numeric,Numeric: ID 6934,7044,"Balanced Demographics, Average Customer",7047,"Diverse Demographics, Average Customer Base"
6935,numeric,Numeric: ID 6935,7046,"Neutral Demographic Mix, Partner Inclined",7047,"Diverse Demographics, Average Customer Base"
6936,numeric,Numeric: ID 6936,7044,"Balanced Demographics, Average Customer",7047,"Diverse Demographics, Average Customer Base"
6937,numeric,Numeric: ID 6937,7046,"Neutral Demographic Mix, Partner Inclined",7047,"Diverse Demographics, Average Customer Base"
6938,numeric,Numeric: ID 6938,7046,"Neutral Demographic Mix, Partner Inclined",7047,"Diverse Demographics, Average Customer Base"
6939,numeric,Numeric: ID 6939,7046,"Neutral Demographic Mix, Partner Inclined",7047,"Diverse Demographics, Average Customer Base"
6940,numeric,Numeric: ID 6940,7046,"Neutral Demographic Mix, Partner Inclined",7047,"Diverse Demographics, Average Customer Base"
6941,numeric,Numeric: ID 6941,7046,"Neutral Demographic Mix, Partner Inclined",7047,"Diverse Demographics, Average Customer Base"
6942,numeric,Numeric: ID 6942,7046,"Neutral Demographic Mix, Partner Inclined",7047,"Diverse Demographics, Average Customer Base"
6943,numeric,Numeric: ID 6943,7044,"Balanced Demographics, Average Customer",7047,"Diverse Demographics, Average Customer Base"
6944,numeric,Numeric: ID 6944,7044,"Balanced Demographics, Average Customer",7047,"Diverse Demographics, Average Customer Base"
6945,numeric,Numeric: ID 6945,7045,"Younger, Fewer Partners, Gender Balanced",7048,"Younger, Single Customers: Engagement Focus"
6946,numeric,Numeric: ID 6946,7046,"Neutral Demographic Mix, Partner Inclined",7047,"Diverse Demographics, Average Customer Base"
6947,numeric,Numeric: ID 6947,7046,"Neutral Demographic Mix, Partner Inclined",7047,"Diverse Demographics, Average Customer Base"
6948,numeric,Numeric: ID 6948,7045,"Younger, Fewer Partners, Gender Balanced",7048,"Younger, Single Customers: Engagement Focus"
6949,numeric,Numeric: ID 6949,7046,"Neutral Demographic Mix, Partner Inclined",7047,"Diverse Demographics, Average Customer Base"
6950,numeric,Numeric: ID 6950,7046,"Neutral Demographic Mix, Partner Inclined",7047,"Diverse Demographics, Average Customer Base"
6951,numeric,Numeric: ID 6951,7046,"Neutral Demographic Mix, Partner Inclined",7047,"Diverse Demographics, Average Customer Base"
6952,numeric,Numeric: ID 6952,7045,"Younger, Fewer Partners, Gender Balanced",7048,"Younger, Single Customers: Engagement Focus"
6953,numeric,Numeric: ID 6953,7046,"Neutral Demographic Mix, Partner Inclined",7047,"Diverse Demographics, Average Customer Base"
6954,numeric,Numeric: ID 6954,7046,"Neutral Demographic Mix, Partner Inclined",7047,"Diverse Demographics, Average Customer Base"
6955,numeric,Numeric: ID 6955,7045,"Younger, Fewer Partners, Gender Balanced",7048,"Younger, Single Customers: Engagement Focus"
6956,numeric,Numeric: ID 6956,7046,"Neutral Demographic Mix, Partner Inclined",7047,"Diverse Demographics, Average Customer Base"
6957,numeric,Numeric: ID 6957,7046,"Neutral Demographic Mix, Partner Inclined",7047,"Diverse Demographics, Average Customer Base"
6958,numeric,Numeric: ID 6958,7046,"Neutral Demographic Mix, Partner Inclined",7047,"Diverse Demographics, Average Customer Base"
6959,numeric,Numeric: ID 6959,7045,"Younger, Fewer Partners, Gender Balanced",7048,"Younger, Single Customers: Engagement Focus"
6960,numeric,Numeric: ID 6960,7046,"Neutral Demographic Mix, Partner Inclined",7047,"Diverse Demographics, Average Customer Base"
6961,numeric,Numeric: ID 6961,7046,"Neutral Demographic Mix, Partner Inclined",7047,"Diverse Demographics, Average Customer Base"
6962,numeric,Numeric: ID 6962,7045,"Younger, Fewer Partners, Gender Balanced",7048,"Younger, Single Customers: Engagement Focus"
6963,numeric,Numeric: ID 6963,7046,"Neutral Demographic Mix, Partner Inclined",7047,"Diverse Demographics, Average Customer Base"
6964,numeric,Numeric: ID 6964,7046,"Neutral Demographic Mix, Partner Inclined",7047,"Diverse Demographics, Average Customer Base"
6965,numeric,Numeric: ID 6965,7046,"Neutral Demographic Mix, Partner Inclined",7047,"Diverse Demographics, Average Customer Base"
6966,numeric,Numeric: ID 6966,7046,"Neutral Demographic Mix, Partner Inclined",7047,"Diverse Demographics, Average Customer Base"
6967,numeric,Numeric: ID 6967,7044,"Balanced Demographics, Average Customer",7047,"Diverse Demographics, Average Customer Base"
6968,numeric,Numeric: ID 6968,7046,"Neutral Demographic Mix, Partner Inclined",7047,"Diverse Demographics, Average Customer Base"
6969,numeric,Numeric: ID 6969,7046,"Neutral Demographic Mix, Partner Inclined",7047,"Diverse Demographics, Average Customer Base"
6970,numeric,Numeric: ID 6970,7044,"Balanced Demographics, Average Customer",7047,"Diverse Demographics, Average Customer Base"
6971,numeric,Numeric: ID 6971,7044,"Balanced Demographics, Average Customer",7047,"Diverse Demographics, Average Customer Base"
6972,numeric,Numeric: ID 6972,7045,"Younger, Fewer Partners, Gender Balanced",7048,"Younger, Single Customers: Engagement Focus"
6973,numeric,Numeric: ID 6973,7045,"Younger, Fewer Partners, Gender Balanced",7048,"Younger, Single Customers: Engagement Focus"
6974,numeric,Numeric: ID 6974,7044,"Balanced Demographics, Average Customer",7047,"Diverse Demographics, Average Customer Base"
6975,numeric,Numeric: ID 6975,7046,"Neutral Demographic Mix, Partner Inclined",7047,"Diverse Demographics, Average Customer Base"
6976,numeric,Numeric: ID 6976,7046,"Neutral Demographic Mix, Partner Inclined",7047,"Diverse Demographics, Average Customer Base"
6977,numeric,Numeric: ID 6977,7044,"Balanced Demographics, Average Customer",7047,"Diverse Demographics, Average Customer Base"
6978,numeric,Numeric: ID 6978,7046,"Neutral Demographic Mix, Partner Inclined",7047,"Diverse Demographics, Average Customer Base"
6979,numeric,Numeric: ID 6979,7045,"Younger, Fewer Partners, Gender Balanced",7048,"Younger, Single Customers: Engagement Focus"
6980,numeric,Numeric: ID 6980,7045,"Younger, Fewer Partners, Gender Balanced",7048,"Younger, Single Customers: Engagement Focus"
6981,numeric,Numeric: ID 6981,7046,"Neutral Demographic Mix, Partner Inclined",7047,"Diverse Demographics, Average Customer Base"
6982,numeric,Numeric: ID 6982,7046,"Neutral Demographic Mix, Partner Inclined",7047,"Diverse Demographics, Average Customer Base"
6983,numeric,Numeric: ID 6983,7046,"Neutral Demographic Mix, Partner Inclined",7047,"Diverse Demographics, Average Customer Base"
6984,numeric,Numeric: ID 6984,7045,"Younger, Fewer Partners, Gender Balanced",7048,"Younger, Single Customers: Engagement Focus"
6985,numeric,Numeric: ID 6985,7046,"Neutral Demographic Mix, Partner Inclined",7047,"Diverse Demographics, Average Customer Base"
6986,numeric,Numeric: ID 6986,7046,"Neutral Demographic Mix, Partner Inclined",7047,"Diverse Demographics, Average Customer Base"
6987,numeric,Numeric: ID 6987,7046,"Neutral Demographic Mix, Partner Inclined",7047,"Diverse Demographics, Average Customer Base"
6988,numeric,Numeric: ID 6988,7044,"Balanced Demographics, Average Customer",7047,"Diverse Demographics, Average Customer Base"
6989,numeric,Numeric: ID 6989,7046,"Neutral Demographic Mix, Partner Inclined",7047,"Diverse Demographics, Average Customer Base"
6990,numeric,Numeric: ID 6990,7044,"Balanced Demographics, Average Customer",7047,"Diverse Demographics, Average Customer Base"
6991,numeric,Numeric: ID 6991,7046,"Neutral Demographic Mix, Partner Inclined",7047,"Diverse Demographics, Average Customer Base"
6992,numeric,Numeric: ID 6992,7046,"Neutral Demographic Mix, Partner Inclined",7047,"Diverse Demographics, Average Customer Base"
6993,numeric,Numeric: ID 6993,7046,"Neutral Demographic Mix, Partner Inclined",7047,"Diverse Demographics, Average Customer Base"
6994,numeric,Numeric: ID 6994,7046,"Neutral Demographic Mix, Partner Inclined",7047,"Diverse Demographics, Average Customer Base"
6995,numeric,Numeric: ID 6995,7046,"Neutral Demographic Mix, Partner Inclined",7047,"Diverse Demographics, Average Customer Base"
6996,numeric,Numeric: ID 6996,7046,"Neutral Demographic Mix, Partner Inclined",7047,"Diverse Demographics, Average Customer Base"
6997,numeric,Numeric: ID 6997,7044,"Balanced Demographics, Average Customer",7047,"Diverse Demographics, Average Customer Base"
6998,numeric,Numeric: ID 6998,7046,"Neutral Demographic Mix, Partner Inclined",7047,"Diverse Demographics, Average Customer Base"
6999,numeric,Numeric: ID 6999,7046,"Neutral Demographic Mix, Partner Inclined",7047,"Diverse Demographics, Average Customer Base"
7000,numeric,Numeric: ID 7000,7046,"Neutral Demographic Mix, Partner Inclined",7047,"Diverse Demographics, Average Customer Base"
7001,numeric,Numeric: ID 7001,7044,"Balanced Demographics, Average Customer",7047,"Diverse Demographics, Average Customer Base"
7002,numeric,Numeric: ID 7002,7044,"Balanced Demographics, Average Customer",7047,"Diverse Demographics, Average Customer Base"
7003,numeric,Numeric: ID 7003,7046,"Neutral Demographic Mix, Partner Inclined",7047,"Diverse Demographics, Average Customer Base"
7004,numeric,Numeric: ID 7004,7046,"Neutral Demographic Mix, Partner Inclined",7047,"Diverse Demographics, Average Customer Base"
7005,numeric,Numeric: ID 7005,7046,"Neutral Demographic Mix, Partner Inclined",7047,"Diverse Demographics, Average Customer Base"
7006,numeric,Numeric: ID 7006,7046,"Neutral Demographic Mix, Partner Inclined",7047,"Diverse Demographics, Average Customer Base"
7007,numeric,Numeric: ID 7007,7046,"Neutral Demographic Mix, Partner Inclined",7047,"Diverse Demographics, Average Customer Base"
7008,numeric,Numeric: ID 7008,7045,"Younger, Fewer Partners, Gender Balanced",7048,"Younger, Single Customers: Engagement Focus"
7009,numeric,Numeric: ID 7009,7046,"Neutral Demographic Mix, Partner Inclined",7047,"Diverse Demographics, Average Customer Base"
7010,numeric,Numeric: ID 7010,7046,"Neutral Demographic Mix, Partner Inclined",7047,"Diverse Demographics, Average Customer Base"
7011,numeric,Numeric: ID 7011,7046,"Neutral Demographic Mix, Partner Inclined",7047,"Diverse Demographics, Average Customer Base"
7012,numeric,Numeric: ID 7012,7045,"Younger, Fewer Partners, Gender Balanced",7048,"Younger, Single Customers: Engagement Focus"
7013,numeric,Numeric: ID 7013,7046,"Neutral Demographic Mix, Partner Inclined",7047,"Diverse Demographics, Average Customer Base"
7014,numeric,Numeric: ID 7014,7044,"Balanced Demographics, Average Customer",7047,"Diverse Demographics, Average Customer Base"
7015,numeric,Numeric: ID 7015,7046,"Neutral Demographic Mix, Partner Inclined",7047,"Diverse Demographics, Average Customer Base"
7016,numeric,Numeric: ID 7016,7045,"Younger, Fewer Partners, Gender Balanced",7048,"Younger, Single Customers: Engagement Focus"
7017,numeric,Numeric: ID 7017,7044,"Balanced Demographics, Average Customer",7047,"Diverse Demographics, Average Customer Base"
7018,numeric,Numeric: ID 7018,7046,"Neutral Demographic Mix, Partner Inclined",7047,"Diverse Demographics, Average Customer Base"
7019,numeric,Numeric: ID 7019,7046,"Neutral Demographic Mix, Partner Inclined",7047,"Diverse Demographics, Average Customer Base"
7020,numeric,Numeric: ID 7020,7046,"Neutral Demographic Mix, Partner Inclined",7047,"Diverse Demographics, Average Customer Base"
7021,numeric,Numeric: ID 7021,7046,"Neutral Demographic Mix, Partner Inclined",7047,"Diverse Demographics, Average Customer Base"
7022,numeric,Numeric: ID 7022,7046,"Neutral Demographic Mix, Partner Inclined",7047,"Diverse Demographics, Average Customer Base"
7023,numeric,Numeric: ID 7023,7045,"Younger, Fewer Partners, Gender Balanced",7048,"Younger, Single Customers: Engagement Focus"
7024,numeric,Numeric: ID 7024,7045,"Younger, Fewer Partners, Gender Balanced",7048,"Younger, Single Customers: Engagement Focus"
7025,numeric,Numeric: ID 7025,7045,"Younger, Fewer Partners, Gender Balanced",7048,"Younger, Single Customers: Engagement Focus"
7026,numeric,Numeric: ID 7026,7046,"Neutral Demographic Mix, Partner Inclined",7047,"Diverse Demographics, Average Customer Base"
7027,numeric,Numeric: ID 7027,7046,"Neutral Demographic Mix, Partner Inclined",7047,"Diverse Demographics, Average Customer Base"
7028,numeric,Numeric: ID 7028,7046,"Neutral Demographic Mix, Partner Inclined",7047,"Diverse Demographics, Average Customer Base"
7029,numeric,Numeric: ID 7029,7046,"Neutral Demographic Mix, Partner Inclined",7047,"Diverse Demographics, Average Customer Base"
7030,numeric,Numeric: ID 7030,7046,"Neutral Demographic Mix, Partner Inclined",7047,"Diverse Demographics, Average Customer Base"
7031,numeric,Numeric: ID 7031,7046,"Neutral Demographic Mix, Partner Inclined",7047,"Diverse Demographics, Average Customer Base"
7032,numeric,Numeric: ID 7032,7044,"Balanced Demographics, Average Customer",7047,"Diverse Demographics, Average Customer Base"
7033,numeric,Numeric: ID 7033,7045,"Younger, Fewer Partners, Gender Balanced",7048,"Younger, Single Customers: Engagement Focus"
7034,numeric,Numeric: ID 7034,7046,"Neutral Demographic Mix, Partner Inclined",7047,"Diverse Demographics, Average Customer Base"
7035,numeric,Numeric: ID 7035,7046,"Neutral Demographic Mix, Partner Inclined",7047,"Diverse Demographics, Average Customer Base"
7036,numeric,Numeric: ID 7036,7046,"Neutral Demographic Mix, Partner Inclined",7047,"Diverse Demographics, Average Customer Base"
7037,numeric,Numeric: ID 7037,7044,"Balanced Demographics, Average Customer",7047,"Diverse Demographics, Average Customer Base"
7038,numeric,Numeric: ID 7038,7045,"Younger, Fewer Partners, Gender Balanced",7048,"Younger, Single Customers: Engagement Focus"
7039,numeric,Numeric: ID 7039,7046,"Neutral Demographic Mix, Partner Inclined",7047,"Diverse Demographics, Average Customer Base"
7040,numeric,Numeric: ID 7040,7046,"Neutral Demographic Mix, Partner Inclined",7047,"Diverse Demographics, Average Customer Base"
7041,numeric,Numeric: ID 7041,7044,"Balanced Demographics, Average Customer",7047,"Diverse Demographics, Average Customer Base"
7042,numeric,Numeric: ID 7042,7046,"Neutral Demographic Mix, Partner Inclined",7047,"Diverse Demographics, Average Customer Base"
